draft_year,pick,player,cluster,cluster_label,pca_x,pca_y,age_at_draft,height,weight,wingspan,has_combine,pos,ws_first4,surplus
2000,1,Kenyon Martin,0,wings/mid-size,-0.5912031778133587,0.37185458728191456,23.0,78.0,213.2,79.25,True,PF,20.8,3.2015873015873026
2000,2,Stromile Swift,0,wings/mid-size,0.018432698980752754,-0.06001587328475859,21.0,77.75,214.0,82.75,False,PF,13.7,-2.9440476190476197
2000,3,Darius Miles,0,wings/mid-size,0.018432698980752754,-0.06001587328475859,19.0,77.75,214.0,82.75,False,SF,8.7,-7.326666666666668
2000,4,Marcus Fizer,0,wings/mid-size,0.018432698980752754,-0.06001587328475859,22.0,77.75,214.0,82.75,False,PF,2.3,-11.609523809523811
2000,5,Mike Miller,0,wings/mid-size,0.018432698980752754,-0.06001587328475859,20.0,77.75,214.0,82.75,False,SF,17.7,3.758095238095237
2000,6,DerMarr Johnson,0,wings/mid-size,0.018432698980752754,-0.06001587328475859,20.0,77.75,214.0,82.75,False,SF,2.1,-9.633333333333333
2000,7,Chris Mihm,0,wings/mid-size,0.018432698980752754,-0.06001587328475859,21.0,77.75,214.0,82.75,False,C,5.8,-5.440952380952383
2000,8,Jamal Crawford,2,small guards,-1.4749129673363723,-1.3799478920697814,20.0,76.5,175.0,82.0,True,PG,6.6,-3.997142857142858
2000,9,Joel Przybilla,0,wings/mid-size,0.018432698980752754,-0.06001587328475859,21.0,77.75,214.0,82.75,False,C,2.7,-7.266666666666665
2000,10,Keyon Dooling,0,wings/mid-size,0.018432698980752754,-0.06001587328475859,20.0,77.75,214.0,82.75,False,PG,2.0,-7.3533333333333335
2000,11,Jérôme Moïso,0,wings/mid-size,0.018432698980752754,-0.06001587328475859,22.0,77.75,214.0,82.75,False,C,1.9,-7.717142857142857
2000,12,Etan Thomas,0,wings/mid-size,0.018432698980752754,-0.06001587328475859,22.0,77.75,214.0,82.75,False,C,7.4,-1.6999999999999993
2000,13,Courtney Alexander,0,wings/mid-size,0.018432698980752754,-0.06001587328475859,23.0,77.75,214.0,82.75,False,PG,4.1,-4.470476190476191
2000,14,Mateen Cleaves,0,wings/mid-size,0.018432698980752754,-0.06001587328475859,23.0,77.75,214.0,82.75,False,PG,-0.8,-8.731428571428571
2000,15,Jason Collier,0,wings/mid-size,0.018432698980752754,-0.06001587328475859,23.0,77.75,214.0,82.75,False,C,1.9,-5.560952380952381
2000,16,Hedo Türkoğlu,0,wings/mid-size,0.018432698980752754,-0.06001587328475859,21.0,77.75,214.0,82.75,False,SF,17.3,10.040952380952382
2000,17,Desmond Mason,0,wings/mid-size,0.018432698980752754,-0.06001587328475859,23.0,77.75,214.0,82.75,False,SF,17.3,10.075238095238095
2000,18,Quentin Richardson,0,wings/mid-size,0.018432698980752754,-0.06001587328475859,20.0,77.75,214.0,82.75,False,SG,12.0,5.036190476190477
2000,19,Jamaal Magloire,0,wings/mid-size,0.018432698980752754,-0.06001587328475859,22.0,77.75,214.0,82.75,False,C,22.6,14.764761904761906
2000,20,Speedy Claxton,2,small guards,-4.880464234448305,0.44126894510694264,22.0,70.5,166.0,72.0,True,PG,8.2,0.2533333333333321
2000,21,Morris Peterson,0,wings/mid-size,0.018432698980752754,-0.06001587328475859,23.0,77.75,214.0,82.75,False,SG,16.6,8.683809523809526
2000,22,Donnell Harvey,0,wings/mid-size,0.836044251866491,-0.25638934162101534,20.0,79.25,220.0,84.5,True,PF,4.6000000000000005,-2.897142857142856
2000,23,DeShawn Stevenson,0,wings/mid-size,0.018432698980752754,-0.06001587328475859,19.0,77.75,214.0,82.75,False,SG,0.7999999999999999,-6.4799999999999995
2000,24,Dalibor Bagarić,0,wings/mid-size,0.018432698980752754,-0.06001587328475859,20.0,77.75,214.0,82.75,False,C,-0.8999999999999999,-7.777142857142858
2000,25,Jake Tsakalidis,0,wings/mid-size,0.018432698980752754,-0.06001587328475859,21.0,77.75,214.0,82.75,False,C,6.199999999999999,-0.8285714285714301
2000,26,Mamadou N'Diaye,0,wings/mid-size,0.018432698980752754,-0.06001587328475859,25.0,77.75,214.0,82.75,False,C,1.7000000000000002,-4.973333333333334
2000,27,Primož Brezec,1,bigs,2.959112745109987,-0.2383495987924627,21.0,84.75,243.0,86.0,True,C,0.5,-5.797894736842105
2000,28,Erick Barkley,0,wings/mid-size,0.018432698980752754,-0.06001587328475859,22.0,77.75,214.0,82.75,False,PG,0.1,-6.543609022556392
2000,29,Mark Madsen,1,bigs,1.4582688053920043,0.3187105572397288,25.0,80.0,236.5,84.5,True,PF,6.800000000000001,0.8154385964912283
2000,30,Marko Jarić,0,wings/mid-size,-0.24857750771611783,-0.07062068178579235,22.0,78.5,210.0,81.0,True,SF,3.4,-1.4245614035087724
2000,31,Dan Langhi,0,wings/mid-size,-0.22827263469314557,-0.7576464114551763,23.0,81.0,197.5,80.0,True,SF,0.2,-4.326466165413533
2000,32,A.J. Guyton,2,small guards,-3.4475318404722644,-0.012864977245174675,22.0,72.75,175.0,75.75,True,PG,0.3,-3.989523809523809
2000,33,Jake Voskuhl,0,wings/mid-size,0.018432698980752754,-0.06001587328475859,23.0,77.75,214.0,82.75,False,C,8.5,4.671428571428572
2000,34,Khalid El-Amin,2,small guards,-3.993205289043651,1.8038331185170684,21.0,69.0,200.0,73.5,True,PG,0.6,-3.046666666666666
2000,35,Mike Smith,0,wings/mid-size,-0.6728434076854303,-0.48785346391032886,24.0,78.5,198.0,80.5,True,SF,-0.1,-4.09047619047619
2000,36,Soumaila Samake,0,wings/mid-size,0.018432698980752754,-0.06001587328475859,22.0,77.75,214.0,82.75,False,C,0.3,-4.134285714285714
2000,37,Eddie House,2,small guards,-3.671947354292278,0.2117650868791282,22.0,71.75,176.5,75.5,True,PG,2.7,-1.6038095238095238
2000,38,Eduardo Nájera,0,wings/mid-size,0.8891611045354472,0.5714196908075626,24.0,78.5,234.5,83.5,True,PF,10.2,6.116190476190476
2000,39,Lavor Postell,0,wings/mid-size,-0.9190628198845965,0.053203156202683344,22.0,76.5,205.0,80.5,True,SG,-0.3,-4.3238095238095235
2000,40,Hanno Möttölä,0,wings/mid-size,0.018432698980752754,-0.06001587328475859,24.0,77.75,214.0,82.75,False,SF,0.9,-2.976190476190476
2000,41,Chris Carrawell,0,wings/mid-size,0.018432698980752754,-0.06001587328475859,21.0,77.75,214.0,82.75,False,SG,0.0,-3.3819047619047615
2000,42,Olumide Oyedeji,0,wings/mid-size,0.018432698980752754,-0.06001587328475859,19.0,77.75,214.0,82.75,False,C,1.1,-2.0990476190476186
2000,43,Michael Redd,0,wings/mid-size,-0.5228964127182578,0.31635984621274627,21.0,76.75,214.0,81.0,True,SG,22.2,19.054285714285715
2000,44,Brian Cardinal,0,wings/mid-size,0.018432698980752754,-0.06001587328475859,23.0,77.75,214.0,82.75,False,PF,7.4,4.472380952380952
2000,45,Jabari Smith,1,bigs,2.3213798876291434,-0.026520293561314676,23.0,81.75,240.5,86.5,True,C,0.7,-1.9990476190476192
2000,46,DeeAndre Hulett,0,wings/mid-size,0.018432698980752754,-0.06001587328475859,21.0,77.75,214.0,82.75,False,SG,0.0,-2.4657142857142857
2000,47,Josip Sesar,0,wings/mid-size,0.018432698980752754,-0.06001587328475859,21.0,77.75,214.0,82.75,False,SG,0.0,-2.56
2000,48,Mark Karcher,0,wings/mid-size,-0.7607008084928925,0.7170337476749032,21.0,76.0,218.0,80.0,True,SG,0.0,-2.3533333333333335
2000,49,Jason Hart,2,small guards,-2.6481775422002785,-0.2160851323132407,22.0,73.75,181.0,78.0,True,PG,2.2,0.04190476190476211
2000,50,Kaniel Dickens,0,wings/mid-size,0.018432698980752754,-0.06001587328475859,22.0,77.75,214.0,82.75,False,PF,0.0,-1.9266666666666665
2000,51,Igor Rakočević,2,small guards,-2.537671303581481,-0.08377649336797806,22.0,74.5,184.0,77.25,True,PG,0.1,-1.5295238095238093
2000,52,Ernest Brown,1,bigs,1.6482174283937328,-0.6134852967493855,21.0,82.0,222.5,85.25,True,C,-0.2,-1.4276190476190476
2000,53,Dan McClintock,1,bigs,2.676129723629378,0.34159119131928345,23.0,83.0,250.0,85.5,True,C,0.0,-0.936190476190476
2000,54,Cory Hightower,0,wings/mid-size,-0.8496062808738677,-1.3245048414086678,21.0,77.5,183.0,83.0,True,SG,0.0,-0.8266666666666668
2000,55,Chris Porter,0,wings/mid-size,-0.2660493478560355,0.1493257431463131,22.0,77.5,214.0,81.5,True,SF,0.2,-0.41619047619047617
2000,56,Jaquay Walls,2,small guards,-3.830165758501002,-0.28609140529878235,21.0,73.25,165.5,74.5,True,SG,0.0,-0.6047619047619047
2000,57,Scoonie Penn,0,wings/mid-size,0.018432698980752754,-0.06001587328475859,21.0,77.75,214.0,82.75,False,SG,0.0,-0.5459383753501401
2000,58,Pete Mickeal,0,wings/mid-size,-0.15443679111797548,0.538836999940293,21.0,77.0,222.0,81.5,True,SG,0.0,-0.7651050420168067
2001,1,Kwame Brown,1,bigs,2.170314295909567,0.25590602367502757,19.0,82.0,243.0,85.0,True,PF,8.8,-8.798412698412697
2001,2,Tyson Chandler,1,bigs,2.3411484462322174,-0.9929166783569655,19.0,83.5,224.0,87.0,True,C,15.9,-0.7440476190476186
2001,3,Pau Gasol,0,wings/mid-size,0.018432698980752754,-0.06001587328475859,21.0,77.75,214.0,82.75,False,PF,31.0,14.973333333333333
2001,4,Eddy Curry,1,bigs,4.896978791474231,1.7711059756048757,19.0,82.5,301.0,90.5,True,C,12.6,-1.3095238095238102
2001,5,Jason Richardson,0,wings/mid-size,-0.09168083240112755,-0.07892795639806388,21.0,76.75,213.0,83.5,True,SG,17.5,3.5580952380952375
2001,6,Shane Battier,0,wings/mid-size,0.938350884835228,0.265263164916567,23.0,80.25,229.0,82.5,True,SF,24.7,12.966666666666667
2001,7,Eddie Griffin,1,bigs,1.7905471000433502,-0.7859384015196749,19.0,81.25,222.0,87.0,True,PF,9.5,-1.7409523809523826
2001,8,DeSagana Diop,1,bigs,5.147125276042573,2.3640149138114364,20.0,82.0,314.0,90.5,True,C,0.5,-10.097142857142858
2001,9,Rodney White,1,bigs,1.3447522374277052,0.7890458161412517,21.0,79.5,243.0,83.5,True,SF,1.7,-8.266666666666666
2001,10,Joe Johnson,0,wings/mid-size,0.2497519252359773,0.5482144154675433,20.0,78.75,226.0,81.0,True,SG,16.7,7.346666666666666
2001,11,Kedrick Brown,0,wings/mid-size,0.018432698980752754,-0.06001587328475859,20.0,77.75,214.0,82.75,False,SF,3.0,-6.617142857142857
2001,12,Vladimir Radmanović,0,wings/mid-size,0.018432698980752754,-0.06001587328475859,21.0,77.75,214.0,82.75,False,PF,12.7,3.5999999999999996
2001,13,Richard Jefferson,0,wings/mid-size,0.8273801353880225,-0.06342907950780777,21.0,79.25,223.0,84.0,True,SF,28.0,19.429523809523808
2001,14,Troy Murphy,1,bigs,1.3879673269490915,0.04279614833187583,21.0,81.75,230.0,83.0,True,PF,14.4,6.468571428571429
2001,15,Steven Hunter,1,bigs,2.249613073109517,-0.974572568553659,20.0,82.25,224.0,88.0,True,C,5.1,-2.360952380952381
2001,16,Kirk Haston,1,bigs,1.564763889416995,0.5779088334263977,22.0,80.0,242.0,84.25,True,PF,-0.6000000000000001,-7.859047619047619
2001,17,Michael Bradley,1,bigs,1.7087484722389146,-0.40181324357704207,22.0,81.5,227.0,85.5,True,PF,1.8,-5.424761904761906
2001,18,Jason Collins,1,bigs,3.0894807565696736,0.05285325780862147,23.0,82.25,251.0,88.5,True,C,16.5,9.536190476190477
2001,19,Zach Randolph,0,wings/mid-size,0.018432698980752754,-0.06001587328475859,20.0,77.75,214.0,82.75,False,PF,15.5,7.664761904761905
2001,20,Brendan Haywood,1,bigs,4.202345616138237,0.18713478938218203,22.0,83.75,266.0,90.5,True,C,17.1,9.153333333333334
2001,21,Joseph Forte,2,small guards,-1.8387655949646007,-0.023114733057177705,20.0,75.5,193.0,78.5,True,SG,-0.4,-8.316190476190474
2001,22,Jeryl Sasser,0,wings/mid-size,-0.6366161128238862,-0.8061082890353299,22.0,77.5,194.0,82.5,True,SG,0.7000000000000001,-6.797142857142856
2001,23,Brandon Armstrong,2,small guards,-1.4265926837350582,-0.6520423340637117,21.0,75.5,188.0,81.5,True,SG,-0.6,-7.879999999999999
2001,24,Raül López,0,wings/mid-size,0.018432698980752754,-0.06001587328475859,21.0,77.75,214.0,82.75,False,PG,2.1,-4.777142857142858
2001,25,Gerald Wallace,0,wings/mid-size,0.018432698980752754,-0.06001587328475859,19.0,77.75,214.0,82.75,False,SF,4.3,-2.7285714285714295
2001,26,Samuel Dalembert,0,wings/mid-size,0.018432698980752754,-0.06001587328475859,20.0,77.75,214.0,82.75,False,C,11.1,4.426666666666666
2001,27,Jamaal Tinsley,2,small guards,-2.094185438062134,0.43153149404277513,23.0,72.75,199.0,79.5,True,PG,12.6,6.302105263157895
2001,28,Tony Parker,0,wings/mid-size,0.018432698980752754,-0.06001587328475859,19.0,77.75,214.0,82.75,False,PG,27.1,20.45639097744361
2001,30,Trenton Hassell,0,wings/mid-size,-1.0658681569564288,0.15616229273526694,22.0,76.25,205.0,80.0,True,SG,8.100000000000001,3.275438596491229
2001,31,Gilbert Arenas,2,small guards,-1.3969223619844144,-0.04438001862140882,20.0,74.25,199.0,81.5,True,PG,23.3,18.773533834586466
2001,32,Omar Cook,2,small guards,-3.0134955059052206,0.4686101606148714,20.0,71.5,189.0,77.5,True,PG,-0.1,-4.3895238095238085
2001,33,Will Solomon,2,small guards,-2.695214211219884,-0.8223526655801,23.0,71.75,172.0,81.5,True,SG,-0.5,-4.328571428571428
2001,34,Terence Morris,0,wings/mid-size,0.018432698980752754,-0.06001587328475859,23.0,77.75,214.0,82.75,False,SF,1.1,-2.546666666666666
2001,35,Brian Scalabrine,1,bigs,1.2431973296533374,0.795725113671401,23.0,80.75,241.0,81.75,True,PF,4.0,0.00952380952380949
2001,36,Jeff Trepagnier,0,wings/mid-size,0.018432698980752754,-0.06001587328475859,22.0,77.75,214.0,82.75,False,SG,-0.2,-4.634285714285714
2001,37,Damone Brown,0,wings/mid-size,0.4197288574933024,-1.0103884478755194,22.0,80.25,202.0,83.75,True,SF,-0.6000000000000001,-4.9038095238095245
2001,38,Mehmet Okur,0,wings/mid-size,0.018432698980752754,-0.06001587328475859,22.0,77.75,214.0,82.75,False,PF,16.7,12.616190476190475
2001,39,Michael Wright,1,bigs,1.3455376519015403,1.0158389278051665,21.0,79.0,247.0,83.5,True,SG,0.0,-4.023809523809524
2001,40,Earl Watson,2,small guards,-2.812526523003519,0.023833379504293435,22.0,72.0,184.0,78.75,True,PG,7.899999999999999,4.023809523809523
2001,41,Jamison Brewer,2,small guards,-2.061420704741357,-0.824305283922687,21.0,74.5,178.0,80.75,True,SG,-0.0999999999999999,-3.4819047619047616
2001,42,Bobby Simmons,0,wings/mid-size,0.9856703431882362,0.5174144623172573,21.0,78.25,235.0,84.25,True,SF,10.4,7.200952380952382
2001,43,Eric Chenowith,1,bigs,3.9631139985989123,0.3001965668108193,21.0,85.0,264.0,88.0,True,SG,0.0,-3.1457142857142855
2001,44,Kyle Hill,0,wings/mid-size,0.018432698980752754,-0.06001587328475859,21.0,77.75,214.0,82.75,False,SG,0.0,-2.927619047619048
2001,45,Sean Lampley,0,wings/mid-size,-0.3396483700104104,0.14410703349662624,22.0,77.5,213.0,81.25,True,SF,1.1,-1.599047619047619
2001,46,Loren Woods,1,bigs,3.6847244140446165,-0.6127625628045253,23.0,84.75,246.0,89.5,True,C,2.7,0.23428571428571443
2001,47,Ousmane Cisse,0,wings/mid-size,0.018432698980752754,-0.06001587328475859,21.0,77.75,214.0,82.75,False,SG,0.0,-2.56
2001,48,Antonis Fotsis,0,wings/mid-size,0.5142285920488963,0.014004482086340225,20.0,81.25,219.0,80.5,True,PF,0.1,-2.2533333333333334
2001,49,Ken Johnson,1,bigs,2.442775157598076,-0.9166089262399598,23.0,82.75,227.0,88.0,True,C,0.0,-2.158095238095238
2001,50,Ruben Boumtje-Boumtje,1,bigs,3.1065598894726736,-0.28048972295544117,23.0,83.5,245.0,88.0,True,C,0.2,-1.7266666666666666
2001,51,Alton Ford,1,bigs,2.1020358786095907,1.9738036887822505,20.0,80.25,271.0,82.5,True,PF,0.8,-0.8295238095238093
2001,52,Andre Hutson,1,bigs,1.5834138512676652,0.6981520759901643,21.0,80.25,244.0,83.75,True,SG,0.0,-1.2276190476190476
2001,53,Jarron Collins,1,bigs,2.6217506670250375,0.4344476869558133,23.0,81.25,252.0,87.0,True,C,9.3,8.363809523809525
2001,54,Kenny Satterfield,2,small guards,-3.227127481246057,-0.11060540412807139,20.0,73.0,176.0,76.5,True,PG,-1.2,-2.026666666666667
2001,55,Maurice Jeffers,0,wings/mid-size,0.018432698980752754,-0.06001587328475859,21.0,77.75,214.0,82.75,False,SG,0.0,-0.6161904761904762
2001,56,Robertas Javtokas,0,wings/mid-size,0.018432698980752754,-0.06001587328475859,21.0,77.75,214.0,82.75,False,SG,0.0,-0.6047619047619047
2001,57,Alvin Jones,0,wings/mid-size,0.018432698980752754,-0.06001587328475859,23.0,77.75,214.0,82.75,False,C,0.1,-0.44593837535014014
2001,58,Bryan Bracey,0,wings/mid-size,0.018432698980752754,-0.06001587328475859,21.0,77.75,214.0,82.75,False,SG,0.0,-0.7651050420168067
2002,1,Yao Ming,0,wings/mid-size,0.018432698980752754,-0.06001587328475859,22.0,77.75,214.0,82.75,False,C,39.4,21.8015873015873
2002,2,Jay Williams,2,small guards,-2.993916522397735,0.9816206141368621,21.0,72.25,197.0,75.5,True,PG,0.8,-15.844047619047618
2002,3,Mike Dunleavy,0,wings/mid-size,0.6356833869761774,0.5507451442629845,22.0,80.0,230.0,81.0,True,SF,15.8,-0.22666666666666657
2002,4,Drew Gooden,1,bigs,1.360116934200055,-0.16385748724495025,21.0,80.75,227.0,84.5,True,SF,18.7,4.7904761904761894
2002,5,Nikoloz Tskitishvili,0,wings/mid-size,0.018432698980752754,-0.06001587328475859,19.0,77.75,214.0,82.75,False,SF,-1.6,-15.541904761904762
2002,6,Dajuan Wagner,2,small guards,-3.270055356401482,0.967592462269924,19.0,72.75,193.0,74.0,True,SG,-2.775557561562892e-17,-11.733333333333333
2002,7,Nenê,1,bigs,2.924810872121006,0.26236226344135327,20.0,81.25,253.0,88.5,True,C,14.2,2.9590476190476167
2002,8,Chris Wilcox,0,wings/mid-size,1.0924986094917957,-0.5368200005194058,20.0,80.25,218.0,85.0,True,PF,8.9,-1.6971428571428575
2002,9,Amar'e Stoudemire,1,bigs,1.7007979666427906,-0.06504691944707466,20.0,80.5,233.0,85.75,True,PF,25.3,15.333333333333336
2002,10,Caron Butler,0,wings/mid-size,0.2677219654837688,0.22311290361073305,22.0,77.25,222.0,83.5,True,SF,18.8,9.446666666666667
2002,11,Jared Jeffries,1,bigs,1.7183416103741989,-0.2020062947320253,21.0,82.0,230.0,84.5,True,SF,6.6,-3.017142857142858
2002,12,Melvin Ely,1,bigs,2.4178173226904422,-0.1635125716987748,24.0,81.0,240.0,88.0,True,C,3.3,-5.8
2002,13,Marcus Haislip,0,wings/mid-size,1.047070883731885,-0.3049755684074642,22.0,80.5,221.0,84.0,True,PF,0.3999999999999999,-8.17047619047619
2002,14,Fred Jones,0,wings/mid-size,-0.411571070346159,0.37392290441810666,23.0,74.25,218.0,84.0,True,SG,11.4,3.468571428571429
2002,15,Boštjan Nachbar,0,wings/mid-size,0.018432698980752754,-0.06001587328475859,22.0,77.75,214.0,82.75,False,SF,2.5,-4.960952380952381
2002,16,Jiří Welsch,0,wings/mid-size,0.018432698980752754,-0.06001587328475859,23.0,77.75,214.0,82.75,False,SF,5.7,-1.559047619047619
2002,17,Juan Dixon,0,wings/mid-size,0.018432698980752754,-0.06001587328475859,24.0,77.75,214.0,82.75,False,PG,4.7,-2.524761904761905
2002,18,Curtis Borchardt,1,bigs,2.472196379294783,-0.2563690673353046,22.0,82.75,238.0,86.5,True,C,0.9,-6.063809523809523
2002,19,Ryan Humphrey,0,wings/mid-size,0.5522758159120474,0.0967583368268162,23.0,78.0,223.0,84.0,True,PF,-0.4,-8.235238095238095
2002,20,Kareem Rush,0,wings/mid-size,-0.8008214864441457,-0.40021567792348606,22.0,76.75,199.0,81.75,True,PG,0.8,-7.146666666666667
2002,21,Qyntel Woods,0,wings/mid-size,0.12815352312571557,-0.15450034600341064,21.0,79.0,213.0,82.0,True,PF,1.3,-6.616190476190475
2002,22,Casey Jacobsen,0,wings/mid-size,0.018432698980752754,-0.06001587328475859,21.0,77.75,214.0,82.75,False,SF,6.5,-0.9971428571428564
2002,23,Tayshaun Prince,0,wings/mid-size,0.018432698980752754,-0.06001587328475859,22.0,77.75,214.0,82.75,False,SF,24.7,17.42
2002,24,Nenad Krstić,0,wings/mid-size,0.018432698980752754,-0.06001587328475859,19.0,77.75,214.0,82.75,False,PF,9.8,2.9228571428571435
2002,25,Frank Williams,2,small guards,-1.47715016084118,0.7933313626490535,22.0,73.5,212.0,80.0,True,PG,-2.775557561562892e-17,-7.028571428571429
2002,26,John Salmons,0,wings/mid-size,-0.32232013705347334,-0.24181349072978894,23.0,77.5,207.0,82.25,True,PG,5.8,-0.873333333333334
2002,27,Chris Jefferies,0,wings/mid-size,0.018432698980752754,-0.06001587328475859,22.0,77.75,214.0,82.75,False,SF,-0.5,-6.797894736842105
2002,28,Dan Dickau,0,wings/mid-size,0.018432698980752754,-0.06001587328475859,24.0,77.75,214.0,82.75,False,PG,3.9,-2.743609022556392
2002,30,Steve Logan,2,small guards,-3.9004199906187074,2.2086657258567883,21.0,70.0,207.0,71.75,True,SG,0.0,-4.824561403508772
2002,31,Roger Mason,0,wings/mid-size,0.018432698980752754,-0.06001587328475859,22.0,77.75,214.0,82.75,False,SF,0.2,-4.326466165413533
2002,32,Robert Archibald,1,bigs,2.1348006119303675,0.7179669108167883,22.0,82.0,250.0,83.75,True,PF,0.0,-4.289523809523809
2002,33,Vincent Yarbrough,0,wings/mid-size,-0.04782393558888675,-0.7643586118378348,21.0,77.5,202.0,84.5,True,SG,1.0,-2.8285714285714283
2002,34,Dan Gadzuric,0,wings/mid-size,0.018432698980752754,-0.06001587328475859,24.0,77.75,214.0,82.75,False,C,12.6,8.953333333333333
2002,35,Carlos Boozer,1,bigs,2.320189487285249,0.977132284150948,21.0,79.75,258.0,86.25,True,PF,22.9,18.909523809523808
2002,36,Milos Vujanic,0,wings/mid-size,0.018432698980752754,-0.06001587328475859,21.0,77.75,214.0,82.75,False,SG,0.0,-4.434285714285714
2002,37,David Andersen,0,wings/mid-size,0.018432698980752754,-0.06001587328475859,21.0,77.75,214.0,82.75,False,SG,0.0,-4.303809523809524
2002,38,Tito Maddox,2,small guards,-2.030213243322509,0.5384819472512622,21.0,75.0,200.0,77.0,True,SG,0.0,-4.083809523809523
2002,39,Rod Grizzard,0,wings/mid-size,-0.27892775106964035,-1.123627751648672,21.0,78.0,193.0,84.0,True,SG,0.0,-4.023809523809524
2002,40,Juan Carlos Navarro,0,wings/mid-size,0.018432698980752754,-0.06001587328475859,21.0,77.75,214.0,82.75,False,SG,0.0,-3.8761904761904757
2002,41,Mario Kasun,1,bigs,2.7511222782689764,0.9359607174063067,22.0,83.75,260.0,83.5,True,C,0.8999999999999999,-2.4819047619047616
2002,42,Ronald Murray,2,small guards,-1.6544112341374912,0.06183507207541942,23.0,75.0,197.0,79.5,True,SG,1.7999999999999998,-1.3990476190476189
2002,43,Jason Jennings,1,bigs,3.7130730069015274,-0.511264014152404,21.0,83.25,249.0,91.0,True,SG,0.0,-3.1457142857142855
2002,44,Lonny Baxter,1,bigs,2.0186283075454607,1.5198168813460824,24.0,78.25,264.0,85.5,True,C,2.9,-0.027619047619047876
2002,45,Sam Clancy,1,bigs,1.6385402080338165,0.44756294996657736,21.0,78.25,242.0,86.75,True,SG,0.0,-2.699047619047619
2002,46,Matt Barnes,0,wings/mid-size,0.2497519252359773,0.5482144154675433,22.0,78.75,226.0,81.0,True,SF,2.1,-0.36571428571428566
2002,47,Jamal Sampson,0,wings/mid-size,0.018432698980752754,-0.06001587328475859,19.0,77.75,214.0,82.75,False,PF,1.1,-1.46
2002,48,Chris Owens,1,bigs,1.0684697962409777,0.6090435649800037,23.0,79.0,237.0,83.5,True,SF,0.0,-2.3533333333333335
2002,49,Peter Fehse,1,bigs,1.4412737547136363,-0.608801657557188,21.0,82.0,220.0,84.5,True,SG,0.0,-2.158095238095238
2002,50,Darius Songaila,1,bigs,1.6470270280498385,0.390167280962877,24.0,80.0,240.0,85.0,True,PF,9.4,7.473333333333334
2002,51,Federico Kammerichs,0,wings/mid-size,0.018432698980752754,-0.06001587328475859,21.0,77.75,214.0,82.75,False,SG,0.0,-1.6295238095238094
2002,52,Marcus Taylor,2,small guards,-3.088593553415776,0.09279227728451002,21.0,73.0,181.0,76.5,True,SG,0.0,-1.2276190476190476
2002,53,Rasual Butler,0,wings/mid-size,0.0246687684462259,-1.016342520036865,23.0,78.75,198.0,84.0,True,SG,5.1,4.163809523809523
2002,54,Tamar Slay,0,wings/mid-size,0.07141822309986989,-0.742023185358625,22.0,78.75,203.0,83.5,True,SG,-0.3,-1.1266666666666667
2002,55,Mladen Sekularac,0,wings/mid-size,0.018432698980752754,-0.06001587328475859,21.0,77.75,214.0,82.75,False,SG,0.0,-0.6161904761904762
2002,56,Luis Scola,0,wings/mid-size,0.018432698980752754,-0.06001587328475859,21.0,77.75,214.0,82.75,False,SG,0.0,-0.6047619047619047
2002,57,Randy Holcomb,0,wings/mid-size,1.0113417889782146,-0.09187583020716798,23.0,79.0,225.0,85.0,True,SF,0.0,-0.5459383753501401
2002,58,Corsley Edwards,1,bigs,2.3157396575419167,2.636006303172348,23.0,79.25,285.0,82.75,True,C,0.1,-0.6651050420168068
2003,1,LeBron James,1,bigs,1.482821654429579,0.7960598920747209,19.0,79.25,245.0,84.25,True,SG,49.400000000000006,31.801587301587308
2003,2,Darko Miličić,1,bigs,3.4286627636562295,-0.21893534807417758,18.0,83.5,250.0,89.0,True,C,4.1,-12.54404761904762
2003,3,Carmelo Anthony,0,wings/mid-size,0.884364535467805,0.4715162163850541,19.0,78.25,233.0,84.0,True,SF,27.7,11.673333333333332
2003,4,Chris Bosh,1,bigs,2.1855353854989357,-0.862971379005484,19.0,82.25,225.0,87.5,True,C,32.4,18.490476190476187
2003,5,Dwyane Wade,0,wings/mid-size,-0.4771477833129198,0.11492492028560719,22.0,75.75,212.0,82.75,True,PG,38.8,24.858095238095235
2003,6,Chris Kaman,1,bigs,2.52033936643365,0.6071010837802723,21.0,83.5,252.0,83.75,True,C,11.1,-0.6333333333333329
2003,7,Kirk Hinrich,2,small guards,-2.289560158789217,-0.14083738396835846,23.0,74.75,186.0,78.0,True,PG,29.0,17.759047619047617
2003,8,T.J. Ford,2,small guards,-4.973034122098777,0.28539748670868675,20.0,71.0,162.0,71.5,True,PG,7.5,-3.097142857142858
2003,9,Mike Sweetney,0,wings/mid-size,0.018432698980752754,-0.06001587328475859,21.0,77.75,214.0,82.75,False,PF,7.7,-2.266666666666665
2003,10,Jarvis Hayes,0,wings/mid-size,0.018432698980752754,-0.06001587328475859,22.0,77.75,214.0,82.75,False,SF,4.4,-4.953333333333333
2003,11,Mickaël Piétrus,0,wings/mid-size,0.018432698980752754,-0.06001587328475859,21.0,77.75,214.0,82.75,False,PG,7.800000000000001,-1.8171428571428567
2003,12,Nick Collison,1,bigs,2.319475876402904,0.8333262221341878,23.0,80.75,255.0,85.5,True,C,10.8,1.700000000000001
2003,13,Marcus Banks,0,wings/mid-size,0.018432698980752754,-0.06001587328475859,22.0,77.75,214.0,82.75,False,PG,5.3,-3.2704761904761908
2003,14,Luke Ridnour,2,small guards,-3.7518419708704753,-0.2639562708737414,22.0,73.0,167.0,75.0,True,PG,13.3,5.368571428571429
2003,15,Reece Gaines,0,wings/mid-size,0.018432698980752754,-0.06001587328475859,23.0,77.75,214.0,82.75,False,PG,-0.6,-8.060952380952381
2003,16,Troy Bell,2,small guards,-3.244992028622892,-0.004055535027923284,23.0,72.25,178.0,77.0,True,PG,-0.2,-7.459047619047619
2003,17,Žarko Čabarkapa,0,wings/mid-size,0.018432698980752754,-0.06001587328475859,22.0,77.75,214.0,82.75,False,PF,1.2,-6.024761904761905
2003,18,David West,1,bigs,1.9107519696683883,-0.6723744564860576,23.0,80.25,226.0,88.25,True,PF,15.6,8.636190476190476
2003,19,Sasha Pavlović,0,wings/mid-size,0.018432698980752754,-0.06001587328475859,20.0,77.75,214.0,82.75,False,SF,5.300000000000001,-2.5352380952380944
2003,20,Dahntay Jones,0,wings/mid-size,-0.5228964127182578,0.31635984621274627,23.0,76.75,214.0,81.0,True,SG,1.7999999999999998,-6.146666666666667
2003,21,Boris Diaw,0,wings/mid-size,0.018432698980752754,-0.06001587328475859,21.0,77.75,214.0,82.75,False,SG,14.4,6.4838095238095255
2003,22,Zoran Planinić,0,wings/mid-size,0.018432698980752754,-0.06001587328475859,21.0,77.75,214.0,82.75,False,SG,1.6,-5.897142857142857
2003,23,Travis Outlaw,0,wings/mid-size,0.018432698980752754,-0.06001587328475859,19.0,77.75,214.0,82.75,False,PF,4.6,-2.6799999999999997
2003,24,Brian Cook,1,bigs,1.9944804443779456,-0.1879781428650869,23.0,81.5,234.0,86.0,True,C,9.4,2.522857142857143
2003,25,Carlos Delfino,0,wings/mid-size,0.018432698980752754,-0.06001587328475859,21.0,77.75,214.0,82.75,False,SG,4.4,-2.628571428571429
2003,26,Ndudi Ebi,0,wings/mid-size,0.018432698980752754,-0.06001587328475859,19.0,77.75,214.0,82.75,False,SF,0.1,-6.573333333333334
2003,27,Kendrick Perkins,0,wings/mid-size,0.018432698980752754,-0.06001587328475859,19.0,77.75,214.0,82.75,False,C,4.5,-1.797894736842105
2003,28,Leandro Barbosa,0,wings/mid-size,0.018432698980752754,-0.06001587328475859,21.0,77.75,214.0,82.75,False,PG,15.7,9.056390977443607
2003,29,Josh Howard,0,wings/mid-size,0.1725086200458302,-0.9450860883678863,23.0,77.25,202.0,86.0,True,SF,25.4,19.415438596491228
2003,30,Maciej Lampe,0,wings/mid-size,0.018432698980752754,-0.06001587328475859,18.0,77.75,214.0,82.75,False,C,-0.2,-5.0245614035087725
2003,31,Jason Kapono,0,wings/mid-size,-0.568965945769023,0.48738526595508286,22.0,78.5,215.0,78.5,True,SF,7.2,2.6735338345864674
2003,32,Luke Walton,0,wings/mid-size,0.6274119777346263,0.8571019622081493,23.0,79.75,235.0,80.5,True,PF,7.9,3.6104761904761915
2003,33,Jerome Beasley,1,bigs,1.6922056537558128,0.2109003923132878,23.0,81.0,237.0,84.5,True,PF,0.0,-3.8285714285714283
2003,34,Sofoklis Schortsanitis,0,wings/mid-size,0.018432698980752754,-0.06001587328475859,21.0,77.75,214.0,82.75,False,SG,0.0,-3.646666666666666
2003,35,Szymon Szewczyk,0,wings/mid-size,0.018432698980752754,-0.06001587328475859,21.0,77.75,214.0,82.75,False,SG,0.0,-3.9904761904761905
2003,36,Mario Austin,0,wings/mid-size,0.018432698980752754,-0.06001587328475859,21.0,77.75,214.0,82.75,False,SG,0.0,-4.434285714285714
2003,37,Travis Hansen,2,small guards,-1.424734640421427,0.13349208785273703,25.0,76.5,200.0,78.5,True,SF,0.2,-4.103809523809524
2003,38,Steve Blake,0,wings/mid-size,0.018432698980752754,-0.06001587328475859,23.0,77.75,214.0,82.75,False,PG,5.9,1.816190476190477
2003,39,Slavko Vraneš,0,wings/mid-size,0.018432698980752754,-0.06001587328475859,21.0,77.75,214.0,82.75,False,C,0.0,-4.023809523809524
2003,40,Derrick Zimmerman,2,small guards,-2.0131722247315333,-0.17938677556377236,22.0,73.0,190.0,81.0,True,PG,0.0,-3.8761904761904757
2003,41,Willie Green,2,small guards,-1.699518056251975,0.3240890103721635,22.0,74.5,201.0,79.25,True,SG,-0.7,-4.081904761904761
2003,42,Zaza Pachulia,0,wings/mid-size,0.018432698980752754,-0.06001587328475859,19.0,77.75,214.0,82.75,False,C,11.9,8.700952380952382
2003,43,Keith Bogans,0,wings/mid-size,-0.6147526894863855,0.30429444983125026,23.0,76.25,213.0,81.25,True,SF,5.4,2.254285714285715
2003,44,Malick Badiane,0,wings/mid-size,0.018432698980752754,-0.06001587328475859,21.0,77.75,214.0,82.75,False,SG,0.0,-2.927619047619048
2003,45,Matt Bonner,1,bigs,1.0323143049709238,1.0102854397521595,23.0,80.5,242.0,80.75,True,C,10.5,7.800952380952381
2003,46,Sani Bečirovič,0,wings/mid-size,0.018432698980752754,-0.06001587328475859,21.0,77.75,214.0,82.75,False,SG,0.0,-2.4657142857142857
2003,47,Mo Williams,2,small guards,-2.738391186429246,0.3084227442802475,21.0,72.75,189.0,77.5,True,SG,8.100000000000001,5.540000000000001
2003,48,James Lang,1,bigs,4.771500563320001,2.705097195877772,20.0,80.25,316.0,90.25,True,C,0.1,-2.2533333333333334
2003,49,James Jones,1,bigs,1.1477685734409278,-0.621435027248683,23.0,79.25,218.0,86.5,True,SF,8.7,6.541904761904761
2003,50,Paccelis Morlende,0,wings/mid-size,0.018432698980752754,-0.06001587328475859,21.0,77.75,214.0,82.75,False,SG,0.0,-1.9266666666666665
2003,51,Kyle Korver,0,wings/mid-size,-0.18410711286861928,-0.06882531550201006,22.0,78.25,211.0,81.5,True,SF,16.799999999999997,15.170476190476188
2003,52,Remon van de Hare,0,wings/mid-size,0.018432698980752754,-0.06001587328475859,21.0,77.75,214.0,82.75,False,SG,0.0,-1.2276190476190476
2003,53,Tommy Smith,0,wings/mid-size,1.0341924805182803,-1.5779290632024494,21.0,81.0,200.0,86.5,True,SG,0.0,-0.936190476190476
2003,54,Nedžad Sinanović,0,wings/mid-size,0.018432698980752754,-0.06001587328475859,21.0,77.75,214.0,82.75,False,SG,0.0,-0.8266666666666668
2003,55,Rick Rickert,0,wings/mid-size,0.018432698980752754,-0.06001587328475859,21.0,77.75,214.0,82.75,False,SG,0.0,-0.6161904761904762
2003,56,Brandon Hunter,1,bigs,2.3585239255143615,1.3918343374800435,23.0,78.5,266.0,86.75,True,PF,0.8,0.19523809523809532
2003,57,Xue Yuyang,0,wings/mid-size,0.018432698980752754,-0.06001587328475859,21.0,77.75,214.0,82.75,False,SG,0.0,-0.5459383753501401
2003,58,Andreas Glyniadakis,0,wings/mid-size,0.018432698980752754,-0.06001587328475859,22.0,77.75,214.0,82.75,False,C,-0.2,-0.9651050420168068
2004,1,Dwight Howard,1,bigs,2.5096017958670798,-0.23443422496443359,19.0,81.0,240.0,88.5,True,PF,38.5,20.901587301587302
2004,2,Emeka Okafor,1,bigs,2.8338118134182038,0.5600770283709269,22.0,80.75,257.0,88.0,True,PF,17.9,1.2559523809523796
2004,3,Ben Gordon,2,small guards,-2.0495431267760584,-0.027106049733081145,21.0,73.0,192.0,80.5,True,SG,21.6,5.573333333333334
2004,4,Shaun Livingston,0,wings/mid-size,-0.6014233324901138,-1.2985786823618932,19.0,78.25,186.0,83.0,True,PG,3.8,-10.109523809523811
2004,5,Devin Harris,2,small guards,-2.6775987638969854,-0.8763249912178959,21.0,73.75,170.0,79.5,True,PG,18.5,4.5580952380952375
2004,6,Josh Childress,0,wings/mid-size,-0.4343972046199412,-0.8277083530028809,21.0,77.75,196.0,83.0,True,SG,23.4,11.666666666666666
2004,7,Luol Deng,0,wings/mid-size,0.781023387971296,-0.22435185835409058,19.0,79.0,220.0,84.5,True,SF,25.200000000000003,13.95904761904762
2004,8,Rafael Araújo,0,wings/mid-size,0.018432698980752754,-0.06001587328475859,24.0,77.75,214.0,82.75,False,C,-0.4,-10.997142857142858
2004,9,Andre Iguodala,0,wings/mid-size,0.14744529226724018,0.02656190892996085,21.0,77.75,217.0,83.0,True,SG,31.4,21.433333333333334
2004,10,Luke Jackson,0,wings/mid-size,-0.3949901375510326,0.14573501057874855,23.0,78.0,212.0,80.5,True,SF,0.2,-9.153333333333334
2004,11,Andris Biedriņš,0,wings/mid-size,0.018432698980752754,-0.06001587328475859,18.0,77.75,214.0,82.75,False,C,18.8,9.182857142857143
2004,12,Robert Swift,0,wings/mid-size,0.018432698980752754,-0.06001587328475859,19.0,77.75,214.0,82.75,False,C,0.9000000000000001,-8.2
2004,13,Sebastian Telfair,0,wings/mid-size,0.018432698980752754,-0.06001587328475859,19.0,77.75,214.0,82.75,False,PG,1.4,-7.17047619047619
2004,14,Kris Humphries,1,bigs,1.5548498476362838,0.34769237839657835,19.0,80.25,238.0,84.5,True,PF,3.2,-4.731428571428571
2004,15,Al Jefferson,1,bigs,2.669678243389434,1.0489566891299256,20.0,80.5,263.0,86.5,True,PF,19.3,11.83904761904762
2004,16,Kirk Snyder,0,wings/mid-size,0.14010290468250483,0.7256859378333502,21.0,78.0,228.0,81.0,True,SG,4.5,-2.759047619047619
2004,17,Josh Smith,0,wings/mid-size,0.7169457003607149,-0.11275066880591551,19.0,79.0,221.0,84.0,True,SF,16.2,8.975238095238094
2004,18,J.R. Smith,0,wings/mid-size,0.18592333767933308,0.6072380615533659,19.0,77.5,227.0,82.0,True,SG,8.8,1.8361904761904775
2004,19,Dorell Wright,0,wings/mid-size,0.018432698980752754,-0.06001587328475859,19.0,77.75,214.0,82.75,False,SF,4.2,-3.635238095238095
2004,20,Jameer Nelson,2,small guards,-3.3971762170948723,1.3650104095678361,22.0,71.0,199.0,74.5,True,PG,17.0,9.053333333333333
2004,21,Pavel Podkolzin,1,bigs,5.915132930745287,1.3180978627299003,20.0,87.5,303.0,89.75,True,C,-0.1,-8.016190476190475
2004,22,Viktor Khryapa,0,wings/mid-size,0.018432698980752754,-0.06001587328475859,22.0,77.75,214.0,82.75,False,SF,2.0,-5.497142857142856
2004,23,Sergei Monia,0,wings/mid-size,0.018432698980752754,-0.06001587328475859,21.0,77.75,214.0,82.75,False,SF,-0.2,-7.4799999999999995
2004,24,Delonte West,2,small guards,-2.647784834963361,-0.10268857648128352,21.0,73.5,183.0,78.0,True,SG,11.6,4.722857142857142
2004,25,Tony Allen,0,wings/mid-size,-0.7980007321942328,0.47654726254737023,23.0,75.5,214.0,81.0,True,SG,9.0,1.9714285714285706
2004,26,Kevin Martin,0,wings/mid-size,0.018432698980752754,-0.06001587328475859,21.0,77.75,214.0,82.75,False,PG,24.2,17.526666666666664
2004,27,Sasha Vujačić,2,small guards,-1.5821676301563155,-0.1375712926612585,20.0,77.5,193.0,77.5,True,SG,7.6,1.3021052631578947
2004,28,Beno Udrih,2,small guards,-2.259746229855593,0.6327990307682542,22.0,74.5,199.0,76.5,True,PG,7.8,1.1563909774436079
2004,29,David Harrison,0,wings/mid-size,0.018432698980752754,-0.06001587328475859,22.0,77.75,214.0,82.75,False,C,3.1,-2.8845614035087723
2004,30,Anderson Varejão,0,wings/mid-size,0.018432698980752754,-0.06001587328475859,22.0,77.75,214.0,82.75,False,PF,14.3,9.475438596491228
2004,31,Jackson Vroman,1,bigs,1.3506674032477513,-0.19769033679565723,23.0,81.25,226.0,84.0,True,C,0.0,-4.526466165413533
2004,32,Peter John Ramos,0,wings/mid-size,0.018432698980752754,-0.06001587328475859,19.0,77.75,214.0,82.75,False,C,0.0,-4.289523809523809
2004,33,Lionel Chalmers,0,wings/mid-size,0.018432698980752754,-0.06001587328475859,24.0,77.75,214.0,82.75,False,PG,-0.2,-4.0285714285714285
2004,34,Donta Smith,0,wings/mid-size,0.018432698980752754,-0.06001587328475859,21.0,77.75,214.0,82.75,False,SG,0.5,-3.146666666666666
2004,35,Andre Emmett,0,wings/mid-size,-0.7425871610621204,0.5579063351124028,22.0,75.5,216.0,81.0,True,SG,0.0,-3.9904761904761905
2004,36,Antonio Burks,2,small guards,-2.6644712606294436,0.3440509601147367,24.0,72.0,191.0,78.5,True,PG,0.0999999999999999,-4.3342857142857145
2004,37,Royal Ivey,0,wings/mid-size,0.018432698980752754,-0.06001587328475859,23.0,77.75,214.0,82.75,False,PG,1.7,-2.603809523809524
2004,38,Chris Duhon,2,small guards,-2.6090576894973307,0.42541003267976935,22.0,72.0,193.0,78.5,True,PG,16.4,12.316190476190474
2004,39,Albert Miralles,0,wings/mid-size,0.018432698980752754,-0.06001587328475859,21.0,77.75,214.0,82.75,False,SG,0.0,-4.023809523809524
2004,40,Justin Reed,0,wings/mid-size,0.018432698980752754,-0.06001587328475859,23.0,77.75,214.0,82.75,False,SF,0.5,-3.3761904761904757
2004,41,David Young,0,wings/mid-size,0.018432698980752754,-0.06001587328475859,21.0,77.75,214.0,82.75,False,SG,0.0,-3.3819047619047615
2004,42,Viktor Sanikidze,0,wings/mid-size,0.018432698980752754,-0.06001587328475859,21.0,77.75,214.0,82.75,False,SG,0.0,-3.1990476190476187
2004,43,Trevor Ariza,0,wings/mid-size,0.529947881746139,-1.210028007518876,19.0,79.0,201.0,86.0,True,SF,8.2,5.054285714285713
2004,44,Tim Pickett,2,small guards,-1.3773433784769287,0.46863043490058226,21.0,75.0,207.0,79.5,True,SG,0.0,-2.927619047619048
2004,45,Bernard Robinson,0,wings/mid-size,-0.3955264519709308,-0.1336356445475185,24.0,77.25,208.0,82.0,True,SG,2.1,-0.599047619047619
2004,46,Ha Seung-Jin,0,wings/mid-size,0.018432698980752754,-0.06001587328475859,19.0,77.75,214.0,82.75,False,C,-0.2,-2.665714285714286
2004,47,Pape Sow,1,bigs,1.7466902032311094,-0.1005077460799041,23.0,80.5,233.0,86.0,True,C,0.8999999999999999,-1.6600000000000001
2004,48,Ricky Minard,2,small guards,-1.6634680578528773,0.14139877835666967,21.0,75.25,198.0,79.0,True,SG,0.0,-2.3533333333333335
2004,49,Sergei Lishouk,1,bigs,2.0694729990175436,0.40639138322193663,21.0,82.25,244.0,84.0,True,SG,0.0,-2.158095238095238
2004,50,Vassilis Spanoulis,0,wings/mid-size,0.018432698980752754,-0.06001587328475859,22.0,77.75,214.0,82.75,False,SG,-0.1,-2.0266666666666664
2004,51,Christian Drejer,0,wings/mid-size,0.018432698980752754,-0.06001587328475859,21.0,77.75,214.0,82.75,False,SG,0.0,-1.6295238095238094
2004,52,Romain Sato,0,wings/mid-size,-1.0380558785194163,-0.021709813738878907,21.0,74.0,204.0,83.0,True,SG,0.0,-1.2276190476190476
2004,53,Matt Freije,1,bigs,1.5358071785486958,0.1140525800008546,23.0,80.25,234.0,85.0,True,PF,-0.6,-1.5361904761904759
2004,54,Rickey Paulding,0,wings/mid-size,-0.9821059929674056,0.33901991395242076,21.0,74.75,210.0,81.5,True,SG,0.0,-0.8266666666666668
2004,55,Luis Flores,2,small guards,-2.0660859452591605,0.5856075861572487,23.0,72.5,202.0,79.5,True,PG,0.0,-0.6161904761904762
2004,56,Marcus Douthit,1,bigs,2.056843695857876,-0.919139655035401,21.0,81.5,223.0,88.0,True,SG,0.0,-0.6047619047619047
2004,57,Sergei Karaulov,0,wings/mid-size,0.018432698980752754,-0.06001587328475859,21.0,77.75,214.0,82.75,False,SG,0.0,-0.5459383753501401
2004,58,Blake Stepp,0,wings/mid-size,0.018432698980752754,-0.06001587328475859,21.0,77.75,214.0,82.75,False,SG,0.0,-0.7651050420168067
2004,59,Rashad Wright,2,small guards,-1.9396450061686485,-0.2571551155612404,21.0,72.5,190.0,82.0,True,SG,0.0,-0.7290003501400559
2005,1,Andrew Bogut,1,bigs,2.968107214498924,0.1532339532918168,21.0,83.0,250.6,87.0,True,PF,16.9,-0.6984126984126995
2005,2,Marvin Williams,1,bigs,1.5589258686727807,-0.31630958043141016,19.0,79.0,228.2,87.5,True,PF,16.9,0.2559523809523796
2005,3,Deron Williams,2,small guards,-2.009360094498356,0.6189961174997786,21.0,73.75,202.4,78.25,True,PG,29.700000000000003,13.673333333333336
2005,4,Chris Paul,2,small guards,-3.492710466178238,0.16640191140441463,20.0,71.75,178.0,76.25,True,PG,55.3,41.390476190476186
2005,5,Raymond Felton,2,small guards,-2.954806118959829,1.0689814711171879,21.0,71.5,199.4,76.25,True,PG,12.6,-1.3419047619047628
2005,6,Martell Webster,0,wings/mid-size,0.5515716542947439,0.5070865828227409,19.0,78.0,229.6,83.0,True,SF,5.7,-6.033333333333332
2005,7,Charlie Villanueva,1,bigs,1.635230702941071,0.23008940443311035,21.0,81.0,236.6,84.25,True,PF,12.2,0.9590476190476167
2005,8,Channing Frye,1,bigs,2.3522500589887225,0.1316237521814102,22.0,81.5,243.6,86.5,True,C,8.4,-2.1971428571428575
2005,9,Ike Diogu,1,bigs,2.202508708279121,0.8542487729868827,22.0,78.5,255.4,87.5,True,PF,5.5,-4.466666666666665
2005,10,Andrew Bynum,0,wings/mid-size,0.018432698980752754,-0.06001587328475859,18.0,77.75,214.0,82.75,False,C,14.6,5.246666666666666
2005,11,Fran Vázquez,0,wings/mid-size,0.018432698980752754,-0.06001587328475859,21.0,77.75,214.0,82.75,False,SG,0.0,-9.617142857142857
2005,12,Yaroslav Korolev,0,wings/mid-size,0.018432698980752754,-0.06001587328475859,18.0,77.75,214.0,82.75,False,SF,0.0,-9.1
2005,13,Sean May,1,bigs,1.9937233776992351,1.2476316695090532,21.0,79.0,258.8,85.25,True,PF,2.3000000000000003,-6.27047619047619
2005,14,Rashad McCants,0,wings/mid-size,-1.0020058801203187,-0.20440004575437273,21.0,74.75,201.0,82.75,True,SG,3.6,-4.331428571428571
2005,15,Antoine Wright,0,wings/mid-size,-0.774604276969228,-0.1760010073089597,21.0,77.25,202.6,80.75,True,SG,2.9,-4.560952380952381
2005,16,Joey Graham,0,wings/mid-size,-0.5243859888093964,0.49989498054475634,23.0,77.25,216.6,80.0,True,SF,6.8,-0.45904761904761937
2005,17,Danny Granger,1,bigs,1.2242507041716646,-0.21060063549366959,22.0,79.5,225.4,85.5,True,SF,26.9,19.675238095238093
2005,18,Gerald Green,0,wings/mid-size,-0.7196646659305646,-0.8451598482357239,20.0,78.0,192.0,81.75,True,SG,1.7000000000000002,-5.263809523809523
2005,19,Hakim Warrick,0,wings/mid-size,0.9728637435661217,-0.672551982830573,23.0,79.25,215.0,86.0,True,PF,12.5,4.664761904761905
2005,20,Julius Hodge,0,wings/mid-size,0.06775914931471423,-0.8202976711151815,22.0,78.0,202.2,84.5,True,SG,0.0,-7.946666666666667
2005,21,Nate Robinson,2,small guards,-4.8865230074513315,1.2620309987495422,21.0,67.75,181.0,73.0,True,PG,13.8,5.883809523809526
2005,22,Jarrett Jack,2,small guards,-1.7478288905882475,0.15031776037877856,22.0,74.5,197.6,79.5,True,SG,13.3,5.802857142857144
2005,23,Francisco García,0,wings/mid-size,-0.6576128688310201,-1.0525965585781558,24.0,77.75,189.6,82.75,True,SF,10.6,3.3200000000000003
2005,24,Luther Head,2,small guards,-2.791788316315363,-0.23123511550321268,23.0,74.0,178.8,77.25,True,SG,13.3,6.4228571428571435
2005,25,Johan Petro,0,wings/mid-size,0.018432698980752754,-0.06001587328475859,20.0,77.75,214.0,82.75,False,C,3.3,-3.7285714285714295
2005,26,Jason Maxiell,1,bigs,1.8874462165649573,1.1714294790427975,22.0,77.0,257.6,87.25,True,PF,12.0,5.326666666666666
2005,27,Linas Kleiza,0,wings/mid-size,0.018432698980752754,-0.06001587328475859,21.0,77.75,214.0,82.75,False,PF,12.3,6.002105263157896
2005,28,Ian Mahinmi,0,wings/mid-size,0.018432698980752754,-0.06001587328475859,19.0,77.75,214.0,82.75,False,C,0.2,-6.443609022556392
2005,29,Wayne Simien,1,bigs,1.736162701954668,1.2708597105587265,22.0,79.25,255.8,84.0,True,PF,0.8,-5.184561403508773
2005,30,David Lee,1,bigs,1.117515969357778,0.1369129397946984,22.0,79.75,229.5,84.0,True,SF,26.0,21.175438596491226
2005,31,Salim Stoudamire,0,wings/mid-size,0.018432698980752754,-0.06001587328475859,23.0,77.75,214.0,82.75,False,SG,2.3,-2.226466165413533
2005,32,Daniel Ewing,0,wings/mid-size,0.018432698980752754,-0.06001587328475859,22.0,77.75,214.0,82.75,False,SG,0.8,-3.489523809523809
2005,33,Brandon Bass,1,bigs,1.703475113709723,0.6457419217294716,20.0,78.25,246.0,86.5,True,PF,8.5,4.671428571428572
2005,34,C.J. Miles,0,wings/mid-size,0.018432698980752754,-0.06001587328475859,18.0,77.75,214.0,82.75,False,PG,4.6,0.9533333333333336
2005,35,Ricky Sánchez,0,wings/mid-size,0.018432698980752754,-0.06001587328475859,21.0,77.75,214.0,82.75,False,SG,0.0,-3.9904761904761905
2005,36,Ersan İlyasova,0,wings/mid-size,0.7734466910820071,-0.8824575944175349,18.0,79.75,208.8,85.25,True,PF,1.0,-3.434285714285714
2005,37,Ronny Turiaf,1,bigs,1.6778565729811523,0.2297506478756828,23.0,80.0,237.8,85.5,True,C,11.3,6.996190476190477
2005,38,Travis Diener,2,small guards,-4.673417580013494,0.28399872637913465,23.0,71.75,165.2,71.75,True,PG,5.699999999999999,1.616190476190476
2005,39,Von Wafer,0,wings/mid-size,0.018432698980752754,-0.06001587328475859,20.0,77.75,214.0,82.75,False,SG,1.8,-2.223809523809524
2005,40,Monta Ellis,2,small guards,-3.256644746548679,0.001840687736619879,20.0,74.25,176.6,74.75,True,SG,13.7,9.823809523809523
2005,41,Roko Ukić,0,wings/mid-size,0.018432698980752754,-0.06001587328475859,21.0,77.75,214.0,82.75,False,PG,-0.4,-3.7819047619047614
2005,42,Chris Taft,1,bigs,2.4765879624923657,1.073980096463381,20.0,80.5,261.0,85.75,True,C,0.5,-2.6990476190476187
2005,43,Mile Ilić,0,wings/mid-size,0.018432698980752754,-0.06001587328475859,21.0,77.75,214.0,82.75,False,C,-0.2,-3.3457142857142856
2005,44,Martynas Andriuškevičius,1,bigs,2.1431967298248167,-0.5306844238594358,19.0,85.25,227.8,83.25,True,C,0.0,-2.927619047619048
2005,45,Lou Williams,0,wings/mid-size,0.018432698980752754,-0.06001587328475859,19.0,77.75,214.0,82.75,False,PG,8.8,6.100952380952382
2005,46,Erazem Lorbek,0,wings/mid-size,0.018432698980752754,-0.06001587328475859,21.0,77.75,214.0,82.75,False,SG,0.0,-2.4657142857142857
2005,47,Bracey Wright,2,small guards,-1.8632441282944434,-0.48344208146606654,21.0,73.25,186.8,82.0,True,SG,0.5,-2.06
2005,48,Mickaël Gelabale,0,wings/mid-size,0.018432698980752754,-0.06001587328475859,22.0,77.75,214.0,82.75,False,SF,1.5,-0.8533333333333335
2005,49,Andray Blatche,0,wings/mid-size,0.018432698980752754,-0.06001587328475859,19.0,77.75,214.0,82.75,False,PF,5.0,2.841904761904762
2005,50,Ryan Gomes,1,bigs,1.7221250755603932,0.7659851642932385,23.0,78.5,248.0,86.0,True,PF,14.6,12.673333333333334
2005,51,Robert Whaley,1,bigs,2.6451754700451664,1.4443023411375369,23.0,80.0,269.4,86.0,True,C,0.0,-1.6295238095238094
2005,52,Axel Hervelle,0,wings/mid-size,0.018432698980752754,-0.06001587328475859,21.0,77.75,214.0,82.75,False,SG,0.0,-1.2276190476190476
2005,53,Orien Greene,0,wings/mid-size,0.018432698980752754,-0.06001587328475859,23.0,77.75,214.0,82.75,False,PG,-0.7,-1.636190476190476
2005,54,Dijon Thompson,0,wings/mid-size,-0.5593580168843554,-0.7226150936290863,22.0,78.25,195.8,81.75,True,SG,0.2,-0.6266666666666667
2005,55,Lawrence Roberts,0,wings/mid-size,0.7005464890605935,0.6659370663787241,23.0,79.5,233.0,81.5,True,C,2.5,1.8838095238095238
2005,56,Amir Johnson,0,wings/mid-size,0.018432698980752754,-0.06001587328475859,18.0,77.75,214.0,82.75,False,SF,6.4,5.795238095238096
2005,57,Marcin Gortat,1,bigs,2.356139334297732,-0.9509479215497556,21.0,83.0,225.2,87.5,True,C,3.4,2.8540616246498596
2005,58,Uroš Slokar,0,wings/mid-size,0.018432698980752754,-0.06001587328475859,22.0,77.75,214.0,82.75,False,C,0.1,-0.6651050420168068
2005,59,Cenk Akyol,0,wings/mid-size,0.018432698980752754,-0.06001587328475859,21.0,77.75,214.0,82.75,False,SG,0.0,-0.7290003501400559
2005,60,Alex Acker,0,wings/mid-size,-1.0511833817869582,-1.2420857650715118,23.0,75.75,183.0,84.0,True,SG,-0.2,-1.1085084033613446
2006,1,Andrea Bargnani,0,wings/mid-size,0.018432698980752754,-0.06001587328475859,21.0,77.75,214.0,82.75,False,PF,11.4,-6.198412698412698
2006,2,LaMarcus Aldridge,1,bigs,2.609336774639841,-0.6421222023600598,21.0,82.0,234.0,88.75,True,C,27.9,11.25595238095238
2006,3,Adam Morrison,0,wings/mid-size,-0.39748998815551834,-0.7006184237073052,22.0,78.5,198.0,82.0,True,PF,-1.5,-17.526666666666667
2006,4,Tyrus Thomas,1,bigs,1.2118462610515088,-0.733036216796858,20.0,79.25,217.0,87.0,True,PF,11.8,-2.109523809523809
2006,5,Shelden Williams,1,bigs,2.6323065160966035,0.7254831543552377,23.0,79.5,258.0,88.25,True,PF,5.9,-8.041904761904762
2006,6,Brandon Roy,0,wings/mid-size,-0.7903711302435363,0.10937143223260032,22.0,77.25,207.0,80.0,True,SG,35.4,23.666666666666664
2006,7,Randy Foye,2,small guards,-1.6333332252738255,0.9454446992780849,23.0,74.25,212.0,78.25,True,PG,8.7,-2.5409523809523833
2006,8,Rudy Gay,1,bigs,1.2953593249865951,-0.49760105211735184,20.0,79.0,222.0,87.0,True,SF,15.2,4.602857142857141
2006,9,Patrick O'Bryant,1,bigs,3.4285909600647395,-0.30192239772133217,20.0,83.0,249.0,89.75,True,C,0.5,-9.466666666666665
2006,10,Mouhamed Sene,1,bigs,3.6009241357435693,-1.1801459260726508,20.0,83.0,237.0,92.5,True,C,0.4,-8.953333333333333
2006,11,JJ Redick,2,small guards,-2.4084432995205223,0.25176243778820595,22.0,76.0,190.0,75.25,True,PG,11.0,1.3828571428571426
2006,12,Hilton Armstrong,1,bigs,2.5278590504808323,-0.2275875382326243,22.0,81.5,240.0,88.0,True,C,3.1,-6.0
2006,13,Thabo Sefolosha,0,wings/mid-size,0.018432698980752754,-0.06001587328475859,22.0,77.75,214.0,82.75,False,SG,8.5,-0.07047619047619058
2006,14,Ronnie Brewer,0,wings/mid-size,0.35957824225189644,0.23517829999222914,21.0,77.75,223.0,83.25,True,SG,20.0,12.068571428571428
2006,15,Cedric Simmons,1,bigs,1.8276316129702197,-0.7944130653336064,21.0,80.25,223.0,88.25,True,PF,0.0999999999999999,-7.360952380952381
2006,16,Rodney Carney,0,wings/mid-size,-0.6714161859207408,-0.20024133987680923,22.0,76.5,204.0,82.0,True,SF,5.9,-1.3590476190476188
2006,17,Shawne Williams,1,bigs,1.4889141167120712,-0.3262408539716953,20.0,79.25,227.0,87.0,True,SG,2.1,-5.124761904761906
2006,18,Oleksiy Pecherov,0,wings/mid-size,0.018432698980752754,-0.06001587328475859,21.0,77.75,214.0,82.75,False,C,0.6,-6.363809523809524
2006,19,Quincy Douby,0,wings/mid-size,0.018432698980752754,-0.06001587328475859,22.0,77.75,214.0,82.75,False,PG,0.0,-7.835238095238095
2006,20,Renaldo Balkman,0,wings/mid-size,0.09976681595678054,-0.6405246367065036,22.0,77.25,206.0,85.0,True,SF,6.7,-1.246666666666667
2006,21,Rajon Rondo,0,wings/mid-size,0.018432698980752754,-0.06001587328475859,20.0,77.75,214.0,82.75,False,PG,29.1,21.183809523809526
2006,22,Marcus Williams,2,small guards,-1.4675570227058958,0.9931383114940703,21.0,74.0,215.0,79.0,True,PG,-0.1,-7.597142857142856
2006,23,Josh Boone,0,wings/mid-size,0.018432698980752754,-0.06001587328475859,22.0,77.75,214.0,82.75,False,PF,9.0,1.7200000000000006
2006,24,Kyle Lowry,0,wings/mid-size,0.018432698980752754,-0.06001587328475859,20.0,77.75,214.0,82.75,False,PG,11.8,4.9228571428571435
2006,25,Shannon Brown,0,wings/mid-size,0.018432698980752754,-0.06001587328475859,21.0,77.75,214.0,82.75,False,SG,3.7,-3.328571428571429
2006,26,Jordan Farmar,2,small guards,-3.696035692501445,-0.06920064247675144,20.0,72.75,171.0,75.0,True,PG,8.399999999999999,1.7266666666666648
2006,27,Sergio Rodríguez,0,wings/mid-size,0.018432698980752754,-0.06001587328475859,20.0,77.75,214.0,82.75,False,PG,3.6,-2.697894736842105
2006,28,Maurice Ager,2,small guards,-1.38725742025764,0.23841397987076288,22.0,75.25,203.0,79.75,True,SG,-1.0,-7.643609022556392
2006,29,Mardy Collins,0,wings/mid-size,-0.1723013384948107,0.6453868690404411,22.0,76.25,224.0,82.0,True,SF,-1.6,-7.584561403508772
2006,30,Joel Freeland,0,wings/mid-size,0.018432698980752754,-0.06001587328475859,21.0,77.75,214.0,82.75,False,SG,0.0,-4.824561403508772
2006,31,James White,0,wings/mid-size,0.018432698980752754,-0.06001587328475859,24.0,77.75,214.0,82.75,False,SG,0.3,-4.226466165413533
2006,32,Steve Novak,0,wings/mid-size,0.3395728622280271,-0.08969001695790223,23.0,80.0,216.0,81.5,True,SF,4.0,-0.28952380952380885
2006,33,Solomon Jones,1,bigs,2.002143735608108,-0.8566926655836737,22.0,80.5,224.0,88.75,True,PF,4.3,0.47142857142857153
2006,34,Paul Davis,0,wings/mid-size,0.018432698980752754,-0.06001587328475859,22.0,77.75,214.0,82.75,False,C,0.4,-3.246666666666666
2006,35,P.J. Tucker,0,wings/mid-size,0.018432698980752754,-0.06001587328475859,21.0,77.75,214.0,82.75,False,SF,0.1,-3.8904761904761904
2006,36,Craig Smith,1,bigs,0.9807560026164963,1.9799048758595459,23.0,77.5,259.0,81.5,True,PF,13.5,9.065714285714286
2006,37,Bobby Jones,0,wings/mid-size,-0.29414884065900926,-0.004750348968160469,23.0,77.75,211.0,81.5,True,SF,1.1,-3.203809523809524
2006,38,Kosta Perović,0,wings/mid-size,0.018432698980752754,-0.06001587328475859,21.0,77.75,214.0,82.75,False,C,0.0,-4.083809523809523
2006,39,David Noel,0,wings/mid-size,-0.23677173334230925,0.6435915027566588,22.0,76.5,223.0,81.5,True,PF,0.4,-3.623809523809524
2006,40,Denham Brown,0,wings/mid-size,-0.4853473889629805,0.504268787877927,21.0,76.0,218.0,81.5,True,SG,0.0,-3.8761904761904757
2006,41,James Augustine,1,bigs,1.2041829698213462,-0.06432169407827128,22.0,80.25,227.0,84.25,True,PF,0.3,-3.0819047619047617
2006,42,Daniel Gibson,0,wings/mid-size,0.018432698980752754,-0.06001587328475859,20.0,77.75,214.0,82.75,False,PG,12.5,9.300952380952381
2006,43,Marcus Vinicius,0,wings/mid-size,0.018432698980752754,-0.06001587328475859,22.0,77.75,214.0,82.75,False,SF,0.2,-2.9457142857142853
2006,44,Lior Eliyahu,0,wings/mid-size,0.018432698980752754,-0.06001587328475859,21.0,77.75,214.0,82.75,False,SG,0.0,-2.927619047619048
2006,45,Alexander Johnson,0,wings/mid-size,0.018432698980752754,-0.06001587328475859,23.0,77.75,214.0,82.75,False,PF,1.5,-1.1990476190476191
2006,46,Dee Brown,2,small guards,-4.043096401592634,0.6223413371831695,22.0,71.0,179.0,74.0,True,PG,0.1,-2.3657142857142857
2006,47,Paul Millsap,1,bigs,1.8523875941491235,1.275739663650985,21.0,78.25,258.0,85.5,True,PF,24.8,22.240000000000002
2006,48,Vladimir Veremeenko,0,wings/mid-size,0.018432698980752754,-0.06001587328475859,21.0,77.75,214.0,82.75,False,SG,0.0,-2.3533333333333335
2006,49,Leon Powe,0,wings/mid-size,0.018432698980752754,-0.06001587328475859,23.0,77.75,214.0,82.75,False,C,11.4,9.241904761904763
2006,50,Ryan Hollins,0,wings/mid-size,0.018432698980752754,-0.06001587328475859,22.0,77.75,214.0,82.75,False,C,3.5,1.5733333333333335
2006,51,Cheikh Samb,0,wings/mid-size,0.018432698980752754,-0.06001587328475859,22.0,77.75,214.0,82.75,False,C,-0.1,-1.7295238095238095
2006,52,Guillermo Díaz,0,wings/mid-size,0.018432698980752754,-0.06001587328475859,21.0,77.75,214.0,82.75,False,SG,0.0,-1.2276190476190476
2006,53,Yotam Halperin,0,wings/mid-size,0.018432698980752754,-0.06001587328475859,21.0,77.75,214.0,82.75,False,SG,0.0,-0.936190476190476
2006,54,Hassan Adams,0,wings/mid-size,0.018432698980752754,-0.06001587328475859,22.0,77.75,214.0,82.75,False,SG,0.8,-0.026666666666666727
2006,55,Ejike Ugboaja,0,wings/mid-size,0.018432698980752754,-0.06001587328475859,21.0,77.75,214.0,82.75,False,SG,0.0,-0.6161904761904762
2006,56,Edin Bavčić,0,wings/mid-size,0.018432698980752754,-0.06001587328475859,21.0,77.75,214.0,82.75,False,SG,0.0,-0.6047619047619047
2006,57,Loukas Mavrokefalidis,0,wings/mid-size,0.018432698980752754,-0.06001587328475859,21.0,77.75,214.0,82.75,False,SG,0.0,-0.5459383753501401
2006,58,J.R. Pinnock,0,wings/mid-size,0.018432698980752754,-0.06001587328475859,21.0,77.75,214.0,82.75,False,SG,0.0,-0.7651050420168067
2006,59,Damir Markota,0,wings/mid-size,0.018432698980752754,-0.06001587328475859,21.0,77.75,214.0,82.75,False,PF,-0.2,-0.9290003501400559
2006,60,Will Blalock,2,small guards,-2.8381979687934975,0.6331236720287188,23.0,71.25,194.0,78.0,True,PG,-0.1,-1.0085084033613445
2007,1,Greg Oden,1,bigs,3.374891825063277,0.23627885233577425,20.0,83.0,257.0,88.25,True,C,6.8,-10.798412698412697
2007,2,Kevin Durant,1,bigs,1.862824393303992,-1.2868834586601698,19.0,81.0,215.0,88.75,True,SG,38.3,21.655952380952378
2007,3,Al Horford,1,bigs,1.7673755048578572,0.669705325290804,21.0,80.0,246.0,84.75,True,C,33.3,17.27333333333333
2007,4,Mike Conley,2,small guards,-3.46553999503208,-0.07228920743933635,20.0,71.0,175.0,77.75,True,PG,16.2,2.2904761904761894
2007,5,Jeff Green,1,bigs,1.140354382264702,-0.005298047992448479,21.0,79.0,228.0,85.25,True,SF,15.8,1.8580952380952382
2007,6,Yi Jianlian,0,wings/mid-size,0.018432698980752754,-0.06001587328475859,20.0,77.75,214.0,82.75,False,PF,3.1,-8.633333333333333
2007,7,Corey Brewer,0,wings/mid-size,-1.1889655844228701,-0.9171516424163614,21.0,78.0,185.0,80.25,True,SF,2.2,-9.040952380952383
2007,8,Brandan Wright,1,bigs,1.2086327995646784,-1.7231957130996718,20.0,80.75,200.0,87.75,True,PF,3.8,-6.797142857142858
2007,9,Joakim Noah,1,bigs,1.662070821176761,-0.5931455286081273,22.0,82.0,223.0,85.25,True,C,23.1,13.133333333333336
2007,10,Spencer Hawes,1,bigs,2.1062366082989863,0.3675072132232026,19.0,82.0,244.0,84.5,True,C,5.9,-3.453333333333333
2007,11,Acie Law,2,small guards,-2.362838277298165,-0.11564658743324285,23.0,74.0,186.0,78.5,True,PG,1.6,-8.017142857142858
2007,12,Thaddeus Young,0,wings/mid-size,0.0452822664814837,-0.3291164983133118,19.0,77.75,210.0,83.5,True,PF,18.3,9.200000000000001
2007,13,Julian Wright,0,wings/mid-size,0.7428662462046303,-0.7746185047926931,20.0,78.5,211.0,86.25,True,SF,3.9,-4.67047619047619
2007,14,Al Thornton,0,wings/mid-size,0.6254103272380145,-0.09440655900260912,24.0,77.75,221.0,85.0,True,PF,6.200000000000001,-1.7314285714285704
2007,15,Rodney Stuckey,2,small guards,-1.2581730233796624,0.4079788117326372,21.0,75.75,207.0,79.25,True,PG,13.5,6.039047619047619
2007,16,Nick Young,0,wings/mid-size,-0.13882299429168904,-0.46664384690826133,22.0,77.0,206.0,84.0,True,SG,5.8,-1.4590476190476194
2007,17,Sean Williams,0,wings/mid-size,0.018432698980752754,-0.06001587328475859,21.0,77.75,214.0,82.75,False,C,2.6,-4.624761904761906
2007,18,Marco Belinelli,0,wings/mid-size,0.018432698980752754,-0.06001587328475859,21.0,77.75,214.0,82.75,False,SG,5.1,-1.8638095238095236
2007,19,Javaris Crittenton,2,small guards,-2.1046694835422097,0.22348307629050557,20.0,75.0,194.0,77.5,True,SG,0.1,-7.7352380952380955
2007,20,Jason Smith,1,bigs,1.6452789026397219,0.07214565074455483,21.0,82.75,233.0,82.75,True,PF,3.8,-4.146666666666667
2007,21,Daequan Cook,2,small guards,-1.3504938109761977,0.1995298098720289,20.0,75.0,203.0,80.25,True,SG,3.5000000000000004,-4.416190476190474
2007,22,Jared Dudley,0,wings/mid-size,-0.6964795136993308,0.7714066574210379,22.0,77.0,219.0,79.0,True,PF,16.5,9.002857142857144
2007,23,Wilson Chandler,0,wings/mid-size,0.018432698980752754,-0.06001587328475859,20.0,77.75,214.0,82.75,False,SF,10.2,2.92
2007,24,Rudy Fernández,2,small guards,-1.9619348260225324,-1.1794157178559608,22.0,76.75,172.0,79.5,True,SG,12.9,6.022857142857143
2007,25,Morris Almond,0,wings/mid-size,-0.33932746636498323,0.17451653968142872,22.0,76.75,214.0,82.0,True,SG,0.0,-7.028571428571429
2007,26,Aaron Brooks,2,small guards,-4.394764104655878,-0.2654269958970593,23.0,70.0,161.0,76.0,True,PG,11.6,4.926666666666666
2007,27,Arron Afflalo,0,wings/mid-size,0.018432698980752754,-0.06001587328475859,22.0,77.75,214.0,82.75,False,SG,14.2,7.902105263157894
2007,28,Tiago Splitter,1,bigs,2.131836250497474,-0.32477012894837765,23.0,82.25,233.0,86.0,True,C,2.3,-4.343609022556392
2007,29,Alando Tucker,0,wings/mid-size,0.018432698980752754,-0.06001587328475859,23.0,77.75,214.0,82.75,False,SF,0.3,-5.684561403508773
2007,30,Petteri Koponen,0,wings/mid-size,0.018432698980752754,-0.06001587328475859,21.0,77.75,214.0,82.75,False,SG,0.0,-4.824561403508772
2007,31,Carl Landry,1,bigs,1.2814599642909592,1.1274401173533415,24.0,79.0,248.0,83.0,True,PF,21.4,16.873533834586468
2007,32,Gabe Pruitt,0,wings/mid-size,0.018432698980752754,-0.06001587328475859,21.0,77.75,214.0,82.75,False,PG,0.5,-3.789523809523809
2007,33,Marcus Williams,2,small guards,-1.4675570227058958,0.9931383114940703,22.0,74.0,215.0,79.0,True,PG,0.0,-3.8285714285714283
2007,34,Nick Fazekas,0,wings/mid-size,0.018432698980752754,-0.06001587328475859,22.0,77.75,214.0,82.75,False,PF,0.8,-2.846666666666666
2007,35,Glen Davis,0,wings/mid-size,0.018432698980752754,-0.06001587328475859,22.0,77.75,214.0,82.75,False,C,12.7,8.709523809523809
2007,36,Jermareo Davidson,1,bigs,2.1407494670298797,-0.5703079345239375,23.0,81.0,230.0,88.0,True,SF,0.0,-4.434285714285714
2007,37,Josh McRoberts,1,bigs,1.6470270280498385,0.390167280962877,20.0,80.0,240.0,85.0,True,PF,6.9,2.5961904761904764
2007,38,Kyrylo Fesenko,0,wings/mid-size,0.018432698980752754,-0.06001587328475859,21.0,77.75,214.0,82.75,False,C,0.8,-3.2838095238095235
2007,39,Stanko Barać,0,wings/mid-size,0.018432698980752754,-0.06001587328475859,21.0,77.75,214.0,82.75,False,SG,0.0,-4.023809523809524
2007,40,Sun Yue,0,wings/mid-size,0.018432698980752754,-0.06001587328475859,22.0,77.75,214.0,82.75,False,SG,-0.1,-3.976190476190476
2007,41,Chris Richard,1,bigs,2.4019163114981947,0.5100200765611601,23.0,79.0,252.0,88.5,True,C,0.7,-2.681904761904762
2007,42,Derrick Byars,0,wings/mid-size,0.018432698980752754,-0.06001587328475859,21.0,77.75,214.0,82.75,False,SG,0.0,-3.1990476190476187
2007,43,Adam Haluska,0,wings/mid-size,0.018432698980752754,-0.06001587328475859,21.0,77.75,214.0,82.75,False,SG,0.0,-3.1457142857142855
2007,44,Reyshawn Terry,0,wings/mid-size,0.3224937293250269,0.24365296380616064,21.0,78.75,222.0,82.0,True,SG,0.0,-2.927619047619048
2007,45,Jared Jordan,2,small guards,-4.079323696454178,0.9405961623081707,21.0,72.0,183.0,72.0,True,SG,0.0,-2.699047619047619
2007,46,Stéphane Lasme,0,wings/mid-size,0.42226239737725413,-0.4655737059932825,25.0,77.0,213.0,86.0,True,SF,0.3,-2.165714285714286
2007,47,Dominic McGuire,0,wings/mid-size,0.4138854952647467,0.059334754708544525,22.0,79.0,220.0,82.5,True,SG,2.4,-0.16000000000000014
2007,48,Marc Gasol,0,wings/mid-size,0.018432698980752754,-0.06001587328475859,23.0,77.75,214.0,82.75,False,C,22.700000000000003,20.34666666666667
2007,49,Aaron Gray,1,bigs,3.79930133221557,0.8194857337546205,23.0,84.0,271.0,87.25,True,C,4.1,1.9419047619047616
2007,50,Renaldas Seibutis,2,small guards,-1.5373480224077931,-0.731773429546622,21.0,76.0,185.0,80.75,True,SG,0.0,-1.9266666666666665
2007,51,JamesOn Curry,0,wings/mid-size,0.018432698980752754,-0.06001587328475859,22.0,77.75,214.0,82.75,False,PG,0.0,-1.6295238095238094
2007,52,Taurean Green,2,small guards,-4.163444878400653,0.3428032928552424,21.0,71.0,173.0,74.25,True,SG,-0.1,-1.3276190476190477
2007,53,Demetris Nichols,0,wings/mid-size,0.26568662570769097,-0.4268569251962085,23.0,78.0,211.0,84.25,True,SF,-0.2,-1.136190476190476
2007,54,Brad Newley,0,wings/mid-size,-1.0116327075350688,-0.1026683021955726,21.0,77.0,201.0,80.0,True,SG,0.0,-0.8266666666666668
2007,55,Herbert Hill,1,bigs,1.4347504708822016,0.015576790606299013,21.0,79.0,232.0,86.25,True,SG,0.0,-0.6161904761904762
2007,56,Ramon Sessions,2,small guards,-2.803575192159089,0.1628213159797054,21.0,74.0,185.0,76.25,True,PG,11.8,11.195238095238096
2007,57,Sammy Mejia,0,wings/mid-size,0.010089486147711425,0.16335389501325148,21.0,77.0,218.0,83.0,True,SG,0.0,-0.5459383753501401
2007,58,Georgios Printezis,0,wings/mid-size,0.018432698980752754,-0.06001587328475859,21.0,77.75,214.0,82.75,False,SG,0.0,-0.7651050420168067
2007,59,D.J. Strawberry,2,small guards,-1.6175040176730684,0.1889250013709951,22.0,75.75,199.0,78.5,True,SG,-0.2,-0.9290003501400559
2007,60,Milovan Raković,0,wings/mid-size,0.018432698980752754,-0.06001587328475859,21.0,77.75,214.0,82.75,False,SG,0.0,-0.9085084033613445
2008,1,Derrick Rose,2,small guards,-1.92045872989808,0.14245878212879304,20.0,73.5,196.0,80.0,True,PG,30.0,12.401587301587302
2008,2,Michael Beasley,1,bigs,1.2615600771380462,0.584020157646548,20.0,79.0,239.0,84.25,True,PF,10.2,-6.44404761904762
2008,3,O.J. Mayo,2,small guards,-1.7916234330740395,0.3646011574530198,21.0,75.25,200.0,78.0,True,SG,14.9,-1.126666666666667
2008,4,Russell Westbrook,2,small guards,-1.9121155170650388,-0.080910986169217,20.0,74.25,192.0,79.75,True,PG,25.3,11.39047619047619
2008,5,Kevin Love,1,bigs,1.6863622915272567,1.2806235948973514,20.0,79.75,255.0,83.25,True,C,31.6,17.65809523809524
2008,6,Danilo Gallinari,0,wings/mid-size,0.018432698980752754,-0.06001587328475859,20.0,77.75,214.0,82.75,False,SG,16.599999999999998,4.866666666666665
2008,7,Eric Gordon,0,wings/mid-size,-0.9064716310369528,0.9942084524090492,20.0,74.0,222.0,81.0,True,SG,13.8,2.559047619047618
2008,8,Joe Alexander,0,wings/mid-size,0.6524753055132164,-0.11454603508969782,22.0,79.25,220.0,83.5,True,SF,0.4,-10.197142857142858
2008,9,D.J. Augustin,2,small guards,-4.195627329388924,0.23262978833502035,21.0,70.0,171.5,75.5,True,PG,14.6,4.633333333333335
2008,10,Brook Lopez,1,bigs,3.687080657466122,0.06761677218721876,20.0,83.25,258.0,89.5,True,C,20.3,10.946666666666667
2008,11,Jerryd Bayless,2,small guards,-2.469843840064171,1.0741524685129276,20.0,73.75,204.0,75.5,True,PG,6.6,-3.017142857142858
2008,12,Jason Thompson,0,wings/mid-size,0.018432698980752754,-0.06001587328475859,22.0,77.75,214.0,82.75,False,PF,13.5,4.4
2008,13,Brandon Rush,0,wings/mid-size,-0.1268830619999411,-0.1405918710841851,23.0,77.0,211.4,83.25,True,SG,9.5,0.9295238095238094
2008,14,Anthony Randolph,0,wings/mid-size,1.0428565969967487,-1.770889325315657,19.0,81.0,197.0,87.0,True,PF,4.7,-3.2314285714285713
2008,15,Robin Lopez,0,wings/mid-size,0.018432698980752754,-0.06001587328475859,20.0,77.75,214.0,82.75,False,C,7.9,0.4390476190476198
2008,16,Marreese Speights,0,wings/mid-size,0.018432698980752754,-0.06001587328475859,21.0,77.75,214.0,82.75,False,C,10.3,3.0409523809523815
2008,17,Roy Hibbert,0,wings/mid-size,0.018432698980752754,-0.06001587328475859,22.0,77.75,214.0,82.75,False,C,16.0,8.775238095238095
2008,18,JaVale McGee,1,bigs,3.252828912124608,-0.6628195146142918,21.0,83.0,241.0,90.0,True,C,13.5,6.536190476190477
2008,19,J.J. Hickson,0,wings/mid-size,0.018432698980752754,-0.06001587328475859,20.0,77.75,214.0,82.75,False,C,9.0,1.1647619047619049
2008,20,Alexis Ajinça,0,wings/mid-size,0.018432698980752754,-0.06001587328475859,20.0,77.75,214.0,82.75,False,PF,0.3,-7.646666666666667
2008,21,Ryan Anderson,0,wings/mid-size,0.018432698980752754,-0.06001587328475859,20.0,77.75,214.0,82.75,False,PF,20.9,12.983809523809523
2008,22,Courtney Lee,0,wings/mid-size,0.018432698980752754,-0.06001587328475859,23.0,77.75,214.0,82.75,False,SG,13.4,5.902857142857144
2008,23,Kosta Koufos,0,wings/mid-size,0.018432698980752754,-0.06001587328475859,19.0,77.75,214.0,82.75,False,C,4.2,-3.079999999999999
2008,24,Serge Ibaka,0,wings/mid-size,0.018432698980752754,-0.06001587328475859,19.0,77.75,214.0,82.75,False,PF,17.5,10.622857142857143
2008,25,Nicolas Batum,0,wings/mid-size,0.018432698980752754,-0.06001587328475859,20.0,77.75,214.0,82.75,False,SF,18.6,11.571428571428573
2008,26,George Hill,2,small guards,-2.2075124309308447,-0.5775400853733438,22.0,73.25,181.0,81.0,True,PG,18.9,12.226666666666665
2008,27,Darrell Arthur,0,wings/mid-size,0.45899231737923035,-0.20291918358819958,20.0,79.5,216.0,82.75,True,PF,5.8,-0.49789473684210517
2008,28,Donté Greene,0,wings/mid-size,0.6249121271301407,0.010748527922095609,20.0,80.25,221.0,82.0,True,SF,1.6,-5.043609022556392
2008,29,D.J. White,0,wings/mid-size,0.018432698980752754,-0.06001587328475859,22.0,77.75,214.0,82.75,False,PF,3.6,-2.3845614035087723
2008,30,J.R. Giddens,0,wings/mid-size,-0.44116958850531257,-0.15075236137704148,23.0,76.0,208.0,83.25,True,SF,0.1,-4.724561403508773
2008,31,Nikola Peković,0,wings/mid-size,0.018432698980752754,-0.06001587328475859,23.0,77.75,214.0,82.75,False,C,5.1,0.5735338345864669
2008,32,Walter Sharpe,0,wings/mid-size,0.018432698980752754,-0.06001587328475859,22.0,77.75,214.0,82.75,False,PF,-0.1,-4.3895238095238085
2008,33,Joey Dorsey,1,bigs,2.0922273296998357,1.5250355909957694,25.0,78.25,265.0,85.75,True,PF,0.9,-2.9285714285714284
2008,34,Mario Chalmers,0,wings/mid-size,0.018432698980752754,-0.06001587328475859,22.0,77.75,214.0,82.75,False,PG,15.1,11.453333333333333
2008,35,DeAndre Jordan,1,bigs,3.227085662743139,-0.13651627173702158,20.0,81.75,250.0,90.0,True,C,13.6,9.60952380952381
2008,36,Ömer Aşık,0,wings/mid-size,0.018432698980752754,-0.06001587328475859,22.0,77.75,214.0,82.75,False,C,5.300000000000001,0.8657142857142865
2008,37,Luc Mbah a Moute,0,wings/mid-size,0.9007637467679265,-0.3071715187995855,22.0,77.75,221.0,86.5,True,PF,15.9,11.596190476190475
2008,38,Kyle Weaver,0,wings/mid-size,0.018432698980752754,-0.06001587328475859,22.0,77.75,214.0,82.75,False,SG,1.5,-2.5838095238095233
2008,39,Sonny Weems,0,wings/mid-size,-1.0862325549377496,-0.5836412724506387,22.0,76.0,193.0,82.0,True,SG,0.6,-3.4238095238095236
2008,40,Chris Douglas-Roberts,0,wings/mid-size,0.018432698980752754,-0.06001587328475859,22.0,77.75,214.0,82.75,False,SG,2.9,-0.9761904761904758
2008,41,Nathan Jawai,0,wings/mid-size,0.018432698980752754,-0.06001587328475859,22.0,77.75,214.0,82.75,False,PF,0.1999999999999999,-3.181904761904762
2008,42,Sean Singletary,2,small guards,-3.451181464992378,0.46299484501095434,23.0,71.0,183.8,76.5,True,PG,0.0,-3.1990476190476187
2008,43,Patrick Ewing,0,wings/mid-size,0.6258748380664224,0.10197704647650303,24.0,78.0,224.0,84.25,True,SF,-0.1,-3.2457142857142856
2008,44,Ante Tomić,0,wings/mid-size,0.018432698980752754,-0.06001587328475859,21.0,77.75,214.0,82.75,False,SG,0.0,-2.927619047619048
2008,45,Goran Dragić,0,wings/mid-size,0.018432698980752754,-0.06001587328475859,22.0,77.75,214.0,82.75,False,PG,9.0,6.300952380952381
2008,46,Trent Plaisted,1,bigs,1.463208981642627,0.584588130956547,21.0,81.25,240.0,82.5,True,SG,0.0,-2.4657142857142857
2008,47,Henry Walker,0,wings/mid-size,0.018432698980752754,-0.06001587328475859,21.0,77.75,214.0,82.75,False,SF,4.4,1.8400000000000003
2008,48,Malik Hairston,0,wings/mid-size,-0.9100059961692104,-0.026360550078566917,21.0,76.25,204.0,81.0,True,SG,0.7999999999999999,-1.5533333333333337
2008,49,Richard Hendrix,1,bigs,2.016128456940975,0.6734634470600286,21.0,78.75,250.0,87.0,True,SG,0.0,-2.158095238095238
2008,50,DeVon Hardin,1,bigs,2.205756176297276,-0.28914191311388815,21.0,81.5,235.0,87.0,True,SG,0.0,-1.9266666666666665
2008,51,Shan Foster,0,wings/mid-size,-0.7693189570587534,-0.7353869278238406,21.0,76.0,194.5,83.5,True,SG,0.0,-1.6295238095238094
2008,52,Darnell Jackson,1,bigs,1.119551309133856,0.7868827686016401,23.0,79.0,240.5,83.25,True,PF,1.2,-0.027619047619047654
2008,53,Tadija Dragićević,0,wings/mid-size,0.018432698980752754,-0.06001587328475859,21.0,77.75,214.0,82.75,False,SG,0.0,-0.936190476190476
2008,54,Maarty Leunen,0,wings/mid-size,0.06539756440886771,0.46326461033494615,21.0,79.25,222.0,80.0,True,SG,0.0,-0.8266666666666668
2008,55,Mike Taylor,2,small guards,-3.0488602412170986,-0.8672964693909297,23.0,72.75,166.2,79.25,True,PG,-0.4,-1.0161904761904763
2008,56,Sasha Kaun,1,bigs,2.611764821652836,0.12124418227883911,21.0,81.0,247.0,88.0,True,SG,0.0,-0.6047619047619047
2008,57,James Gist,1,bigs,1.4235147002077573,-0.7208034312137019,21.0,79.0,220.0,88.0,True,SG,0.0,-0.5459383753501401
2008,58,Joe Crawford,2,small guards,-1.5323483211988218,0.9609334390254856,22.0,75.0,213.0,77.75,True,SF,0.0,-0.7651050420168067
2008,59,Deron Washington,0,wings/mid-size,-0.8423098612017398,-0.37824793270010554,21.0,77.25,198.5,81.0,True,SG,0.0,-0.7290003501400559
2008,60,Semih Erden,0,wings/mid-size,0.018432698980752754,-0.06001587328475859,22.0,77.75,214.0,82.75,False,C,1.7999999999999998,0.8914915966386553
2009,1,Blake Griffin,1,bigs,1.6685600984768707,0.9160262056319702,20.0,80.5,248.4,83.25,True,PF,29.6,12.001587301587303
2009,2,Hasheem Thabeet,1,bigs,4.519826705600356,0.07918615995248163,22.0,85.25,267.2,90.25,True,C,4.800000000000001,-11.844047619047618
2009,3,James Harden,0,wings/mid-size,-0.14505906375716224,0.48968279984384516,20.0,76.0,222.0,82.75,True,SG,33.7,17.673333333333336
2009,4,Tyreke Evans,0,wings/mid-size,-0.09206409037300384,0.36180979578266337,20.0,76.0,220.6,83.25,True,SG,14.1,0.1904761904761898
2009,5,Ricky Rubio,0,wings/mid-size,0.018432698980752754,-0.06001587328475859,19.0,77.75,214.0,82.75,False,PG,5.0,-8.941904761904762
2009,6,Jonny Flynn,2,small guards,-3.161005004594357,0.9818975431433797,20.0,71.25,195.6,76.0,True,PG,-1.1,-12.833333333333332
2009,7,Stephen Curry,2,small guards,-3.05207904418827,0.10648565074812831,21.0,74.0,181.0,75.5,True,PG,24.7,13.459047619047617
2009,8,Jordan Hill,1,bigs,1.8033442504004233,-0.1501062643845292,22.0,81.25,232.4,85.5,True,PF,6.0,-4.597142857142858
2009,9,DeMar DeRozan,0,wings/mid-size,-0.43541282061763065,0.10634469482092584,20.0,77.5,211.2,81.0,True,SG,12.7,2.7333333333333343
2009,10,Brandon Jennings,0,wings/mid-size,0.018432698980752754,-0.06001587328475859,20.0,77.75,214.0,82.75,False,PG,19.4,10.046666666666665
2009,11,Terrence Williams,0,wings/mid-size,-0.4900409772759081,0.251778733919808,22.0,77.0,213.2,81.0,True,SF,-0.3,-9.917142857142858
2009,12,Gerald Henderson,0,wings/mid-size,-0.44187375012261604,0.25957588461888326,22.0,76.0,214.6,82.25,True,SG,7.1,-2.0
2009,13,Tyler Hansbrough,1,bigs,1.265995116131995,0.33495344705433366,24.0,80.25,234.2,83.5,True,PF,12.8,4.22952380952381
2009,14,Earl Clark,1,bigs,1.711023462803888,-0.3585552662451374,22.0,80.5,228.4,86.5,True,PF,2.6,-5.331428571428571
2009,15,Austin Daye,0,wings/mid-size,1.0179516671505227,-2.0430745371526866,21.0,81.75,191.8,86.75,True,SF,4.4,-3.06095238095238
2009,16,James Johnson,1,bigs,1.857608047616907,1.253466064722685,22.0,79.0,257.2,84.75,True,PF,3.5,-3.759047619047619
2009,17,Jrue Holiday,2,small guards,-1.635761272286821,0.18207831463918592,19.0,75.25,199.0,79.0,True,PG,14.4,7.175238095238095
2009,18,Ty Lawson,2,small guards,-3.7298972946764435,1.483567825652678,22.0,71.25,196.6,72.75,True,PG,24.700000000000003,17.73619047619048
2009,19,Jeff Teague,2,small guards,-2.863648662324663,-0.4725665029472632,21.0,72.25,175.2,79.5,True,PG,14.4,6.564761904761905
2009,20,Eric Maynor,2,small guards,-3.662725195495729,-0.4915324573032626,22.0,74.25,163.6,74.5,True,PG,3.7,-4.246666666666667
2009,21,Darren Collison,2,small guards,-3.9390699910089055,-0.20038745009898057,22.0,72.25,166.2,75.0,True,PG,16.6,8.683809523809526
2009,22,Victor Claver,0,wings/mid-size,0.018432698980752754,-0.06001587328475859,21.0,77.75,214.0,82.75,False,SF,-0.1,-7.597142857142856
2009,23,Omri Casspi,0,wings/mid-size,0.10566719102744306,-0.2174534812142266,21.0,79.75,211.2,81.25,True,SF,6.9,-0.379999999999999
2009,24,Byron Mullens,1,bigs,3.068387956956624,0.579050939035142,20.0,83.75,258.2,85.5,True,PF,0.0,-6.877142857142857
2009,25,Rodrigue Beaubois,2,small guards,-2.0310462213734097,-0.6269712144763089,21.0,73.25,182.4,81.75,True,PG,4.800000000000001,-2.2285714285714286
2009,26,Taj Gibson,1,bigs,1.5984818844090123,-1.1408337339973416,24.0,80.5,214.4,88.0,True,PF,17.7,11.026666666666666
2009,27,DeMarre Carroll,0,wings/mid-size,-0.19760842484299607,-0.2943292066412311,23.0,78.25,207.2,82.0,True,SF,4.2,-2.097894736842105
2009,28,Wayne Ellington,2,small guards,-1.4132592189580868,0.2631604581977012,22.0,76.25,202.4,78.5,True,SG,4.7,-1.9436090225563918
2009,29,Toney Douglas,2,small guards,-2.7467438485273283,-0.022341795434426957,23.0,73.0,183.4,78.0,True,PG,8.2,2.215438596491227
2009,30,Christian Eyenga,0,wings/mid-size,0.018432698980752754,-0.06001587328475859,20.0,77.75,214.0,82.75,False,SF,-0.4,-5.224561403508773
2009,31,Jeff Ayres,1,bigs,1.8010069055090008,0.277783016649096,22.0,80.75,239.6,85.0,True,C,2.6,-1.9264661654135327
2009,32,Jermaine Taylor,0,wings/mid-size,-1.0267577535185228,0.24352314971559239,23.0,75.5,207.4,80.75,True,SG,0.2,-4.089523809523809
2009,33,Dante Cunningham,0,wings/mid-size,0.7107001816302004,0.28944166993350645,22.0,79.0,227.4,83.0,True,PF,10.8,6.971428571428572
2009,34,Sergio Llull,0,wings/mid-size,0.018432698980752754,-0.06001587328475859,21.0,77.75,214.0,82.75,False,SG,0.0,-3.646666666666666
2009,35,DaJuan Summers,1,bigs,1.5191925564741036,0.6437791662440295,22.0,79.25,243.0,84.75,True,SF,-0.0999999999999999,-4.09047619047619
2009,36,Sam Young,0,wings/mid-size,0.15221068417165812,0.36203901253523474,24.0,77.25,222.8,82.75,True,SF,5.2,0.765714285714286
2009,37,DeJuan Blair,1,bigs,2.2394348232736276,2.0896073183078285,20.0,77.25,276.6,86.0,True,PF,15.6,11.296190476190475
2009,38,Jon Brockman,0,wings/mid-size,0.018432698980752754,-0.06001587328475859,22.0,77.75,214.0,82.75,False,PF,3.7,-0.38380952380952316
2009,39,Jonas Jerebko,0,wings/mid-size,0.018432698980752754,-0.06001587328475859,22.0,77.75,214.0,82.75,False,PF,9.7,5.676190476190476
2009,40,Derrick Brown,1,bigs,1.385654222072094,-0.3849875710510007,22.0,79.5,224.6,86.5,True,SF,4.6,0.7238095238095239
2009,41,Jodie Meeks,2,small guards,-1.8061403610461049,1.0731503141376066,22.0,75.0,211.4,76.5,True,SG,13.1,9.718095238095238
2009,42,Patrick Beverley,0,wings/mid-size,0.018432698980752754,-0.06001587328475859,21.0,77.75,214.0,82.75,False,PG,2.2,-0.9990476190476185
2009,43,Marcus Thornton,2,small guards,-2.240392106387619,0.342714027336096,22.0,74.75,194.4,77.0,True,SG,14.5,11.354285714285714
2009,44,Chase Budinger,0,wings/mid-size,-0.7704806923556644,0.09865708392670909,21.0,78.25,206.4,79.0,True,SF,10.2,7.272380952380951
2009,45,Nick Calathes,0,wings/mid-size,0.018432698980752754,-0.06001587328475859,21.0,77.75,214.0,82.75,False,SG,0.0,-2.699047619047619
2009,46,Danny Green,0,wings/mid-size,-0.3955264519709308,-0.1336356445475185,22.0,77.25,208.0,82.0,True,SG,10.7,8.234285714285713
2009,47,Henk Norel,0,wings/mid-size,0.018432698980752754,-0.06001587328475859,21.0,77.75,214.0,82.75,False,SG,0.0,-2.56
2009,48,Taylor Griffin,0,wings/mid-size,0.018432698980752754,-0.06001587328475859,23.0,77.75,214.0,82.75,False,SF,0.0,-2.3533333333333335
2009,49,Sergiy Gladyr,0,wings/mid-size,0.018432698980752754,-0.06001587328475859,21.0,77.75,214.0,82.75,False,SG,0.0,-2.158095238095238
2009,50,Goran Suton,0,wings/mid-size,0.018432698980752754,-0.06001587328475859,21.0,77.75,214.0,82.75,False,SG,0.0,-1.9266666666666665
2009,51,Jack McClinton,2,small guards,-3.614467266220864,0.707520359068337,21.0,71.75,185.2,74.5,True,SG,0.0,-1.6295238095238094
2009,52,A.J. Price,2,small guards,-3.0093719212916574,0.7432682518505404,23.0,72.5,192.8,75.75,True,PG,4.4,3.1723809523809527
2009,53,Nando De Colo,0,wings/mid-size,0.018432698980752754,-0.06001587328475859,22.0,77.75,214.0,82.75,False,SG,1.3,0.363809523809524
2009,54,Robert Vaden,2,small guards,-1.3971714620383515,0.00819752484094361,21.0,75.5,199.0,80.0,True,SG,0.0,-0.8266666666666668
2009,55,Patty Mills,2,small guards,-4.087819965735242,0.44385752329918665,21.0,71.25,175.4,74.0,True,PG,3.1,2.4838095238095237
2009,56,Ahmad Nivins,0,wings/mid-size,0.018432698980752754,-0.06001587328475859,21.0,77.75,214.0,82.75,False,SG,0.0,-0.6047619047619047
2009,57,Emir Preldžić,0,wings/mid-size,0.018432698980752754,-0.06001587328475859,21.0,77.75,214.0,82.75,False,SG,0.0,-0.5459383753501401
2009,58,Lester Hudson,2,small guards,-2.1679280673994894,0.26033868509877856,25.0,71.75,196.0,80.75,True,PG,0.1,-0.6651050420168068
2009,59,Chinemelu Elonu,0,wings/mid-size,0.018432698980752754,-0.06001587328475859,21.0,77.75,214.0,82.75,False,SG,0.0,-0.7290003501400559
2009,60,Robert Dozier,0,wings/mid-size,0.018432698980752754,-0.06001587328475859,21.0,77.75,214.0,82.75,False,SG,0.0,-0.9085084033613445
2010,1,John Wall,2,small guards,-1.4269759417069348,-0.21130458188298448,20.0,74.75,195.6,81.25,True,PG,18.1,0.5015873015873034
2010,2,Evan Turner,0,wings/mid-size,-0.4919232606039634,0.3219173124198619,22.0,77.75,213.8,80.0,True,SG,8.2,-8.44404761904762
2010,3,Derrick Favors,1,bigs,2.5068717437387393,0.08005850023723422,19.0,80.75,245.2,88.0,True,PF,15.4,-0.6266666666666669
2010,4,Wesley Johnson,0,wings/mid-size,0.3309329857639833,-0.752402755261196,23.0,78.25,206.4,85.0,True,SG,3.8,-10.109523809523811
2010,5,DeMarcus Cousins,1,bigs,4.284316198920777,1.6313866547719136,20.0,81.5,291.8,89.75,True,C,17.6,3.658095238095239
2010,6,Ekpe Udoh,1,bigs,2.3825432895001386,-0.3081635360320508,23.0,80.75,237.4,88.5,True,C,5.5,-6.2333333333333325
2010,7,Greg Monroe,1,bigs,2.4444990429937676,0.2570857043948638,20.0,81.75,246.6,86.25,True,C,25.4,14.159047619047616
2010,8,Al-Farouq Aminu,1,bigs,1.2300317120737712,-0.8091765797122037,20.0,79.25,216.0,87.25,True,SF,8.3,-2.297142857142857
2010,9,Gordon Hayward,0,wings/mid-size,-0.3953110411964599,0.11532550439394605,20.0,78.75,211.0,79.75,True,SF,15.1,5.133333333333335
2010,10,Paul George,0,wings/mid-size,0.5614667975453729,-0.3709655781728089,20.0,79.75,214.4,83.25,True,SG,28.200000000000003,18.84666666666667
2010,11,Cole Aldrich,1,bigs,2.4446668901911734,-0.4326131967273281,22.0,81.0,236.0,88.75,True,C,2.6,-7.017142857142858
2010,12,Xavier Henry,0,wings/mid-size,-0.10511034078401404,-0.2214447978901301,19.0,77.25,210.2,83.25,True,SG,0.7,-8.4
2010,13,Ed Davis,1,bigs,1.31227061069219,-0.14124513175922293,21.0,81.0,226.6,84.0,True,PF,15.9,7.32952380952381
2010,14,Patrick Patterson,1,bigs,1.6818365504117345,0.338434639817041,21.0,80.0,239.6,85.25,True,PF,11.9,3.968571428571429
2010,15,Larry Sanders,1,bigs,2.306444416741278,-1.1597356799677914,22.0,81.25,222.4,89.75,True,C,8.7,1.2390476190476187
2010,16,Luke Babbitt,0,wings/mid-size,0.6006490045747692,-0.20061767154532859,21.0,79.5,217.8,83.25,True,SF,1.6999999999999995,-5.55904761904762
2010,17,Kevin Séraphin,0,wings/mid-size,0.018432698980752754,-0.06001587328475859,21.0,77.75,214.0,82.75,False,PF,3.4,-3.8247619047619055
2010,18,Eric Bledsoe,2,small guards,-2.4092573790413403,0.194577892086004,21.0,72.25,191.6,79.5,True,PG,8.3,1.3361904761904775
2010,19,Avery Bradley,2,small guards,-2.380319566703124,-0.449834470513822,20.0,74.0,180.4,79.25,True,PG,4.1,-3.7352380952380955
2010,20,James Anderson,0,wings/mid-size,-0.7920043135176553,0.1269324672703006,21.0,76.75,207.6,80.5,True,SF,3.6,-4.346666666666668
2010,21,Craig Brackins,1,bigs,1.2687251682603349,0.020460721852665936,23.0,80.5,229.0,84.0,True,PF,-0.2,-8.116190476190475
2010,22,Elliot Williams,0,wings/mid-size,0.018432698980752754,-0.06001587328475859,21.0,77.75,214.0,82.75,False,SG,0.6,-6.897142857142857
2010,23,Trevor Booker,0,wings/mid-size,0.5489134057578949,0.9045663576715647,23.0,78.25,235.8,81.75,True,PF,12.2,4.92
2010,24,Damion James,0,wings/mid-size,0.8447178176100008,0.10478470427846158,23.0,78.25,226.6,84.75,True,SF,-0.1,-6.977142857142857
2010,25,Dominique Jones,0,wings/mid-size,-0.7517157883689968,0.5544829917464983,22.0,75.25,216.0,81.25,True,SG,0.2,-6.828571428571429
2010,26,Quincy Pondexter,0,wings/mid-size,0.018432698980752754,-0.06001587328475859,22.0,77.75,214.0,82.75,False,SF,6.2,-0.4733333333333336
2010,27,Jordan Crawford,2,small guards,-1.7074062075216496,0.1897080761366012,22.0,75.0,198.4,79.0,True,SG,5.199999999999999,-1.0978947368421057
2010,28,Greivis Vásquez,0,wings/mid-size,-0.9236751553409918,0.43783445990440495,24.0,77.0,210.8,79.0,True,PG,10.2,3.5563909774436073
2010,29,Daniel Orton,1,bigs,3.2177268339124083,1.0209065443847953,20.0,80.75,269.2,88.25,True,PF,1.1,-4.884561403508773
2010,30,Lazar Hayward,0,wings/mid-size,0.4374063418907912,0.2965034581209228,24.0,76.5,225.8,84.75,True,SF,0.3,-4.5245614035087725
2010,31,Tibor Pleiß,0,wings/mid-size,0.018432698980752754,-0.06001587328475859,21.0,77.75,214.0,82.75,False,SG,0.0,-4.526466165413533
2010,32,Dexter Pittman,1,bigs,4.629441719622505,2.03526481999026,22.0,81.5,302.6,90.0,True,C,0.4,-3.889523809523809
2010,33,Hassan Whiteside,1,bigs,2.927378418536282,-1.3263731770799945,21.0,82.5,226.6,91.0,True,C,0.2,-3.628571428571428
2010,34,Armon Johnson,2,small guards,-1.8325824305605354,0.04584018656893008,21.0,74.0,195.2,80.0,True,PG,-0.1999999999999999,-3.846666666666666
2010,35,Nemanja Bjelica,0,wings/mid-size,0.018432698980752754,-0.06001587328475859,21.0,77.75,214.0,82.75,False,SG,0.0,-3.9904761904761905
2010,36,Terrico White,0,wings/mid-size,-1.0588372237520793,-0.019236934340240323,21.0,75.75,202.6,81.0,True,SG,0.0,-4.434285714285714
2010,37,Darington Hobson,0,wings/mid-size,-0.6551130182265344,-0.2062431242921022,23.0,77.25,203.6,81.25,True,SG,-0.2,-4.503809523809524
2010,38,Andy Rautins,2,small guards,-1.6207080298948573,-0.2471001869191338,24.0,76.25,191.6,79.0,True,SG,-0.2,-4.2838095238095235
2010,39,Landry Fields,0,wings/mid-size,0.018432698980752754,-0.06001587328475859,22.0,77.75,214.0,82.75,False,SG,10.2,6.176190476190476
2010,40,Lance Stephenson,0,wings/mid-size,0.05762435527519038,0.6644663413554064,20.0,76.5,227.0,82.5,True,SG,12.4,8.523809523809526
2010,41,Jarvis Varnado,1,bigs,1.3353080479597432,-1.208728649851327,22.0,80.25,210.2,87.5,True,PF,0.7000000000000001,-2.6819047619047613
2010,42,Da'Sean Butler,0,wings/mid-size,0.018432698980752754,-0.06001587328475859,21.0,77.75,214.0,82.75,False,SG,0.0,-3.1990476190476187
2010,43,Devin Ebanks,0,wings/mid-size,0.39710836747709133,-0.6851813743679593,21.0,79.0,207.8,84.25,True,SG,0.6,-2.5457142857142854
2010,44,Jerome Jordan,1,bigs,3.3138556439614217,-0.4903374851456017,24.0,83.5,244.2,89.25,True,C,0.5,-2.427619047619048
2010,45,Paulão Prestes,0,wings/mid-size,0.018432698980752754,-0.06001587328475859,21.0,77.75,214.0,82.75,False,SG,0.0,-2.699047619047619
2010,46,Gani Lawal,1,bigs,1.1705515691702026,0.327600614563437,22.0,79.5,233.4,84.0,True,PF,0.0,-2.4657142857142857
2010,47,Tiny Gallon,0,wings/mid-size,0.018432698980752754,-0.06001587328475859,21.0,77.75,214.0,82.75,False,SG,0.0,-2.56
2010,48,Latavious Williams,0,wings/mid-size,0.018432698980752754,-0.06001587328475859,21.0,77.75,214.0,82.75,False,SG,0.0,-2.3533333333333335
2010,49,Ryan Richards,1,bigs,2.017493641631074,-0.39978866054068957,21.0,82.5,230.2,85.5,True,SG,0.0,-2.158095238095238
2010,50,Solomon Alabi,1,bigs,3.079557265523921,-0.7314975052338824,22.0,83.5,237.4,89.0,True,C,0.0,-1.9266666666666665
2010,51,Magnum Rolle,0,wings/mid-size,0.018432698980752754,-0.06001587328475859,21.0,77.75,214.0,82.75,False,SG,0.0,-1.6295238095238094
2010,52,Luke Harangody,0,wings/mid-size,0.5699101617650282,1.1510546272143896,23.0,78.0,240.2,81.5,True,PF,0.8,-0.42761904761904757
2010,53,Pape Sy,0,wings/mid-size,0.018432698980752754,-0.06001587328475859,22.0,77.75,214.0,82.75,False,SF,0.0,-0.936190476190476
2010,54,Willie Warren,2,small guards,-1.7239490260047519,0.8024217120269311,21.0,74.5,208.4,78.0,True,PG,0.2,-0.6266666666666667
2010,55,Jeremy Evans,0,wings/mid-size,0.018432698980752754,-0.06001587328475859,23.0,77.75,214.0,82.75,False,SF,6.2,5.583809523809524
2010,56,Hamady N'Diaye,0,wings/mid-size,0.018432698980752754,-0.06001587328475859,24.0,77.75,214.0,82.75,False,C,0.1,-0.5047619047619047
2010,57,Ryan Reid,0,wings/mid-size,0.018432698980752754,-0.06001587328475859,24.0,77.75,214.0,82.75,False,PF,0.1,-0.44593837535014014
2010,58,Derrick Caracter,1,bigs,2.6726426048223275,2.091693728895091,22.0,80.25,280.0,84.25,True,C,0.3,-0.46510504201680675
2010,59,Stanley Robinson,0,wings/mid-size,0.3907910451550857,-0.3659760852756933,21.0,78.5,213.2,84.0,True,SG,0.0,-0.7290003501400559
2010,60,Dwayne Collins,0,wings/mid-size,0.018432698980752754,-0.06001587328475859,21.0,77.75,214.0,82.75,False,SG,0.0,-0.9085084033613445
2011,1,Kyrie Irving,2,small guards,-2.7382475792462655,0.47439684357455714,19.0,73.75,191.0,76.0,True,PG,26.5,8.901587301587302
2011,2,Derrick Williams,1,bigs,1.8064859082957636,0.7570661822711294,20.0,79.25,248.4,85.5,True,PF,9.5,-7.144047619047619
2011,3,Enes Freedom,0,wings/mid-size,0.018432698980752754,-0.06001587328475859,19.0,77.75,214.0,82.75,False,C,12.6,-3.4266666666666676
2011,4,Tristan Thompson,1,bigs,1.2337720387154585,-0.09378073629580763,20.0,79.5,227.4,85.25,True,PF,18.8,4.890476190476191
2011,5,Jonas Valančiūnas,0,wings/mid-size,0.018432698980752754,-0.06001587328475859,19.0,77.75,214.0,82.75,False,C,18.8,4.858095238095238
2011,6,Jan Veselý,0,wings/mid-size,0.018432698980752754,-0.06001587328475859,21.0,77.75,214.0,82.75,False,PF,4.0,-7.7333333333333325
2011,7,Bismack Biyombo,0,wings/mid-size,0.018432698980752754,-0.06001587328475859,19.0,77.75,214.0,82.75,False,C,9.2,-2.0409523809523833
2011,8,Brandon Knight,2,small guards,-2.6818901957079535,-0.461284181331372,20.0,73.5,176.8,78.75,True,PG,9.7,-0.8971428571428586
2011,9,Kemba Walker,2,small guards,-3.519167326442051,0.548899092264925,21.0,71.5,184.0,75.5,True,PG,14.7,4.733333333333334
2011,10,Jimmer Fredette,0,wings/mid-size,0.018432698980752754,-0.06001587328475859,22.0,77.75,214.0,82.75,False,PG,2.4000000000000004,-6.953333333333333
2011,11,Klay Thompson,0,wings/mid-size,-0.5355499558923505,-0.15349819162808986,21.0,77.75,205.6,81.0,True,SG,21.5,11.882857142857143
2011,12,Alec Burks,0,wings/mid-size,-0.8772318135833923,-0.7280630200313447,20.0,77.0,192.6,82.0,True,SG,7.4,-1.6999999999999993
2011,13,Markieff Morris,1,bigs,1.201141463312621,0.7738958329512798,22.0,79.75,240.8,82.75,True,PF,14.2,5.629523809523809
2011,14,Marcus Morris,0,wings/mid-size,0.5880861635222493,0.5207799562863593,22.0,79.0,229.6,82.0,True,PF,9.8,1.8685714285714292
2011,15,Kawhi Leonard,1,bigs,1.2248925114625189,-0.1497816231240646,20.0,78.0,227.4,87.0,True,SF,28.0,20.53904761904762
2011,16,Nikola Vučević,1,bigs,3.3333004695509687,0.4108331770947652,21.0,82.25,259.8,88.5,True,C,18.9,11.64095238095238
2011,17,Iman Shumpert,0,wings/mid-size,-0.3250407399167714,0.6268135424845646,21.0,76.25,221.8,81.5,True,PG,7.8,0.5752380952380944
2011,18,Chris Singleton,1,bigs,1.3204796656072917,0.023545308661141847,22.0,79.75,230.2,85.0,True,SF,2.2,-4.763809523809523
2011,19,Tobias Harris,0,wings/mid-size,0.47320724023595184,0.16639076956778137,19.0,78.5,222.8,83.0,True,SF,12.2,4.364761904761904
2011,20,Donatas Motiejūnas,0,wings/mid-size,0.018432698980752754,-0.06001587328475859,21.0,77.75,214.0,82.75,False,PF,6.8,-1.1466666666666674
2011,21,Nolan Smith,2,small guards,-2.6121180945361395,0.15535894368395003,23.0,73.5,187.6,77.5,True,PG,-0.8,-8.716190476190475
2011,22,Kenneth Faried,0,wings/mid-size,0.5966066728177373,0.16184559487884195,22.0,78.0,224.6,84.0,True,PF,24.5,17.002857142857145
2011,23,Nikola Mirotić,0,wings/mid-size,0.018432698980752754,-0.06001587328475859,20.0,77.75,214.0,82.75,False,PF,5.7,-1.5799999999999992
2011,24,Reggie Jackson,0,wings/mid-size,0.018432698980752754,-0.06001587328475859,21.0,77.75,214.0,82.75,False,PG,12.4,5.522857142857143
2011,25,MarShon Brooks,0,wings/mid-size,-0.4361739950770409,-0.9761214172594902,23.0,76.25,194.6,85.0,True,SG,2.5,-4.528571428571429
2011,26,Jordan Hamilton,0,wings/mid-size,0.4080326837711499,0.5749236492799239,21.0,78.75,228.4,81.5,True,SF,2.8000000000000003,-3.8733333333333335
2011,27,JaJuan Johnson,1,bigs,1.4910023615495571,-0.701552591542968,22.0,81.0,219.8,86.0,True,PF,0.2,-6.097894736842105
2011,28,Norris Cole,2,small guards,-3.8495510591321995,0.23956722731614158,23.0,72.25,174.4,74.25,True,PG,3.2,-3.443609022556392
2011,29,Cory Joseph,2,small guards,-2.5408658665382284,0.03433262635457752,20.0,74.0,186.2,77.5,True,PG,8.3,2.3154385964912283
2011,30,Jimmy Butler,0,wings/mid-size,-0.2959498711305337,0.7025095871917317,22.0,78.0,222.2,79.5,True,SG,26.4,21.575438596491225
2011,31,Bojan Bogdanović,0,wings/mid-size,0.018432698980752754,-0.06001587328475859,22.0,77.75,214.0,82.75,False,SF,2.4,-2.126466165413533
2011,32,Justin Harper,1,bigs,1.0850844183155701,0.07931697873682861,22.0,80.0,228.0,83.75,True,PF,-0.3,-4.589523809523809
2011,33,Kyle Singler,0,wings/mid-size,0.6721539290422759,0.377433401047353,23.0,79.5,228.0,82.1,True,SF,8.7,4.871428571428571
2011,34,Shelvin Mack,2,small guards,-1.762096718506376,0.8062893736010132,21.0,73.0,209.0,79.5,True,PG,4.8,1.1533333333333338
2011,35,Tyler Honeycutt,0,wings/mid-size,-0.8363540689534277,-1.0464234068070943,21.0,78.75,186.8,81.0,True,SF,-0.1,-4.09047619047619
2011,36,Jordan Williams,1,bigs,1.6538183104652922,0.8214799053624066,21.0,79.75,247.2,84.25,True,C,1.3,-3.1342857142857143
2011,37,Trey Thompkins,1,bigs,1.729361970274172,0.2854127781465112,21.0,80.5,239.0,85.0,True,C,0.0,-4.303809523809524
2011,38,Chandler Parsons,0,wings/mid-size,0.6487107388571043,0.025731121910407564,23.0,80.75,221.2,81.5,True,SF,23.5,19.416190476190476
2011,39,Jeremy Tyler,1,bigs,3.2220182657233765,0.6058657344982712,20.0,81.0,262.4,89.0,True,C,0.1999999999999999,-3.823809523809524
2011,40,Jon Leuer,1,bigs,1.4381509953483784,-0.4077054881874776,22.0,82.0,223.2,84.0,True,PF,4.9,1.0238095238095246
2011,41,Darius Morris,2,small guards,-1.79333786920469,-0.2549591651691192,21.0,75.25,190.0,79.5,True,PG,-0.4,-3.7819047619047614
2011,42,Dāvis Bertāns,0,wings/mid-size,0.018432698980752754,-0.06001587328475859,21.0,77.75,214.0,82.75,False,SG,0.0,-3.1990476190476187
2011,43,Malcolm Lee,0,wings/mid-size,-0.9880495065825761,-0.33664685714872516,21.0,76.0,198.2,81.75,True,SG,0.5,-2.6457142857142855
2011,44,Charles Jenkins,2,small guards,-1.4470247775271696,1.0432429755577841,22.0,73.5,216.4,79.5,True,PG,0.5,-2.427619047619048
2011,45,Josh Harrellson,0,wings/mid-size,0.018432698980752754,-0.06001587328475859,22.0,77.75,214.0,82.75,False,PF,2.1,-0.599047619047619
2011,46,Andrew Goudelock,2,small guards,-2.6195322857123653,0.7714959229401845,23.0,73.25,197.6,76.25,True,SG,0.1,-2.3657142857142857
2011,47,Travis Leslie,0,wings/mid-size,-0.8820501105492173,-0.03825855725840298,21.0,75.0,205.0,82.5,True,SG,0.1,-2.46
2011,48,Keith Benson,1,bigs,1.95475247366361,-1.1918310126315188,23.0,82.0,217.0,87.75,True,C,0.0,-2.3533333333333335
2011,49,Josh Selby,2,small guards,-2.4090419682668696,0.44353904102746866,20.0,73.75,194.6,77.25,True,PG,-0.7,-2.8580952380952382
2011,50,Lavoy Allen,0,wings/mid-size,0.018432698980752754,-0.06001587328475859,22.0,77.75,214.0,82.75,False,PF,8.4,6.473333333333334
2011,51,Jon Diebler,2,small guards,-1.4456595928370708,-0.030009132042934115,21.0,77.25,196.6,78.0,True,SG,0.0,-1.6295238095238094
2011,52,Vernon Macklin,0,wings/mid-size,0.018432698980752754,-0.06001587328475859,25.0,77.75,214.0,82.75,False,C,0.5,-0.7276190476190476
2011,53,DeAndre Liggins,0,wings/mid-size,-0.4276777257959778,-0.47938277825050607,23.0,77.0,202.2,83.0,True,SF,0.6,-0.33619047619047604
2011,54,Milan Mačvan,0,wings/mid-size,0.018432698980752754,-0.06001587328475859,21.0,77.75,214.0,82.75,False,SG,0.0,-0.8266666666666668
2011,55,E'Twaun Moore,2,small guards,-1.5524730683912469,-0.3855819776354569,22.0,74.5,191.4,81.5,True,PG,2.9,2.2838095238095235
2011,56,Chukwudiebere Maduabum,0,wings/mid-size,0.018432698980752754,-0.06001587328475859,21.0,77.75,214.0,82.75,False,SG,0.0,-0.6047619047619047
2011,57,Tanguy Ngombo,0,wings/mid-size,0.018432698980752754,-0.06001587328475859,21.0,77.75,214.0,82.75,False,SG,0.0,-0.5459383753501401
2011,58,Ater Majok,0,wings/mid-size,0.018432698980752754,-0.06001587328475859,21.0,77.75,214.0,82.75,False,SG,0.0,-0.7651050420168067
2011,59,Ádám Hanga,0,wings/mid-size,0.018432698980752754,-0.06001587328475859,21.0,77.75,214.0,82.75,False,SG,0.0,-0.7290003501400559
2011,60,Isaiah Thomas,2,small guards,-4.390228914275314,1.2308962671959363,22.0,68.75,186.0,73.75,True,PG,23.1,22.191491596638656
2012,1,Anthony Davis,1,bigs,2.243928108813326,-1.1486825751044716,19.0,81.25,221.8,89.5,True,PF,37.7,20.101587301587305
2012,2,Michael Kidd-Gilchrist,0,wings/mid-size,0.768781450564204,0.527455275662401,19.0,77.75,232.8,84.0,True,SF,9.6,-7.044047619047619
2012,3,Bradley Beal,2,small guards,-1.3746133263485887,0.15413770969891447,19.0,75.25,201.8,80.0,True,SG,13.4,-2.626666666666667
2012,4,Dion Waiters,0,wings/mid-size,-1.1453823449308498,1.137679736022489,21.0,74.5,221.0,79.25,True,SG,5.7,-8.209523809523809
2012,5,Thomas Robinson,1,bigs,2.1214047928269473,0.2739113769209052,21.0,79.75,244.2,87.25,True,PF,3.6,-10.341904761904763
2012,6,Damian Lillard,2,small guards,-2.1108189586668087,-0.14701053573941897,22.0,73.75,188.8,79.75,True,PG,35.2,23.46666666666667
2012,7,Harrison Barnes,0,wings/mid-size,0.7676751324449419,0.2702526578136838,20.0,79.0,227.8,83.25,True,SF,17.6,6.359047619047619
2012,8,Terrence Ross,0,wings/mid-size,-1.0511358182098924,-0.30342571500785537,21.0,78.0,196.6,79.25,True,SG,11.1,0.5028571428571418
2012,9,Andre Drummond,1,bigs,4.065391966520668,0.9914576393101153,19.0,81.75,278.6,90.25,True,C,29.5,19.533333333333335
2012,10,Austin Rivers,2,small guards,-1.4295623866522933,0.2691622426129941,20.0,75.5,202.8,79.25,True,SG,2.9,-6.453333333333333
2012,11,Meyers Leonard,1,bigs,3.1110043777316645,0.02457787446503004,20.0,83.75,249.8,87.0,True,C,8.0,-1.6171428571428574
2012,12,Jeremy Lamb,0,wings/mid-size,-1.2850172493960519,-1.2868621796806814,20.0,76.0,179.2,83.0,True,SF,7.800000000000001,-1.299999999999999
2012,13,Kendall Marshall,2,small guards,-1.9277387631563665,0.3704355526666528,21.0,75.25,198.4,77.5,True,PG,1.0,-7.570476190476191
2012,14,John Henson,1,bigs,1.9364234154583668,-1.2816647490104829,22.0,81.0,216.0,89.0,True,PF,11.1,3.168571428571428
2012,15,Maurice Harkless,0,wings/mid-size,0.3729888521046996,-0.7305734745410749,19.0,79.25,206.6,84.0,True,SF,8.399999999999999,0.939047619047618
2012,16,Royce White,1,bigs,1.8141344087765432,1.49815896798173,21.0,79.0,260.6,84.0,True,PF,0.0,-7.259047619047619
2012,17,Tyler Zeller,1,bigs,2.3837595255229154,0.4165518735147929,23.0,83.25,247.4,84.0,True,C,12.8,5.575238095238095
2012,18,Terrence Jones,1,bigs,2.263990501679302,0.6689800999220006,21.0,80.25,252.0,86.25,True,PF,12.5,5.536190476190477
2012,19,Andrew Nicholson,1,bigs,2.1415348815037145,-0.3435148228600227,23.0,80.5,234.0,88.0,True,PF,4.0,-3.835238095238095
2012,20,Evan Fournier,0,wings/mid-size,0.018432698980752754,-0.06001587328475859,20.0,77.75,214.0,82.75,False,SG,10.2,2.253333333333332
2012,21,Jared Sullinger,1,bigs,2.419229753705748,1.533906860763931,20.0,79.75,268.2,85.25,True,PF,15.4,7.4838095238095255
2012,22,Fab Melo,1,bigs,2.9432117339177393,0.43518304946747205,22.0,82.75,255.0,86.5,True,C,0.0,-7.497142857142856
2012,23,John Jenkins,0,wings/mid-size,-1.0002196403981778,0.4981473265149213,21.0,75.25,212.0,80.5,True,SG,2.7,-4.579999999999999
2012,24,Jared Cunningham,2,small guards,-1.9883822370213047,-0.24278422898276575,21.0,75.5,187.6,78.5,True,SG,0.2,-6.677142857142857
2012,25,Tony Wroten,0,wings/mid-size,-0.8221296968316657,-0.12297914563843006,19.0,76.75,203.2,81.0,True,SG,-1.3,-8.32857142857143
2012,26,Miles Plumlee,1,bigs,2.494907571432568,0.6096795248296605,24.0,82.5,252.4,84.75,True,C,8.8,2.126666666666667
2012,27,Arnett Moultrie,1,bigs,2.007124538286997,-0.27225441303693537,22.0,81.5,232.8,86.25,True,PF,1.7,-4.597894736842105
2012,28,Perry Jones,1,bigs,2.1081094423620006,-0.25676567328953465,21.0,82.25,233.8,85.75,True,SF,1.7,-4.943609022556392
2012,29,Marquis Teague,2,small guards,-2.6170270936235376,-0.3460922592156323,19.0,73.0,179.8,79.25,True,PG,-0.8,-6.784561403508772
2012,30,Festus Ezeli,1,bigs,3.5746297811928187,0.4765939701075385,23.0,81.75,264.2,89.75,True,C,5.9,1.075438596491228
2012,31,Jeff Taylor,0,wings/mid-size,-0.7858548383930553,0.49742607930022653,23.0,78.0,212.8,78.25,True,SF,1.2999999999999998,-3.226466165413533
2012,32,Tomáš Satoranský,0,wings/mid-size,-0.8302669481552775,-0.20478253641163988,21.0,78.5,200.6,79.25,True,SG,0.0,-4.289523809523809
2012,33,Bernard James,1,bigs,1.8966182996681993,-0.40456305198219794,27.0,80.75,229.8,87.0,True,C,1.7999999999999998,-2.0285714285714285
2012,34,Jae Crowder,0,wings/mid-size,0.2766203912667908,1.3873824064643592,22.0,76.75,241.2,81.25,True,SF,15.0,11.353333333333333
2012,35,Draymond Green,1,bigs,1.0758216330907544,0.46405384408929906,22.0,77.75,235.6,85.25,True,SF,24.7,20.70952380952381
2012,36,Orlando Johnson,0,wings/mid-size,-0.058423240456818334,0.524021795153641,23.0,75.75,223.8,83.25,True,SG,1.4,-3.0342857142857143
2012,37,Quincy Acy,1,bigs,1.189297574626788,-0.3248420936421431,22.0,78.5,223.8,86.75,True,PF,6.8,2.496190476190476
2012,38,Quincy Miller,1,bigs,1.2678273237667435,-0.6078801182883239,20.0,80.75,218.7,85.25,True,PF,-0.1,-4.183809523809523
2012,39,Khris Middleton,0,wings/mid-size,0.29947108280685625,-0.0986708265309224,21.0,78.75,216.2,82.75,True,SG,16.4,12.376190476190475
2012,40,Will Barton,2,small guards,-1.4273875474739344,-1.432969753740311,22.0,77.0,174.4,81.75,True,SG,5.699999999999999,1.8238095238095235
2012,41,Tyshawn Taylor,2,small guards,-2.493028992295405,-0.5424140371438342,22.0,74.75,177.0,78.25,True,PG,-1.0,-4.381904761904762
2012,42,Doron Lamb,2,small guards,-1.6705707946487172,0.2338109557850221,21.0,75.25,199.4,78.75,True,SG,0.0999999999999999,-3.0990476190476186
2012,43,Mike Scott,1,bigs,1.091099735522231,0.8379707994851294,24.0,79.25,240.8,82.75,True,PF,9.4,6.2542857142857144
2012,44,Kim English,2,small guards,-1.646388924949877,-0.19194420240739318,24.0,76.5,192.0,78.5,True,SG,0.2,-2.7276190476190476
2012,45,Justin Hamilton,0,wings/mid-size,-0.45778421057990487,0.3789742248661336,22.0,75.0,217.0,83.0,True,C,1.6,-1.099047619047619
2012,46,Darius Miller,0,wings/mid-size,0.28971954673920886,0.9453554337589384,22.0,78.0,233.4,81.0,True,SF,1.2,-1.2657142857142858
2012,47,Kevin Murphy,2,small guards,-1.4350413894390561,-0.21012092300903962,22.0,77.0,194.0,78.75,True,SG,-0.3,-2.86
2012,48,Kostas Papanikolaou,0,wings/mid-size,0.018432698980752754,-0.06001587328475859,22.0,77.75,214.0,82.75,False,SF,0.4,-1.9533333333333336
2012,49,Kyle O'Quinn,1,bigs,2.4676177331178537,-0.17327645603739983,22.0,80.5,240.8,88.75,True,C,7.1,4.941904761904762
2012,50,İzzet Türkyılmaz,0,wings/mid-size,0.018432698980752754,-0.06001587328475859,21.0,77.75,214.0,82.75,False,SG,0.0,-1.9266666666666665
2012,51,Kris Joseph,0,wings/mid-size,0.14705258503032267,-0.08683464690199649,24.0,78.0,215.0,83.0,True,SF,-0.1,-1.7295238095238095
2012,52,Ognjen Kuzmić,0,wings/mid-size,0.018432698980752754,-0.06001587328475859,22.0,77.75,214.0,82.75,False,C,0.3,-0.9276190476190476
2012,53,Furkan Aldemir,0,wings/mid-size,0.018432698980752754,-0.06001587328475859,21.0,77.75,214.0,82.75,False,PF,1.4,0.4638095238095239
2012,54,Tornike Shengelia,0,wings/mid-size,0.018432698980752754,-0.06001587328475859,21.0,77.75,214.0,82.75,False,SF,-0.1,-0.9266666666666667
2012,55,Darius Johnson-Odom,2,small guards,-1.6607191071944545,0.935174669180371,23.0,73.5,212.0,79.0,True,SG,-0.3,-0.9161904761904762
2012,56,Tomislav Zubčić,0,wings/mid-size,0.018432698980752754,-0.06001587328475859,21.0,77.75,214.0,82.75,False,SG,0.0,-0.6047619047619047
2012,57,İlkan Karaman,0,wings/mid-size,0.018432698980752754,-0.06001587328475859,21.0,77.75,214.0,82.75,False,SG,0.0,-0.5459383753501401
2012,58,Robbie Hummel,0,wings/mid-size,0.04635489532127995,0.2296248119392222,23.0,79.25,218.0,80.5,True,SF,1.9,1.1348949579831933
2012,59,Marcus Denmon,2,small guards,-2.5222159046875583,0.1545758689183439,21.0,74.25,188.2,77.0,True,SG,0.0,-0.7290003501400559
2012,60,Robert Sacre,0,wings/mid-size,0.018432698980752754,-0.06001587328475859,23.0,77.75,214.0,82.75,False,C,2.4,1.4914915966386553
2013,1,Anthony Bennett,0,wings/mid-size,0.018432698980752754,-0.06001587328475859,20.0,77.75,214.0,82.75,False,PF,0.5,-17.098412698412698
2013,2,Victor Oladipo,0,wings/mid-size,-0.8292947879539546,0.4405802901554522,21.0,75.25,213.2,81.25,True,PG,13.7,-2.9440476190476197
2013,3,Otto Porter Jr.,0,wings/mid-size,0.45400206543530025,-1.3414917441476224,20.0,79.5,197.6,85.5,True,SF,17.7,1.673333333333332
2013,4,Cody Zeller,1,bigs,1.5621585459415532,-0.049892958102993955,21.0,82.75,230.0,82.75,True,C,18.3,4.390476190476191
2013,5,Alex Len,0,wings/mid-size,0.8903851941588072,-0.7337715793085169,20.0,77.75,214.0,87.5,True,C,7.9,-6.041904761904762
2013,6,Nerlens Noel,1,bigs,1.6610605466634139,-1.6230340972261912,19.0,82.0,206.4,87.75,True,C,11.0,-0.7333333333333325
2013,7,Ben McLemore,2,small guards,-1.7145901971740216,-0.3550011040948869,20.0,75.5,189.2,79.75,True,SG,4.0,-7.240952380952383
2013,8,Kentavious Caldwell-Pope,0,wings/mid-size,-1.0496367928537127,0.06717345867281904,20.0,76.5,203.6,80.0,True,SG,14.4,3.8028571428571425
2013,9,Trey Burke,2,small guards,-3.0138882131421383,0.3552136047829141,21.0,71.75,187.0,77.5,True,PG,5.9,-4.066666666666665
2013,10,CJ McCollum,2,small guards,-2.0489350087646696,0.3352516550403407,22.0,74.25,197.0,78.25,True,SG,15.6,6.246666666666666
2013,11,Michael Carter-Williams,2,small guards,-1.6642629215917535,-0.6395286413199297,22.0,76.75,184.4,79.25,True,PG,3.5,-6.117142857142857
2013,12,Steven Adams,1,bigs,3.2964962338412604,0.13115666826357883,20.0,82.75,254.5,88.5,True,C,20.0,10.9
2013,13,Kelly Olynyk,1,bigs,1.4894167418525037,0.2546684935583887,22.0,82.75,234.0,81.75,True,C,14.7,6.129523809523809
2013,14,Shabazz Muhammad,0,wings/mid-size,0.060354407403530534,0.3499736161537386,21.0,76.75,221.8,83.0,True,SG,7.7,-0.23142857142857132
2013,15,Giannis Antetokounmpo,0,wings/mid-size,0.018432698980752754,-0.06001587328475859,19.0,77.75,214.0,82.75,False,SF,26.9,19.439047619047617
2013,16,Lucas Nogueira,0,wings/mid-size,0.018432698980752754,-0.06001587328475859,21.0,77.75,214.0,82.75,False,C,4.4,-2.859047619047619
2013,17,Dennis Schröder,2,small guards,-2.940844403937744,-1.0272069567190352,20.0,73.0,164.8,79.75,True,PG,7.7,0.4752380952380948
2013,18,Shane Larkin,2,small guards,-5.031953710568023,0.8458723356940928,21.0,70.25,170.8,70.75,True,PG,3.0,-3.9638095238095232
2013,19,Sergey Karasev,0,wings/mid-size,0.018432698980752754,-0.06001587328475859,20.0,77.75,214.0,82.75,False,SF,0.8999999999999999,-6.935238095238095
2013,20,Tony Snell,0,wings/mid-size,-0.22663693930278545,-0.8411725097139291,22.0,78.0,198.2,83.5,True,SG,7.8,-0.1466666666666674
2013,21,Gorgui Dieng,1,bigs,2.2029448713124045,-0.6117705455720598,24.0,81.75,229.6,87.5,True,C,18.700000000000003,10.783809523809527
2013,22,Mason Plumlee,1,bigs,1.9452881519619227,0.18414344624696,23.0,83.25,238.2,83.0,True,C,21.6,14.102857142857145
2013,23,Solomon Hill,0,wings/mid-size,-0.025352394239997716,0.7084018318021672,22.0,77.5,226.0,81.0,True,SF,8.7,1.42
2013,24,Tim Hardaway Jr.,2,small guards,-1.3495742385844234,0.03816271281756869,21.0,76.5,199.4,79.0,True,SG,10.6,3.7228571428571424
2013,25,Reggie Bullock,0,wings/mid-size,-0.742141548763795,-0.3539786754338541,22.0,77.75,199.8,80.75,True,SF,2.5,-4.528571428571429
2013,26,Andre Roberson,0,wings/mid-size,-0.05282897828219957,-0.4931238639680705,22.0,78.25,205.8,83.0,True,SG,10.5,3.826666666666666
2013,27,Rudy Gobert,1,bigs,3.947673390454373,-1.34796310390469,21.0,84.5,237.6,92.5,True,C,30.4,24.102105263157895
2013,28,Livio Jean-Charles,0,wings/mid-size,0.018432698980752754,-0.06001587328475859,21.0,77.75,214.0,82.75,False,SG,0.0,-6.643609022556392
2013,29,Archie Goodwin,2,small guards,-1.343865034273807,-0.6434002810481202,19.0,75.75,189.0,81.5,True,SG,1.2,-4.784561403508772
2013,30,Nemanja Nedović,0,wings/mid-size,0.018432698980752754,-0.06001587328475859,22.0,77.75,214.0,82.75,False,SG,-0.4,-5.224561403508773
2013,31,Allen Crabbe,0,wings/mid-size,-0.45975719602953363,-0.7421428623063376,21.0,77.25,197.4,83.25,True,SG,9.9,5.373533834586468
2013,32,Álex Abrines,0,wings/mid-size,0.018432698980752754,-0.06001587328475859,20.0,77.75,214.0,82.75,False,SG,2.1,-2.1895238095238088
2013,33,Carrick Felix,0,wings/mid-size,-0.7928615315829807,-0.18284769404076887,23.0,76.75,202.6,81.25,True,SG,0.0,-3.8285714285714283
2013,34,Isaiah Canaan,2,small guards,-3.3237302513885196,0.6501207119105289,22.0,71.0,188.4,76.5,True,PG,3.5,-0.14666666666666606
2013,35,Glen Rice Jr.,0,wings/mid-size,-0.620686753836514,0.18276198674279004,23.0,76.5,210.8,81.25,True,SG,-0.2,-4.190476190476191
2013,36,Ray McCallum,2,small guards,-3.1949667581559686,0.7892760375876008,22.0,72.25,191.4,75.25,True,PG,2.1,-2.334285714285714
2013,37,Tony Mitchell,0,wings/mid-size,-0.16278945321605806,0.20807246022561846,21.0,77.25,216.4,82.0,True,PF,0.3,-4.003809523809524
2013,38,Nate Wolters,2,small guards,-2.249377126511515,0.5052647832645012,22.0,75.5,196.4,75.75,True,PG,1.0,-3.0838095238095233
2013,39,Jeff Withey,1,bigs,1.9315619799480348,-0.844455901846409,23.0,82.75,221.8,86.0,True,C,6.7,2.6761904761904765
2013,40,Grant Jerrett,1,bigs,1.7740042815602481,-0.17322476562934513,20.0,80.75,232.0,86.0,True,PF,-0.1,-3.976190476190476
2013,41,Jamaal Franklin,0,wings/mid-size,-0.9177263002414799,-0.850440385436321,22.0,76.0,190.8,83.25,True,SG,0.0,-3.3819047619047615
2013,42,Pierre Jackson,2,small guards,-5.190617727075072,1.2599008540624397,22.0,69.5,176.0,70.0,True,PG,0.0,-3.1990476190476187
2013,43,Ricky Ledo,2,small guards,-1.309616066346234,-0.11883057690372187,21.0,76.75,197.2,79.25,True,SG,-0.6,-3.7457142857142856
2013,44,Mike Muscala,1,bigs,1.8706883045592417,-0.296829524008106,22.0,82.25,230.2,85.0,True,PF,7.1,4.172380952380951
2013,45,Marko Todorović,0,wings/mid-size,0.018432698980752754,-0.06001587328475859,21.0,77.75,214.0,82.75,False,SG,0.0,-2.699047619047619
2013,46,Erick Green,2,small guards,-2.82666964226875,-0.2624895240045325,22.0,73.5,178.2,77.75,True,PG,0.1,-2.3657142857142857
2013,47,Raul Neto,0,wings/mid-size,0.018432698980752754,-0.06001587328475859,21.0,77.75,214.0,82.75,False,PG,2.5,-0.06000000000000005
2013,48,Ryan Kelly,1,bigs,1.4243382289936164,-0.1094845774988155,22.0,81.75,228.0,83.5,True,PF,3.1,0.7466666666666666
2013,49,Erik Murphy,1,bigs,1.347625896739026,0.6405271902338937,23.0,80.75,239.8,82.5,True,C,-0.1,-2.258095238095238
2013,50,James Ennis III,0,wings/mid-size,-0.20962016072623357,-0.7033682321124611,23.0,77.75,200.8,83.5,True,SF,5.9,3.9733333333333336
2013,51,Romero Osby,0,wings/mid-size,0.018432698980752754,-0.06001587328475859,21.0,77.75,214.0,82.75,False,SG,0.0,-1.6295238095238094
2013,52,Lorenzo Brown,2,small guards,-1.7422251791485874,-0.3126935907302483,23.0,76.0,189.2,79.0,True,PG,-0.2,-1.4276190476190476
2013,53,Colton Iverson,1,bigs,3.012519324261146,0.8554425690036833,21.0,82.5,262.8,86.0,True,SG,0.0,-0.936190476190476
2013,54,Arsalan Kazemi,0,wings/mid-size,0.018432698980752754,-0.06001587328475859,21.0,77.75,214.0,82.75,False,SG,0.0,-0.8266666666666668
2013,55,Joffrey Lauvergne,0,wings/mid-size,0.018432698980752754,-0.06001587328475859,22.0,77.75,214.0,82.75,False,C,3.9,3.2838095238095235
2013,56,Peyton Siva,2,small guards,-3.7051548705432804,0.4815103221700282,23.0,71.5,180.6,75.0,True,SG,-0.2,-0.8047619047619048
2013,57,Alex Oriakhi,0,wings/mid-size,0.018432698980752754,-0.06001587328475859,21.0,77.75,214.0,82.75,False,SG,0.0,-0.5459383753501401
2013,58,Deshaun Thomas,0,wings/mid-size,-0.12360724618666162,0.3784203668530988,21.0,77.0,219.8,82.0,True,SG,0.0,-0.7651050420168067
2013,59,Bojan Dubljević,0,wings/mid-size,0.018432698980752754,-0.06001587328475859,21.0,77.75,214.0,82.75,False,SG,0.0,-0.7290003501400559
2013,60,Jānis Timma,0,wings/mid-size,0.018432698980752754,-0.06001587328475859,21.0,77.75,214.0,82.75,False,SG,0.0,-0.9085084033613445
2014,1,Andrew Wiggins,0,wings/mid-size,0.018432698980752754,-0.06001587328475859,19.0,77.75,214.0,82.75,False,SF,12.5,-5.098412698412698
2014,2,Jabari Parker,0,wings/mid-size,0.018432698980752754,-0.06001587328475859,19.0,77.75,214.0,82.75,False,PF,10.1,-6.544047619047619
2014,3,Joel Embiid,0,wings/mid-size,0.018432698980752754,-0.06001587328475859,20.0,77.75,214.0,82.75,False,C,8.1,-7.926666666666668
2014,4,Aaron Gordon,0,wings/mid-size,0.7561590845533355,-0.1779763913612006,19.0,79.5,220.1,83.75,True,PF,13.0,-0.9095238095238098
2014,5,Danté Exum,0,wings/mid-size,-0.976542907956011,-0.44255211598652533,19.0,76.5,196.3,81.5,True,PG,1.7999999999999998,-12.141904761904762
2014,6,Marcus Smart,0,wings/mid-size,-0.7165041095051421,1.1702812144453039,20.0,74.0,227.2,81.25,True,PG,10.9,-0.8333333333333321
2014,7,Julius Randle,1,bigs,1.677193037792114,0.9586395727015267,20.0,79.75,249.7,84.0,True,PF,11.6,0.35904761904761706
2014,8,Nik Stauskas,0,wings/mid-size,-0.8390340453884604,0.1407643052371783,21.0,77.25,206.9,79.75,True,SG,2.7,-7.897142857142858
2014,9,Noah Vonleh,1,bigs,2.44034428121698,0.21800124234196025,19.0,80.0,247.1,88.25,True,PF,5.1,-4.866666666666665
2014,10,Elfrid Payton,2,small guards,-1.9940672013174965,-0.41689423553357824,20.0,74.5,185.4,80.0,True,PG,11.7,2.346666666666666
2014,11,Doug McDermott,0,wings/mid-size,-0.036051850494544145,0.25139226510843327,23.0,78.25,218.0,81.25,True,SF,7.699999999999999,-1.9171428571428581
2014,12,Dario Šarić,0,wings/mid-size,0.018432698980752754,-0.06001587328475859,20.0,77.75,214.0,82.75,False,PF,7.6,-1.5
2014,13,Zach LaVine,2,small guards,-1.632688588614871,-0.8917128415731294,19.0,76.5,180.9,80.25,True,PG,5.2,-3.3704761904761904
2014,14,T.J. Warren,0,wings/mid-size,0.373534615789639,0.1029314885978767,21.0,79.0,220.2,82.25,True,SF,10.8,2.868571428571429
2014,15,Adreian Payne,1,bigs,2.376257144341358,-0.22453187612254927,23.0,81.0,238.5,88.0,True,PF,-0.6,-8.060952380952381
2014,16,Jusuf Nurkić,0,wings/mid-size,0.018432698980752754,-0.06001587328475859,20.0,77.75,214.0,82.75,False,C,8.7,1.44095238095238
2014,17,James Young,0,wings/mid-size,0.11845740423571695,-0.20172071531281685,19.0,77.25,213.3,84.0,True,SG,0.7999999999999999,-6.424761904761906
2014,18,Tyler Ennis,2,small guards,-2.569925558161242,-0.27693704753535503,20.0,73.0,181.5,79.25,True,PG,1.3,-5.663809523809523
2014,19,Gary Harris,2,small guards,-1.6860167442775982,0.5495929015113846,20.0,74.5,204.8,78.75,True,SG,13.4,5.564761904761905
2014,20,Bruno Caboclo,0,wings/mid-size,0.018432698980752754,-0.06001587328475859,19.0,77.75,214.0,82.75,False,SF,-0.2999999999999999,-8.246666666666668
2014,21,Mitch McGary,0,wings/mid-size,0.018432698980752754,-0.06001587328475859,22.0,77.75,214.0,82.75,False,PF,1.3,-6.616190476190475
2014,22,Jordan Adams,0,wings/mid-size,-0.7585070707844505,0.12317036734696853,20.0,75.5,208.8,82.0,True,SG,0.4,-7.097142857142856
2014,23,Rodney Hood,0,wings/mid-size,-0.22517160322607171,-0.16903464362943774,22.0,79.25,208.2,80.5,True,SG,13.5,6.220000000000001
2014,24,Shabazz Napier,2,small guards,-3.9189210038020557,0.2904549661454603,23.0,71.0,175.2,75.25,True,PG,4.4,-2.477142857142857
2014,25,Clint Capela,0,wings/mid-size,0.018432698980752754,-0.06001587328475859,20.0,77.75,214.0,82.75,False,C,20.5,13.471428571428572
2014,26,P.J. Hairston,0,wings/mid-size,-0.22287771413101495,0.9824919497278373,22.0,76.25,228.8,81.0,True,SG,0.8999999999999999,-5.773333333333333
2014,27,Bogdan Bogdanović,0,wings/mid-size,0.018432698980752754,-0.06001587328475859,22.0,77.75,214.0,82.75,False,SG,2.9,-3.397894736842105
2014,28,C.J. Wilcox,0,wings/mid-size,-1.0205122347880082,-0.15866918902382954,24.0,75.5,201.0,81.75,True,SG,0.0999999999999999,-6.543609022556392
2014,29,Josh Huestis,0,wings/mid-size,0.018432698980752754,-0.06001587328475859,23.0,77.75,214.0,82.75,False,PF,0.7,-5.284561403508772
2014,30,Kyle Anderson,1,bigs,1.583933779273722,-0.1967109481299905,21.0,79.5,230.1,86.75,True,SF,12.7,7.875438596491227
2014,31,Damien Inglis,0,wings/mid-size,0.018432698980752754,-0.06001587328475859,19.0,77.75,214.0,82.75,False,SF,-0.1,-4.626466165413532
2014,32,K.J. McDaniels,0,wings/mid-size,-0.6746920017340202,-0.719253577814093,21.0,76.5,195.6,83.25,True,SG,1.3,-2.989523809523809
2014,33,Joe Harris,0,wings/mid-size,-1.0458964662120254,0.7825693020892152,23.0,76.75,215.0,78.0,True,SG,5.0,1.1714285714285717
2014,34,Cleanthony Early,0,wings/mid-size,-0.05399765072791088,-0.27917922345125795,23.0,78.0,209.4,82.75,True,SF,-0.6000000000000001,-4.246666666666666
2014,35,Jarnell Stokes,1,bigs,2.10455051996346,1.4103498146391185,21.0,79.0,262.8,85.25,True,PF,0.7,-3.2904761904761903
2014,36,Johnny O'Bryant,1,bigs,2.176899616815592,0.9923918071457782,21.0,79.25,256.8,86.25,True,PF,0.1999999999999999,-4.234285714285714
2014,37,DeAndre Daniels,0,wings/mid-size,0.44643481781105276,-1.4454631721983822,21.0,79.25,196.0,86.0,True,SG,0.0,-4.303809523809524
2014,38,Spencer Dinwiddie,0,wings/mid-size,-0.9677257350295206,0.08459602920726132,21.0,76.5,204.9,80.25,True,PG,8.7,4.616190476190476
2014,39,Jerami Grant,0,wings/mid-size,0.9177710760794363,-0.7235015492108031,20.0,78.5,214.0,86.75,True,SF,10.9,6.876190476190477
2014,40,Glenn Robinson III,0,wings/mid-size,-0.24630251715114437,-0.02736270445388774,21.0,77.5,211.4,82.0,True,SG,4.0,0.12380952380952426
2014,41,Nikola Jokić,0,wings/mid-size,0.018432698980752754,-0.06001587328475859,19.0,77.75,214.0,82.75,False,C,27.1,23.71809523809524
2014,42,Nick Johnson,2,small guards,-2.002721868530924,0.3302003345923138,22.0,73.5,198.0,79.25,True,SG,-0.1,-3.299047619047619
2014,43,Edy Tavares,0,wings/mid-size,0.018432698980752754,-0.06001587328475859,22.0,77.75,214.0,82.75,False,C,0.3,-2.8457142857142856
2014,44,Markel Brown,2,small guards,-1.8840972771185969,-0.5639562517145829,23.0,74.5,184.4,80.75,True,SG,1.1,-1.8276190476190477
2014,45,Dwight Powell,1,bigs,1.7302097390744564,0.041058631444896056,23.0,81.5,234.4,84.5,True,PF,14.9,12.200952380952382
2014,46,Jordan Clarkson,2,small guards,-1.8040685026224605,-0.47639510268008783,22.0,75.25,186.3,80.0,True,PG,8.7,6.234285714285713
2014,47,Russ Smith,2,small guards,-4.184130180027402,-0.4274097785154657,23.0,71.5,160.0,75.5,True,PG,-0.2,-2.7600000000000002
2014,48,Lamar Patterson,0,wings/mid-size,0.011660315095381468,0.6169401183410809,23.0,76.0,226.0,83.0,True,SG,0.1,-2.2533333333333334
2014,49,Cameron Bairstow,1,bigs,2.1097615241662027,0.833941907698134,24.0,80.75,252.4,84.75,True,PF,-0.1,-2.258095238095238
2014,50,Alec Brown,1,bigs,2.4303464744634953,-0.5833715071266469,21.0,84.25,231.2,85.5,True,SG,0.0,-1.9266666666666665
2014,51,Thanasis Antetokounmpo,0,wings/mid-size,-0.10596755884933938,-0.5312249592011996,22.0,77.25,205.2,84.0,True,SF,0.0,-1.6295238095238094
2014,52,Vasilije Micić,0,wings/mid-size,0.018432698980752754,-0.06001587328475859,21.0,77.75,214.0,82.75,False,SG,0.0,-1.2276190476190476
2014,53,Alessandro Gentile,0,wings/mid-size,0.018432698980752754,-0.06001587328475859,21.0,77.75,214.0,82.75,False,SG,0.0,-0.936190476190476
2014,54,Nemanja Dangubić,0,wings/mid-size,0.018432698980752754,-0.06001587328475859,21.0,77.75,214.0,82.75,False,SG,0.0,-0.8266666666666668
2014,55,Semaj Christon,2,small guards,-2.472880005088555,-0.05157162089939338,22.0,73.5,186.0,78.5,True,PG,0.1,-0.5161904761904762
2014,56,Devyn Marble,0,wings/mid-size,-1.066342117049878,-0.5943556207565298,22.0,77.0,192.4,81.0,True,SG,-0.2,-0.8047619047619048
2014,57,Louis Labeyrie,0,wings/mid-size,0.018432698980752754,-0.06001587328475859,21.0,77.75,214.0,82.75,False,SG,0.0,-0.5459383753501401
2014,58,Jordan McRae,0,wings/mid-size,-1.0591433366481229,-1.459453748954229,23.0,75.75,179.4,84.5,True,PG,0.6000000000000001,-0.16510504201680665
2014,59,Xavier Thames,2,small guards,-2.7390329937201003,0.24760373191064233,21.0,74.25,187.0,76.0,True,SG,0.0,-0.7290003501400559
2014,60,Cory Jefferson,0,wings/mid-size,0.9017551227511911,-0.3855515662068908,24.0,79.75,218.4,84.5,True,PF,0.9,-0.008508403361344508
2015,1,Karl-Anthony Towns,0,wings/mid-size,0.018432698980752754,-0.06001587328475859,20.0,77.75,214.0,82.75,False,C,45.4,27.8015873015873
2015,2,D'Angelo Russell,0,wings/mid-size,-1.2861046689852307,-0.43579618150402816,19.0,75.25,193.4,81.75,True,PG,6.7,-9.94404761904762
2015,3,Jahlil Okafor,0,wings/mid-size,0.018432698980752754,-0.06001587328475859,20.0,77.75,214.0,82.75,False,C,5.2,-10.826666666666668
2015,4,Kristaps Porziņģis,0,wings/mid-size,0.018432698980752754,-0.06001587328475859,20.0,77.75,214.0,82.75,False,PF,12.1,-1.8095238095238102
2015,5,Mario Hezonja,0,wings/mid-size,0.018432698980752754,-0.06001587328475859,20.0,77.75,214.0,82.75,False,SF,2.4,-11.541904761904762
2015,6,Willie Cauley-Stein,1,bigs,2.795932436752458,-0.21237572749174097,22.0,83.25,242.4,87.0,True,C,17.3,5.566666666666668
2015,7,Emmanuel Mudiay,0,wings/mid-size,0.018432698980752754,-0.06001587328475859,19.0,77.75,214.0,82.75,False,PG,-1.1,-12.340952380952382
2015,8,Stanley Johnson,0,wings/mid-size,0.761295455796488,1.0606052052714805,19.0,77.0,241.8,83.5,True,SF,3.3,-7.297142857142858
2015,9,Frank Kaminsky,1,bigs,1.861382380789919,-0.1646882742645035,22.0,83.75,231.2,83.0,True,C,11.0,1.033333333333335
2015,10,Justise Winslow,0,wings/mid-size,-0.13234316625662046,0.48839357931915156,19.0,76.5,221.8,82.25,True,SF,7.8,-1.5533333333333337
2015,11,Myles Turner,1,bigs,2.5440904145835486,-0.3165763722950721,19.0,81.75,238.6,88.0,True,C,22.1,12.482857142857144
2015,12,Trey Lyles,1,bigs,1.9921430994865232,0.23991113816853818,20.0,81.0,241.2,85.5,True,PF,8.2,-0.9000000000000004
2015,13,Devin Booker,0,wings/mid-size,-0.9427896280200699,0.12120761186152622,19.0,76.5,205.8,80.25,True,SG,9.8,1.2295238095238101
2015,14,Cameron Payne,2,small guards,-2.588927600820564,-0.19201616710115874,21.0,72.75,182.8,79.25,True,PG,2.4,-5.531428571428572
2015,15,Kelly Oubre Jr.,0,wings/mid-size,0.35060801287738413,-1.0120782525085519,20.0,77.75,202.8,86.25,True,SF,8.3,0.8390476190476202
2015,16,Terry Rozier,2,small guards,-2.2553493051736684,-0.0007934218749319592,21.0,72.5,190.2,80.25,True,PG,9.9,2.640952380952381
2015,17,Rashad Vaughn,2,small guards,-1.5368022587228536,0.10173153359232963,19.0,75.75,198.6,79.0,True,SG,-0.6000000000000001,-7.824761904761905
2015,18,Sam Dekker,0,wings/mid-size,0.7237275335111275,-0.23557235241907043,21.0,79.75,218.6,83.5,True,PF,5.3,-1.6638095238095234
2015,19,Jerian Grant,2,small guards,-1.57168358467624,0.07047712509101094,23.0,75.25,198.0,79.5,True,PG,8.299999999999999,0.4647619047619038
2015,20,Delon Wright,2,small guards,-1.8115327694919936,-0.7329531102664582,23.0,76.25,181.4,79.5,True,PG,10.5,2.553333333333333
2015,21,Justin Anderson,0,wings/mid-size,0.5518925579401711,0.5374960890075434,22.0,77.25,230.6,83.75,True,SF,4.6,-3.3161904761904752
2015,22,Bobby Portis,1,bigs,2.3325032282838314,0.30831219978161106,20.0,81.5,246.2,86.0,True,PF,9.0,1.5028571428571436
2015,23,Rondae Hollis-Jefferson,0,wings/mid-size,0.47134919692232063,-0.6191436523486674,21.0,77.5,210.8,86.0,True,SF,9.1,1.8200000000000003
2015,24,Tyus Jones,2,small guards,-3.007106379991726,0.23239192116975899,19.0,72.5,184.6,77.0,True,PG,8.4,1.5228571428571431
2015,25,Jarell Martin,0,wings/mid-size,0.8739617428442612,0.9005891562926243,21.0,80.0,238.6,81.0,True,PF,3.2,-3.828571428571429
2015,26,Nikola Milutinov,0,wings/mid-size,0.018432698980752754,-0.06001587328475859,21.0,77.75,214.0,82.75,False,SG,0.0,-6.673333333333334
2015,27,Larry Nance Jr.,1,bigs,1.2574988468509318,-0.16178519195465046,23.0,79.5,226.6,85.5,True,PF,16.4,10.102105263157894
2015,28,R.J. Hunter,0,wings/mid-size,-1.1060606384991725,-1.044074182510277,22.0,76.5,185.0,82.5,True,SG,0.4,-6.243609022556392
2015,29,Chris McCullough,0,wings/mid-size,0.9790998130315948,-1.6288786295826796,20.0,80.25,199.0,87.25,True,PF,0.6,-5.384561403508773
2015,30,Kevon Looney,1,bigs,1.618309967970435,-0.6804008239377031,19.0,80.0,222.4,87.5,True,PF,10.3,5.475438596491228
2015,31,Cedi Osman,0,wings/mid-size,0.018432698980752754,-0.06001587328475859,20.0,77.75,214.0,82.75,False,SF,2.4,-2.126466165413533
2015,32,Montrezl Harrell,1,bigs,2.3948135747023547,0.6024322539895125,22.0,79.0,253.4,88.25,True,PF,19.2,14.91047619047619
2015,33,Jordan Mickey,1,bigs,1.784560130631814,0.11781070177007906,21.0,79.0,238.0,87.25,True,PF,0.5,-3.3285714285714283
2015,34,Anthony Brown,0,wings/mid-size,-0.01879542112909736,-0.21751530876513678,23.0,77.75,211.0,83.0,True,SF,-0.3,-3.946666666666666
2015,35,Willy Hernangómez,0,wings/mid-size,0.018432698980752754,-0.06001587328475859,21.0,77.75,214.0,82.75,False,C,7.8,3.8095238095238093
2015,36,Rakeem Christmas,1,bigs,2.5542535564181965,-0.13893746072760524,24.0,80.25,242.6,89.25,True,PF,0.5,-3.934285714285714
2015,37,Richaun Holmes,1,bigs,1.8714113647066286,0.40111084602133945,22.0,80.25,242.8,85.5,True,PF,12.4,8.096190476190475
2015,38,Darrun Hilliard,0,wings/mid-size,0.018432698980752754,-0.06001587328475859,22.0,77.75,214.0,82.75,False,SG,0.3,-3.7838095238095235
2015,39,Juan Pablo Vaulet,0,wings/mid-size,0.018432698980752754,-0.06001587328475859,21.0,77.75,214.0,82.75,False,SG,0.0,-4.023809523809524
2015,40,Josh Richardson,0,wings/mid-size,0.018432698980752754,-0.06001587328475859,22.0,77.75,214.0,82.75,False,SG,15.7,11.823809523809523
2015,41,Pat Connaughton,0,wings/mid-size,-0.8438211651910613,0.5949951388273544,23.0,76.0,215.0,80.0,True,SG,6.8,3.4180952380952383
2015,42,Olivier Hanlan,2,small guards,-2.185059788112038,-0.21304825775871097,21.0,75.25,185.8,78.0,True,SG,0.0,-3.1990476190476187
2015,43,Joe Young,0,wings/mid-size,0.018432698980752754,-0.06001587328475859,23.0,77.75,214.0,82.75,False,PG,0.3,-2.8457142857142856
2015,44,Andrew Harrison,0,wings/mid-size,-0.6000827050662982,0.31585370045365757,21.0,76.5,213.2,81.0,True,PG,3.2,0.2723809523809524
2015,45,Marcus Thornton,2,small guards,-2.240392106387619,0.342714027336096,28.0,74.75,194.4,77.0,True,SG,2.2,-0.49904761904761896
2015,46,Norman Powell,0,wings/mid-size,-0.5480073040739135,0.34934779344693717,22.0,75.0,215.4,82.75,True,SG,7.4,4.934285714285714
2015,47,Artūras Gudaitis,0,wings/mid-size,0.018432698980752754,-0.06001587328475859,21.0,77.75,214.0,82.75,False,SG,0.0,-2.56
2015,48,Dakari Johnson,1,bigs,3.172433266070438,0.8645907677783633,20.0,83.0,264.6,86.0,True,C,0.6,-1.7533333333333334
2015,49,Aaron White,0,wings/mid-size,0.018432698980752754,-0.06001587328475859,21.0,77.75,214.0,82.75,False,SG,0.0,-2.158095238095238
2015,50,Marcus Eriksson,0,wings/mid-size,0.018432698980752754,-0.06001587328475859,21.0,77.75,214.0,82.75,False,SG,0.0,-1.9266666666666665
2015,51,Tyler Harvey,2,small guards,-2.508795845569713,-0.2570415976022743,21.0,74.75,181.4,77.5,True,SG,0.0,-1.6295238095238094
2015,52,Satnam Singh,0,wings/mid-size,0.018432698980752754,-0.06001587328475859,21.0,77.75,214.0,82.75,False,SG,0.0,-1.2276190476190476
2015,53,Sir'Dominic Pointer,0,wings/mid-size,0.018432698980752754,-0.06001587328475859,21.0,77.75,214.0,82.75,False,SG,0.0,-0.936190476190476
2015,54,Dani Díez,0,wings/mid-size,0.018432698980752754,-0.06001587328475859,21.0,77.75,214.0,82.75,False,SG,0.0,-0.8266666666666668
2015,55,Cady Lalanne,0,wings/mid-size,0.018432698980752754,-0.06001587328475859,21.0,77.75,214.0,82.75,False,SG,0.0,-0.6161904761904762
2015,56,Branden Dawson,0,wings/mid-size,0.4581539978439875,0.5955692711261,22.0,77.5,230.2,83.0,True,PF,0.0,-0.6047619047619047
2015,57,Nikola Radičević,0,wings/mid-size,0.018432698980752754,-0.06001587328475859,21.0,77.75,214.0,82.75,False,SG,0.0,-0.5459383753501401
2015,58,J.P. Tokoto,0,wings/mid-size,-0.7335492358768169,-0.6299259871942167,21.0,77.25,195.8,82.0,True,SG,0.0,-0.7651050420168067
2015,59,Dimitrios Agravanis,0,wings/mid-size,0.018432698980752754,-0.06001587328475859,21.0,77.75,214.0,82.75,False,SG,0.0,-0.7290003501400559
2015,60,Luka Mitrović,0,wings/mid-size,0.018432698980752754,-0.06001587328475859,21.0,77.75,214.0,82.75,False,SG,0.0,-0.9085084033613445
2016,1,Ben Simmons,0,wings/mid-size,0.018432698980752754,-0.06001587328475859,20.0,77.75,214.0,82.75,False,PG,24.3,6.701587301587303
2016,2,Brandon Ingram,0,wings/mid-size,0.018432698980752754,-0.06001587328475859,19.0,77.75,214.0,82.75,False,SF,9.6,-7.044047619047619
2016,3,Jaylen Brown,0,wings/mid-size,0.3357796305249328,0.22019570600391714,20.0,77.25,222.8,83.75,True,SF,13.9,-2.126666666666667
2016,4,Dragan Bender,0,wings/mid-size,0.018432698980752754,-0.06001587328475859,19.0,77.75,214.0,82.75,False,PF,0.6000000000000001,-13.30952380952381
2016,5,Kris Dunn,0,wings/mid-size,-0.8162579868079857,0.46970057581556107,22.0,75.0,214.0,81.5,True,PG,3.9,-10.041904761904762
2016,6,Buddy Hield,0,wings/mid-size,-0.7414184886164091,0.3439616945955903,24.0,75.75,212.4,81.25,True,SG,13.0,1.2666666666666675
2016,7,Jamal Murray,0,wings/mid-size,0.018432698980752754,-0.06001587328475859,19.0,77.75,214.0,82.75,False,SG,16.2,4.959047619047617
2016,8,Marquese Chriss,1,bigs,1.4804654110080737,0.11568055708297677,19.0,80.75,233.0,84.25,True,PF,5.699999999999999,-4.897142857142859
2016,9,Jakob Poeltl,1,bigs,2.875920584820328,-0.4433752572871664,21.0,84.25,239.0,86.75,True,C,16.299999999999997,6.333333333333332
2016,10,Thon Maker,1,bigs,2.1745150255989625,-1.3503904518840204,19.0,83.75,216.0,87.0,True,C,6.3,-3.0533333333333337
2016,11,Domantas Sabonis,0,wings/mid-size,0.018432698980752754,-0.06001587328475859,20.0,77.75,214.0,82.75,False,PF,20.6,10.982857142857144
2016,12,Taurean Prince,0,wings/mid-size,0.49295407094084226,-0.01029767803242065,22.0,78.5,220.2,83.5,True,SF,5.2,-3.8999999999999995
2016,13,Georgios Papagiannis,0,wings/mid-size,0.018432698980752754,-0.06001587328475859,19.0,77.75,214.0,82.75,False,C,0.4,-8.17047619047619
2016,14,Denzel Valentine,0,wings/mid-size,-0.4664577763234146,0.01780017896665659,23.0,76.0,210.4,82.75,True,SG,3.6,-4.331428571428571
2016,15,Juancho Hernangómez,0,wings/mid-size,0.018432698980752754,-0.06001587328475859,21.0,77.75,214.0,82.75,False,PF,6.1000000000000005,-1.36095238095238
2016,16,Guerschon Yabusele,0,wings/mid-size,0.018432698980752754,-0.06001587328475859,21.0,77.75,214.0,82.75,False,PF,1.1,-6.1590476190476195
2016,17,Wade Baldwin,0,wings/mid-size,-0.943076842386031,-0.21074058672709317,20.0,74.5,201.8,83.25,True,PG,-0.3,-7.524761904761905
2016,18,Henry Ellenson,1,bigs,2.372068693285104,0.0379223542283642,20.0,82.0,242.0,86.25,True,PF,0.2,-6.763809523809523
2016,19,Malik Beasley,2,small guards,-1.8356428355993433,-0.2242109024268882,20.0,75.5,189.8,79.0,True,SG,6.2,-1.635238095238095
2016,20,Caris LeVert,0,wings/mid-size,-0.7565000788034972,-0.8892627278841448,22.0,77.75,191.0,82.0,True,SF,7.3,-0.6466666666666674
2016,21,DeAndre' Bembry,0,wings/mid-size,-0.7920761171091457,0.0439454176231458,22.0,76.25,206.6,81.25,True,SF,1.0,-6.916190476190475
2016,22,Malachi Richardson,0,wings/mid-size,-0.37116728580964425,-0.6949553958494409,21.0,76.75,199.6,84.0,True,SG,-0.1,-7.597142857142856
2016,23,Ante Žižić,0,wings/mid-size,0.018432698980752754,-0.06001587328475859,20.0,77.75,214.0,82.75,False,C,3.5,-3.7799999999999994
2016,24,Timothé Luwawu-Cabarrot,0,wings/mid-size,0.018432698980752754,-0.06001587328475859,21.0,77.75,214.0,82.75,False,SF,3.5,-3.3771428571428572
2016,25,Brice Johnson,0,wings/mid-size,0.9053329436798147,-0.9443984381101747,22.0,81.0,208.6,84.5,True,PF,0.2,-6.828571428571429
2016,26,Furkan Korkmaz,0,wings/mid-size,0.018432698980752754,-0.06001587328475859,19.0,77.75,214.0,82.75,False,SG,3.9,-2.773333333333334
2016,27,Pascal Siakam,1,bigs,1.7438070946547475,-0.5061234281852306,22.0,80.25,226.6,87.25,True,PF,21.0,14.702105263157895
2016,28,Skal Labissière,1,bigs,1.8020848758331394,-1.1274172895402406,20.0,82.5,215.8,86.5,True,PF,4.4,-2.2436090225563916
2016,29,Dejounte Murray,0,wings/mid-size,0.018432698980752754,-0.06001587328475859,20.0,77.75,214.0,82.75,False,PG,5.800000000000001,-0.1845614035087717
2016,30,Damian Jones,1,bigs,2.746773833615901,-0.14179283078351107,21.0,82.25,243.6,87.75,True,C,4.4,-0.4245614035087719
2016,31,Deyonta Davis,1,bigs,2.1199057674707675,-0.09668779675976928,20.0,81.25,237.2,86.5,True,C,3.6,-0.9264661654135327
2016,32,Ivica Zubac,0,wings/mid-size,0.018432698980752754,-0.06001587328475859,19.0,77.75,214.0,82.75,False,C,11.9,7.6104761904761915
2016,33,Cheick Diallo,1,bigs,1.5865514013823057,-0.9127514018087333,20.0,79.5,218.6,88.5,True,PF,6.3,2.4714285714285715
2016,34,Tyler Ulis,2,small guards,-5.363946386517866,-0.3015714946334926,21.0,68.75,149.2,74.0,True,PG,0.4999999999999999,-3.146666666666666
2016,35,Rade Zagorac,0,wings/mid-size,0.018432698980752754,-0.06001587328475859,21.0,77.75,214.0,82.75,False,SG,0.0,-3.9904761904761905
2016,36,Malcolm Brogdon,0,wings/mid-size,-0.21826537867461965,0.5978606460261157,24.0,75.75,223.0,82.5,True,SG,17.3,12.865714285714287
2016,37,Chinanu Onuaku,1,bigs,2.3324314246923414,0.22532515013445634,20.0,81.0,245.2,86.75,True,C,0.0,-4.303809523809524
2016,38,Patrick McCaw,0,wings/mid-size,-1.1491510193676606,-1.2401190314319608,21.0,77.25,180.8,82.0,True,SG,4.199999999999999,0.11619047619047596
2016,39,David Michineau,0,wings/mid-size,0.018432698980752754,-0.06001587328475859,21.0,77.75,214.0,82.75,False,SG,0.0,-4.023809523809524
2016,40,Diamond Stone,1,bigs,2.5873338519000595,0.5995768839336068,19.0,81.0,254.4,86.75,True,C,-0.1,-3.976190476190476
2016,41,Stephen Zimmerman,1,bigs,2.3890042190051237,-0.4613947258300082,20.0,82.25,234.0,87.25,True,C,0.0,-3.3819047619047615
2016,42,Isaiah Whitehead,0,wings/mid-size,-1.0097409749419717,0.3813274273170593,21.0,75.25,210.0,80.75,True,PG,-0.9,-4.099047619047619
2016,43,Zhou Qi,1,bigs,3.4375476323935104,-2.1268760776877924,21.0,85.25,218.2,91.75,True,C,-0.3,-3.4457142857142853
2016,44,Isaïa Cordinier,0,wings/mid-size,0.018432698980752754,-0.06001587328475859,21.0,77.75,214.0,82.75,False,SG,0.0,-2.927619047619048
2016,45,Demetrius Jackson,2,small guards,-2.7704612073977604,0.5997969682371003,22.0,72.0,193.8,77.5,True,PG,0.2,-2.499047619047619
2016,46,A.J. Hammons,0,wings/mid-size,0.018432698980752754,-0.06001587328475859,24.0,77.75,214.0,82.75,False,C,0.0,-2.4657142857142857
2016,47,Jake Layman,0,wings/mid-size,0.0886504124508919,-0.3552577588156935,22.0,80.0,208.6,81.25,True,SF,3.0,0.43999999999999995
2016,48,Paul Zipser,0,wings/mid-size,0.018432698980752754,-0.06001587328475859,22.0,77.75,214.0,82.75,False,SF,-0.0999999999999999,-2.4533333333333336
2016,49,Michael Gbinije,0,wings/mid-size,-0.8936310248835138,0.05062471515329501,24.0,77.5,204.6,79.5,True,SG,-0.1,-2.258095238095238
2016,50,Georges Niang,0,wings/mid-size,0.5663134423063223,0.6016328830923042,23.0,78.75,230.8,82.0,True,PF,2.8,0.8733333333333333
2016,51,Ben Bentil,1,bigs,1.2745156254274828,-0.02398091435318365,21.0,79.25,229.2,85.5,True,PF,-0.1,-1.7295238095238095
2016,52,Joel Bolomboy,1,bigs,1.242436155193927,-0.28674099840901524,23.0,79.5,224.4,85.75,True,PF,0.3,-0.9276190476190476
2016,53,Petr Cornelie,0,wings/mid-size,0.018432698980752754,-0.06001587328475859,21.0,77.75,214.0,82.75,False,SG,0.0,-0.936190476190476
2016,54,Kay Felder,2,small guards,-4.606413645282044,0.8306088345451538,21.0,68.25,177.2,74.5,True,PG,-0.4,-1.2266666666666668
2016,55,Marcus Paige,2,small guards,-3.3539463368241025,-0.7910465666707256,23.0,72.5,163.8,78.25,True,PG,0.0,-0.6161904761904762
2016,56,Daniel Hamilton,0,wings/mid-size,-0.6637865839700442,-0.5674171701915791,21.0,78.25,197.0,81.0,True,SG,0.0,-0.6047619047619047
2016,57,Wang Zhelin,0,wings/mid-size,0.018432698980752754,-0.06001587328475859,21.0,77.75,214.0,82.75,False,SG,0.0,-0.5459383753501401
2016,58,Abdel Nader,0,wings/mid-size,0.018432698980752754,-0.06001587328475859,23.0,77.75,214.0,82.75,False,SF,2.1,1.3348949579831935
2016,59,Isaiah Cousins,2,small guards,-1.9119719098820585,0.08506311312509272,21.0,75.25,194.0,78.25,True,SG,0.0,-0.7290003501400559
2016,60,Tyrone Wallace,0,wings/mid-size,0.018432698980752754,-0.06001587328475859,22.0,77.75,214.0,82.75,False,PG,0.1999999999999999,-0.7085084033613447
2017,1,Markelle Fultz,0,wings/mid-size,0.018432698980752754,-0.06001587328475859,19.0,77.75,214.0,82.75,False,SG,3.1,-14.498412698412698
2017,2,Lonzo Ball,0,wings/mid-size,0.018432698980752754,-0.06001587328475859,20.0,77.75,214.0,82.75,False,PG,9.2,-7.44404761904762
2017,3,Jayson Tatum,0,wings/mid-size,0.018432698980752754,-0.06001587328475859,19.0,77.75,214.0,82.75,False,SF,25.5,9.473333333333333
2017,4,Josh Jackson,0,wings/mid-size,0.018432698980752754,-0.06001587328475859,20.0,77.75,214.0,82.75,False,SF,-1.7999999999999998,-15.709523809523809
2017,5,De'Aaron Fox,2,small guards,-2.8172295605814877,-0.7827909824665099,20.0,74.0,169.6,78.5,True,PG,13.2,-0.7419047619047632
2017,6,Jonathan Isaac,0,wings/mid-size,0.018432698980752754,-0.06001587328475859,20.0,77.75,214.0,82.75,False,PF,6.7,-5.033333333333332
2017,7,Lauri Markkanen,0,wings/mid-size,0.018432698980752754,-0.06001587328475859,20.0,77.75,214.0,82.75,False,PF,11.6,0.35904761904761706
2017,8,Frank Ntilikina,0,wings/mid-size,0.018432698980752754,-0.06001587328475859,19.0,77.75,214.0,82.75,False,PG,-0.3,-10.897142857142859
2017,9,Dennis Smith Jr.,0,wings/mid-size,0.018432698980752754,-0.06001587328475859,20.0,77.75,214.0,82.75,False,PG,-1.0,-10.966666666666665
2017,10,Zach Collins,1,bigs,1.9261018756913542,-0.21547045144307347,20.0,82.25,232.2,85.0,True,C,3.8,-5.553333333333334
2017,11,Malik Monk,0,wings/mid-size,0.018432698980752754,-0.06001587328475859,19.0,77.75,214.0,82.75,False,SG,2.0,-7.617142857142857
2017,12,Luke Kennard,2,small guards,-1.7594816085140346,0.15621398314332174,21.0,76.5,196.2,77.25,True,SG,9.7,0.5999999999999996
2017,13,Donovan Mitchell,0,wings/mid-size,-1.1816572033694595,0.5172745110838336,21.0,73.25,211.4,82.0,True,SG,21.8,13.22952380952381
2017,14,Bam Adebayo,0,wings/mid-size,0.018432698980752754,-0.06001587328475859,20.0,77.75,214.0,82.75,False,C,28.3,20.36857142857143
2017,15,Justin Jackson,0,wings/mid-size,-0.27722276420403097,-1.0582017370392174,22.0,79.0,193.4,82.75,True,SF,5.3,-2.1609523809523807
2017,16,Justin Patton,1,bigs,2.1495571906913287,-0.5972940973428353,20.0,82.0,229.0,87.0,True,C,0.4,-6.859047619047619
2017,17,D.J. Wilson,1,bigs,2.0240695132720576,-0.2174371850826234,21.0,80.75,234.4,87.0,True,PF,2.4,-4.824761904761905
2017,18,T.J. Leaf,0,wings/mid-size,0.9517709439530725,-0.14635430160405247,20.0,80.75,222.2,83.0,True,PF,2.7,-4.263809523809523
2017,19,John Collins,0,wings/mid-size,0.97074180944917,0.004298447144516513,20.0,80.25,225.2,83.25,True,PF,23.0,15.164761904761905
2017,20,Harry Giles,1,bigs,2.1135071922922313,-0.41460386532734156,19.0,81.25,232.0,87.25,True,PF,3.1,-4.846666666666668
2017,21,Terrance Ferguson,0,wings/mid-size,-1.2238469103762566,-0.9484060509176804,19.0,77.5,184.4,80.75,True,SG,4.4,-3.5161904761904745
2017,22,Jarrett Allen,1,bigs,2.4699550780092756,-0.6011657370710262,19.0,81.0,233.6,89.25,True,C,26.4,18.902857142857144
2017,23,OG Anunoby,1,bigs,1.2807705934230393,0.12796105492008014,20.0,78.25,232.4,86.25,True,SF,13.8,6.520000000000001
2017,24,Tyler Lydon,0,wings/mid-size,0.8258093064403524,-0.5170153028356371,21.0,80.25,215.0,84.0,True,PF,0.2,-6.677142857142857
2017,25,Anžejs Pasečņiks,0,wings/mid-size,0.018432698980752754,-0.06001587328475859,22.0,77.75,214.0,82.75,False,C,0.4,-6.628571428571429
2017,26,Caleb Swanigan,1,bigs,2.178772450878606,0.36811892063304,20.0,79.5,246.6,87.5,True,PF,-0.2,-6.873333333333334
2017,27,Kyle Kuzma,0,wings/mid-size,1.0272522494355034,-0.21127417045441832,22.0,80.0,222.6,84.25,True,PF,12.2,5.902105263157894
2017,28,Tony Bradley,1,bigs,2.900226845920207,0.020586557789126658,20.0,81.25,248.8,89.0,True,C,6.1,-0.5436090225563923
2017,29,Derrick White,2,small guards,-1.798879226317901,-0.26309507242562213,23.0,75.25,189.8,79.5,True,PG,10.2,4.215438596491227
2017,30,Josh Hart,0,wings/mid-size,-1.0678940474674654,0.06032677194100988,22.0,76.0,203.6,80.5,True,SG,11.3,6.475438596491228
2017,31,Frank Jackson,2,small guards,-1.7470434761144127,0.3771108720426932,19.0,74.0,201.6,79.5,True,PG,1.8,-2.726466165413533
2017,32,Davon Reed,0,wings/mid-size,-0.24332336496886814,-0.3944329731179089,22.0,76.5,206.2,84.0,True,SG,-0.1999999999999999,-4.489523809523809
2017,33,Wes Iwundu,0,wings/mid-size,0.018432698980752754,-0.06001587328475859,23.0,77.75,214.0,82.75,False,SF,4.3,0.47142857142857153
2017,34,Frank Mason III,2,small guards,-3.54210872010369,0.8436966595876826,23.0,71.0,188.8,75.25,True,PG,1.2,-2.4466666666666663
2017,35,Ivan Rabb,1,bigs,1.338655667364513,-0.6067293622668883,20.0,80.75,219.6,85.5,True,PF,3.3,-0.6904761904761907
2017,36,Jonah Bolden,0,wings/mid-size,0.018432698980752754,-0.06001587328475859,22.0,77.75,214.0,82.75,False,PF,1.4,-3.0342857142857143
2017,37,Semi Ojeleye,0,wings/mid-size,0.4839879493470298,1.2605216939213546,23.0,77.25,241.4,81.75,True,PF,5.0,0.696190476190476
2017,38,Jordan Bell,0,wings/mid-size,0.7430911062441424,0.028476952161455904,23.0,79.0,223.6,83.75,True,C,4.9,0.816190476190477
2017,39,Jawun Evans,2,small guards,-3.2838438827418197,0.41014037254208346,21.0,70.75,185.2,77.5,True,PG,-0.4,-4.423809523809524
2017,40,Dwayne Bacon,0,wings/mid-size,-0.12875589606295584,0.4836810154285522,22.0,76.75,221.6,82.0,True,SG,0.7999999999999998,-3.076190476190476
2017,41,Tyler Dorsey,2,small guards,-2.4664190755835698,-0.20480281069735057,21.0,75.0,182.6,77.25,True,SG,1.0,-2.3819047619047615
2017,42,Thomas Bryant,1,bigs,3.1111098706026206,-0.193973768291632,20.0,81.5,247.8,90.0,True,C,10.6,7.400952380952381
2017,43,Isaiah Hartenstein,0,wings/mid-size,0.018432698980752754,-0.06001587328475859,19.0,77.75,214.0,82.75,False,PF,3.2,0.054285714285714715
2017,44,Damyean Dotson,0,wings/mid-size,-0.8217369895947483,-0.009582589806472646,23.0,76.5,205.2,81.0,True,SG,3.0,0.07238095238095221
2017,45,Dillon Brooks,0,wings/mid-size,-0.8468003173733382,0.9620654074913746,22.0,77.0,220.2,78.0,True,SF,3.8,1.1009523809523807
2017,46,Sterling Brown,0,wings/mid-size,0.018432698980752754,-0.06001587328475859,22.0,77.75,214.0,82.75,False,SG,5.7,3.2342857142857144
2017,47,Ike Anigbogu,1,bigs,3.0588285081008064,0.07770529778630836,19.0,80.5,252.2,90.25,True,C,0.0,-2.56
2017,48,Sindarius Thornwell,0,wings/mid-size,-0.6809280711994935,0.23707306893801341,23.0,75.5,211.6,82.0,True,SG,1.1,-1.2533333333333334
2017,49,Vlatko Čančar,0,wings/mid-size,0.018432698980752754,-0.06001587328475859,20.0,77.75,214.0,82.75,False,PF,0.4,-1.7580952380952382
2017,50,Mathias Lessort,0,wings/mid-size,0.018432698980752754,-0.06001587328475859,21.0,77.75,214.0,82.75,False,SG,0.0,-1.9266666666666665
2017,51,Monte Morris,2,small guards,-3.2860565189803443,-0.104264863155351,22.0,73.25,175.2,76.0,True,PG,13.1,11.470476190476191
2017,52,Edmond Sumner,2,small guards,-1.729734141687558,-1.1170782682090912,22.0,76.0,176.4,81.0,True,PG,1.9,0.6723809523809523
2017,53,Kadeem Allen,2,small guards,-1.9007837027846795,-0.1172167151185626,25.0,73.0,192.4,81.25,True,PG,1.0,0.06380952380952398
2017,54,Alec Peters,0,wings/mid-size,0.8472800225409355,0.47999088019898567,22.0,79.25,232.0,82.75,True,PF,0.3,-0.5266666666666668
2017,55,Nigel Williams-Goss,2,small guards,-2.218834795946163,0.012899951588686426,23.0,73.5,190.2,79.25,True,PG,0.0,-0.6161904761904762
2017,56,Jabari Bird,0,wings/mid-size,0.018432698980752754,-0.06001587328475859,23.0,77.75,214.0,82.75,False,SG,0.2,-0.4047619047619047
2017,57,Sasha Vezenkov,0,wings/mid-size,0.018432698980752754,-0.06001587328475859,21.0,77.75,214.0,82.75,False,SG,0.0,-0.5459383753501401
2017,58,Ognjen Jaramaz,0,wings/mid-size,0.018432698980752754,-0.06001587328475859,21.0,77.75,214.0,82.75,False,SG,0.0,-0.7651050420168067
2017,59,Jaron Blossomgame,0,wings/mid-size,-0.020284997220235856,-0.03398017443312674,24.0,78.25,213.6,82.0,True,SF,0.3,-0.42900035014005594
2017,60,Alpha Kaba,0,wings/mid-size,0.018432698980752754,-0.06001587328475859,21.0,77.75,214.0,82.75,False,SG,0.0,-0.9085084033613445
2018,1,Deandre Ayton,0,wings/mid-size,0.018432698980752754,-0.06001587328475859,20.0,77.75,214.0,82.75,False,C,24.6,7.001587301587303
2018,2,Marvin Bagley III,0,wings/mid-size,0.018432698980752754,-0.06001587328475859,19.0,77.75,214.0,82.75,False,PF,7.4,-9.244047619047619
2018,3,Luka Dončić,0,wings/mid-size,0.018432698980752754,-0.06001587328475859,19.0,77.75,214.0,82.75,False,SG,29.0,12.973333333333333
2018,4,Jaren Jackson Jr.,1,bigs,2.7015139550533958,-0.5996472997937612,19.0,81.75,236.0,89.25,True,PF,12.9,-1.0095238095238095
2018,5,Trae Young,2,small guards,-3.5626504145474573,0.23945768751128432,20.0,72.5,177.8,75.0,True,PG,26.4,12.458095238095236
2018,6,Mo Bamba,0,wings/mid-size,0.018432698980752754,-0.06001587328475859,20.0,77.75,214.0,82.75,False,C,10.5,-1.2333333333333325
2018,7,Wendell Carter Jr.,1,bigs,2.770438287424926,0.261349971923177,19.0,80.75,251.4,88.5,True,C,13.6,2.359047619047617
2018,8,Collin Sexton,2,small guards,-2.638407107602548,-0.15184277657773124,20.0,72.5,183.0,79.25,True,PG,5.3,-5.297142857142858
2018,9,Kevin Knox,0,wings/mid-size,0.6033790567031085,-0.5151103967469974,19.0,79.75,212.6,83.75,True,PF,-0.3,-10.266666666666666
2018,10,Mikal Bridges,0,wings/mid-size,0.018432698980752754,-0.06001587328475859,22.0,77.75,214.0,82.75,False,SF,24.6,15.246666666666668
2018,11,Shai Gilgeous-Alexander,0,wings/mid-size,-1.0610256199761792,-1.3893151704541762,20.0,76.5,180.0,83.5,True,PG,17.5,7.882857142857143
2018,12,Miles Bridges,0,wings/mid-size,-0.14374678412847036,0.44171225862134234,20.0,77.25,220.4,81.5,True,SF,15.9,6.800000000000001
2018,13,Jerome Robinson,2,small guards,-1.7184983710131136,-0.38069804638909016,21.0,76.0,188.4,79.25,True,SG,-0.0999999999999999,-8.67047619047619
2018,14,Michael Porter Jr.,0,wings/mid-size,1.0359787202404211,-0.8753816909331555,20.0,81.5,211.0,84.25,True,SF,9.6,1.6685714285714282
2018,15,Troy Brown Jr.,0,wings/mid-size,-0.2395924875922221,-0.2331714377141975,19.0,77.75,208.0,82.25,True,SF,4.9,-2.56095238095238
2018,16,Zhaire Smith,0,wings/mid-size,-1.2520711118321284,-0.1601876263010944,19.0,74.75,198.6,81.75,True,SG,0.0,-7.259047619047619
2018,17,Donte DiVincenzo,2,small guards,-1.7199784978392108,0.35697139595560456,22.0,75.5,200.6,78.0,True,SG,9.2,1.975238095238094
2018,18,Lonnie Walker IV,0,wings/mid-size,-1.0066994684332462,-0.4568900997124916,20.0,75.75,196.2,82.25,True,SG,1.9,-5.063809523809523
2018,19,Kevin Huerter,0,wings/mid-size,-1.022260360198125,-0.47669081924215173,20.0,78.25,194.0,79.5,True,SG,9.5,1.6647619047619049
2018,20,Josh Okogie,0,wings/mid-size,-0.4459973347361788,-0.015082206616784435,20.0,75.0,210.8,84.0,True,SG,5.4,-2.546666666666667
2018,21,Grayson Allen,2,small guards,-1.6725966851597538,0.13797543499076512,23.0,75.0,198.0,79.25,True,SG,8.100000000000001,0.18380952380952653
2018,22,Chandler Hutchison,0,wings/mid-size,0.018432698980752754,-0.06001587328475859,22.0,77.75,214.0,82.75,False,SF,1.2,-6.297142857142856
2018,23,Aaron Holiday,2,small guards,-2.646750320435589,0.07152699172027897,22.0,71.75,187.0,79.5,True,PG,4.7,-2.579999999999999
2018,24,Anfernee Simons,2,small guards,-1.8805818105164225,-0.651655865252337,19.0,74.25,183.2,81.25,True,SG,4.0,-2.8771428571428572
2018,25,Moritz Wagner,1,bigs,1.6598052798768286,-0.08226919792734748,21.0,82.0,231.2,84.0,True,C,5.9,-1.128571428571429
2018,26,Landry Shamet,2,small guards,-1.80474148707654,-0.30164048586692854,21.0,76.0,188.6,78.75,True,SG,10.6,3.926666666666666
2018,27,Robert Williams,0,wings/mid-size,0.018432698980752754,-0.06001587328475859,21.0,77.75,214.0,82.75,False,C,18.4,12.102105263157894
2018,28,Jacob Evans,0,wings/mid-size,-0.9860236160715395,-0.24081133635446814,21.0,76.25,199.6,81.25,True,SG,-0.6,-7.243609022556392
2018,29,Džanan Musa,0,wings/mid-size,0.018432698980752754,-0.06001587328475859,19.0,77.75,214.0,82.75,False,SG,0.1,-5.884561403508773
2018,30,Omari Spellman,1,bigs,2.2129496152146895,0.8097015751302845,21.0,80.0,253.8,86.0,True,PF,2.4,-2.4245614035087724
2018,31,Elie Okobo,0,wings/mid-size,0.018432698980752754,-0.06001587328475859,21.0,77.75,214.0,82.75,False,PG,0.5,-4.026466165413533
2018,32,Jevon Carter,2,small guards,-2.8784052410856242,0.8426945052123607,23.0,72.25,196.2,76.25,True,PG,4.6,0.3104761904761908
2018,33,Jalen Brunson,2,small guards,-2.698279957743034,0.8715378618659523,22.0,73.0,198.4,76.0,True,PG,17.3,13.471428571428572
2018,34,Devonte' Graham,2,small guards,-2.782793846926426,0.16034843658106676,23.0,72.25,186.4,78.25,True,PG,10.1,6.453333333333333
2018,35,Melvin Frazier,0,wings/mid-size,-0.14373199337908757,-0.9680950498078449,22.0,76.5,198.2,85.75,True,SG,-0.3,-4.29047619047619
2018,36,Mitchell Robinson,0,wings/mid-size,0.018432698980752754,-0.06001587328475859,20.0,77.75,214.0,82.75,False,C,24.8,20.365714285714287
2018,37,Gary Trent Jr.,0,wings/mid-size,-0.9503568756443181,0.01723618381076529,20.0,76.25,204.2,80.75,True,SG,9.6,5.296190476190476
2018,38,Khyri Thomas,0,wings/mid-size,-1.1638739088491559,-0.22639671567615388,22.0,74.5,198.8,82.5,True,SG,0.5,-3.5838095238095233
2018,39,Isaac Bonga,0,wings/mid-size,0.018432698980752754,-0.06001587328475859,19.0,77.75,214.0,82.75,False,PG,1.8,-2.223809523809524
2018,40,Rodions Kurucs,0,wings/mid-size,0.018432698980752754,-0.06001587328475859,20.0,77.75,214.0,82.75,False,SF,2.3000000000000003,-1.5761904761904755
2018,41,Jarred Vanderbilt,0,wings/mid-size,0.018432698980752754,-0.06001587328475859,19.0,77.75,214.0,82.75,False,PF,9.2,5.818095238095237
2018,42,Bruce Brown,2,small guards,-1.3355123721757245,-0.3126357413334458,22.0,75.5,194.6,81.0,True,SG,12.8,9.600952380952382
2018,43,Justin Jackson,0,wings/mid-size,-0.27722276420403097,-1.0582017370392174,23.0,79.0,193.4,82.75,True,SF,4.3,1.1542857142857144
2018,44,Issuf Sanon,0,wings/mid-size,0.018432698980752754,-0.06001587328475859,21.0,77.75,214.0,82.75,False,SG,0.0,-2.927619047619048
2018,45,Hamidou Diallo,0,wings/mid-size,-0.7898823794007037,-0.549917962704789,20.0,75.75,197.4,83.25,True,SG,4.9,2.200952380952381
2018,46,De'Anthony Melton,2,small guards,-1.7411906646208155,-0.13847802252868605,20.0,74.25,193.2,80.5,True,PG,7.6,5.1342857142857135
2018,47,Svi Mykhailiuk,0,wings/mid-size,-0.7168681516950764,0.8872760926516339,21.0,78.5,219.6,77.0,True,SF,2.6,0.040000000000000036
2018,48,Keita Bates-Diop,1,bigs,1.4461446394890103,-0.4918761967085763,23.0,79.25,223.8,87.25,True,SF,3.4000000000000004,1.0466666666666669
2018,49,Chimezie Metu,1,bigs,1.1000658571160433,-0.432848572468646,21.0,80.5,219.6,84.5,True,PF,2.1,-0.05809523809523798
2018,50,Alize Johnson,0,wings/mid-size,0.05345763211711969,0.13721263451086982,22.0,79.25,216.6,80.75,True,PF,1.3,-0.6266666666666665
2018,51,Tony Carr,2,small guards,-1.4668623103536338,0.02867575748546099,21.0,75.0,198.8,80.25,True,SG,0.0,-1.6295238095238094
2018,52,Vince Edwards,0,wings/mid-size,0.018432698980752754,-0.06001587328475859,22.0,77.75,214.0,82.75,False,SF,0.0,-1.2276190476190476
2018,53,Devon Hall,0,wings/mid-size,-1.0729708937522686,0.24857447016361933,23.0,76.25,206.4,79.75,True,PG,-0.2,-1.136190476190476
2018,54,Shake Milton,0,wings/mid-size,-0.0779398696378559,-0.4601359167338809,22.0,76.5,207.2,84.75,True,SG,6.9,6.073333333333333
2018,55,Arnoldas Kulboka,0,wings/mid-size,0.018432698980752754,-0.06001587328475859,21.0,77.75,214.0,82.75,False,SF,0.0,-0.6161904761904762
2018,56,Ray Spalding,1,bigs,1.8739071075304148,-1.270611644147163,21.0,81.0,215.4,88.75,True,PF,0.1,-0.5047619047619047
2018,57,Kevin Hervey,0,wings/mid-size,0.9889515004858571,-0.9275149161873305,22.0,78.5,211.6,87.5,True,PF,-0.1,-0.6459383753501401
2018,58,Thomas Welsh,1,bigs,2.6216451741540814,0.6529993297124753,22.0,83.5,254.0,84.0,True,C,0.1,-0.6651050420168068
2018,59,George King,0,wings/mid-size,0.06347716676878737,0.14887744678402703,25.0,76.75,218.6,83.5,True,SF,-0.1,-0.8290003501400559
2018,60,Kostas Antetokounmpo,0,wings/mid-size,0.8442249589864693,-1.7540018252387044,21.0,81.0,194.8,86.25,True,PF,-0.2,-1.1085084033613446
2019,1,Zion Williamson,0,wings/mid-size,0.018432698980752754,-0.06001587328475859,19.0,77.75,214.0,82.75,False,PF,14.3,-3.2984126984126974
2019,2,Ja Morant,0,wings/mid-size,0.018432698980752754,-0.06001587328475859,20.0,77.75,214.0,82.75,False,PG,19.7,3.0559523809523803
2019,3,RJ Barrett,0,wings/mid-size,0.018432698980752754,-0.06001587328475859,19.0,77.75,214.0,82.75,False,SG,8.1,-7.926666666666668
2019,4,De'Andre Hunter,0,wings/mid-size,0.018432698980752754,-0.06001587328475859,22.0,77.75,214.0,82.75,False,SF,5.4,-8.50952380952381
2019,5,Darius Garland,0,wings/mid-size,0.018432698980752754,-0.06001587328475859,20.0,77.75,214.0,82.75,False,SG,13.8,-0.14190476190476176
2019,6,Jarrett Culver,0,wings/mid-size,-0.8696645659591447,-0.6240915919805847,20.0,77.25,194.2,81.5,True,SG,-0.1,-11.833333333333332
2019,7,Coby White,2,small guards,-2.1584498714002027,0.12456296868777288,19.0,75.5,191.4,77.0,True,PG,8.8,-2.440952380952382
2019,8,Jaxson Hayes,1,bigs,2.0082119578761755,-1.1233204112135884,19.0,82.25,218.6,87.5,True,C,14.0,3.402857142857142
2019,9,Rui Hachimura,0,wings/mid-size,0.018432698980752754,-0.06001587328475859,21.0,77.75,214.0,82.75,False,PF,7.1,-2.8666666666666654
2019,10,Cam Reddish,0,wings/mid-size,0.018432698980752754,-0.06001587328475859,20.0,77.75,214.0,82.75,False,SF,1.9,-7.453333333333333
2019,11,Cameron Johnson,0,wings/mid-size,-0.08795940428952356,-0.471800729007038,23.0,79.0,205.2,82.0,True,PF,14.4,4.782857142857143
2019,12,P.J. Washington,1,bigs,1.121239909585624,-0.32192489603532726,21.0,78.5,223.0,86.5,True,PF,10.7,1.5999999999999996
2019,13,Tyler Herro,2,small guards,-2.2319052863715974,0.2853183583323955,20.0,76.5,192.4,75.25,True,SG,10.6,2.029523809523809
2019,14,Romeo Langford,0,wings/mid-size,-0.21077938390690362,0.06471071641703595,20.0,76.5,214.0,83.0,True,SG,2.0,-5.9314285714285715
2019,15,Sekou Doumbouya,0,wings/mid-size,0.018432698980752754,-0.06001587328475859,19.0,77.75,214.0,82.75,False,PF,-0.4,-7.860952380952381
2019,16,Chuma Okeke,0,wings/mid-size,0.018432698980752754,-0.06001587328475859,21.0,77.75,214.0,82.75,False,PF,4.2,-3.059047619047619
2019,17,Nickeil Alexander-Walker,0,wings/mid-size,-0.823762880105784,-0.10541811060072843,21.0,76.25,203.8,81.5,True,SG,1.7000000000000002,-5.524761904761905
2019,18,Goga Bitadze,0,wings/mid-size,0.018432698980752754,-0.06001587328475859,20.0,77.75,214.0,82.75,False,C,5.4,-1.5638095238095229
2019,19,Luka Šamanić,1,bigs,1.1635829902923014,0.03185258327341332,20.0,81.5,227.2,82.5,True,PF,0.3,-7.535238095238095
2019,20,Matisse Thybulle,0,wings/mid-size,0.018432698980752754,-0.06001587328475859,22.0,77.75,214.0,82.75,False,SG,10.9,2.953333333333333
2019,21,Brandon Clarke,0,wings/mid-size,-0.29877062538044663,-0.17425335327912464,23.0,79.25,207.2,80.25,True,PF,20.0,12.083809523809524
2019,22,Grant Williams,0,wings/mid-size,0.5607815344581518,1.1476312838484848,21.0,77.75,240.2,81.75,True,PF,12.2,4.702857142857143
2019,23,Darius Bazley,0,wings/mid-size,0.5329027939139912,-0.7214252757663947,19.0,79.75,208.4,84.0,True,PF,2.9000000000000004,-4.379999999999999
2019,24,Ty Jerome,2,small guards,-2.0938358693697237,0.29233243426586486,22.0,76.25,194.4,76.0,True,SG,3.9,-2.9771428571428573
2019,25,Nassir Little,0,wings/mid-size,0.4848599581617378,0.1604945468032371,19.0,76.5,224.2,85.25,True,PF,4.1,-2.9285714285714297
2019,26,Dylan Windler,0,wings/mid-size,-0.5134657802960367,-0.7580759202619157,23.0,78.25,195.8,82.0,True,SF,1.3,-5.373333333333334
2019,27,Mfiondu Kabengele,1,bigs,2.6280774386120833,0.6693767058762307,22.0,80.75,256.2,87.0,True,C,0.5,-5.797894736842105
2019,28,Jordan Poole,2,small guards,-1.8538282866216058,-0.14807053951154248,20.0,75.5,190.8,78.75,True,SG,9.9,3.2563909774436084
2019,29,Keldon Johnson,0,wings/mid-size,-0.41050789077140404,0.3785299066579562,20.0,76.75,216.4,81.25,True,SF,10.6,4.615438596491227
2019,30,Kevin Porter Jr.,0,wings/mid-size,-0.7267485041963218,0.3555209452179976,19.0,76.0,212.6,81.0,True,SF,4.0,-0.8245614035087723
2019,31,Nic Claxton,0,wings/mid-size,0.018432698980752754,-0.06001587328475859,20.0,77.75,214.0,82.75,False,C,15.1,10.573533834586467
2019,32,KZ Okpala,0,wings/mid-size,0.777354864921099,-0.8567606521233319,20.0,79.25,209.6,85.75,True,PF,1.0,-3.289523809523809
2019,33,Carsen Edwards,2,small guards,-2.858016603089879,0.7268250699817648,21.0,70.75,195.6,78.25,True,SG,0.2999999999999999,-3.5285714285714285
2019,34,Bruno Fernando,1,bigs,2.220282553534383,-0.44355676178579057,21.0,80.75,233.2,88.25,True,C,2.0,-1.646666666666666
2019,35,Didi Louzada,0,wings/mid-size,0.018432698980752754,-0.06001587328475859,20.0,77.75,214.0,82.75,False,SF,-0.1,-4.09047619047619
2019,36,Cody Martin,0,wings/mid-size,-0.9971875831544937,-0.8942045085273144,24.0,76.75,188.6,82.25,True,SF,6.1,1.6657142857142855
2019,37,Deividas Sirvydis,0,wings/mid-size,0.018432698980752754,-0.06001587328475859,19.0,77.75,214.0,82.75,False,SG,-0.1,-4.403809523809524
2019,38,Daniel Gafford,1,bigs,2.13098848169719,-0.0804159822467626,21.0,81.25,237.6,86.5,True,C,17.5,13.416190476190476
2019,39,Alen Smailagić,0,wings/mid-size,0.018432698980752754,-0.06001587328475859,19.0,77.75,214.0,82.75,False,C,0.2,-3.8238095238095235
2019,40,Justin James,0,wings/mid-size,0.018432698980752754,-0.06001587328475859,23.0,77.75,214.0,82.75,False,SF,0.2,-3.6761904761904756
2019,41,Eric Paschall,1,bigs,2.1106524315109936,0.8421833766053868,23.0,78.0,254.4,87.75,True,PF,5.0,1.6180952380952385
2019,42,Admiral Schofield,0,wings/mid-size,0.18671820141820936,1.388165481229965,22.0,76.0,240.6,81.75,True,PF,1.2000000000000002,-1.9990476190476185
2019,43,Jaylen Nowell,2,small guards,-1.495665964773911,0.2849279113669122,20.0,75.25,202.4,79.25,True,SG,4.9,1.754285714285715
2019,44,Bol Bol,1,bigs,2.9072199820643907,-2.3713499013371204,20.0,84.75,208.0,91.0,True,PF,2.5,-0.4276190476190478
2019,45,Isaiah Roby,0,wings/mid-size,0.7615880116467907,-0.5713882125817717,21.0,79.25,214.0,85.0,True,PF,4.1,1.4009523809523805
2019,46,Talen Horton-Tucker,0,wings/mid-size,0.3550090453400082,0.8724052193028182,19.0,74.5,235.4,85.25,True,SG,4.1000000000000005,1.6342857142857148
2019,47,Ignas Brazdeikis,0,wings/mid-size,-0.0685145786999763,0.4293699332333289,21.0,77.75,220.8,81.25,True,SF,0.5,-2.06
2019,48,Terance Mann,0,wings/mid-size,-1.01280137998078,0.11127633832124,23.0,76.75,204.6,79.75,True,SF,14.3,11.946666666666667
2019,49,Quinndary Weatherspoon,0,wings/mid-size,-1.1130726731734395,0.2395936605905991,23.0,75.0,206.6,81.0,True,SG,0.2,-1.958095238095238
2019,50,Jarrell Brantley,0,wings/mid-size,0.018432698980752754,-0.06001587328475859,23.0,77.75,214.0,82.75,False,PF,0.6,-1.3266666666666667
2019,51,Tremont Waters,2,small guards,-4.510194133111456,0.5106204706872819,22.0,69.5,172.4,74.25,True,PG,0.1,-1.5295238095238093
2019,52,Jalen McDaniels,0,wings/mid-size,0.2233627607829545,-1.5043772784793477,22.0,80.25,191.6,84.25,True,SF,6.1,4.8723809523809525
2019,53,Justin Wright-Foreman,0,wings/mid-size,0.018432698980752754,-0.06001587328475859,22.0,77.75,214.0,82.75,False,PG,0.0,-0.936190476190476
2019,54,Marial Shayok,0,wings/mid-size,-0.45787491270147773,-0.8122814408063904,24.0,76.5,196.8,84.25,True,SG,-0.1,-0.9266666666666667
2019,55,Kyle Guy,2,small guards,-3.509343986782913,-0.41214011837777925,22.0,72.75,167.8,76.5,True,SG,0.0,-0.6161904761904762
2019,56,Jaylen Hands,2,small guards,-2.850396450404223,-0.19448506834568985,21.0,73.5,179.0,77.5,True,SG,0.0,-0.6047619047619047
2019,57,Jordan Bone,2,small guards,-3.2634265796990913,0.12466237134977462,22.0,73.5,179.0,75.25,True,PG,0.1,-0.44593837535014014
2019,58,Miye Oni,0,wings/mid-size,-0.54442948314529,-0.2094990784563468,22.0,76.25,205.6,82.75,True,SF,1.0,0.23489495798319326
2019,59,Dewan Hernandez,1,bigs,1.8052983373199698,-0.13725779323742707,23.0,81.0,232.8,85.75,True,C,0.0,-0.7290003501400559
2019,60,Vanja Marinković,0,wings/mid-size,0.018432698980752754,-0.06001587328475859,21.0,77.75,214.0,82.75,False,SG,0.0,-0.9085084033613445
2020,1,Anthony Edwards,0,wings/mid-size,0.018432698980752754,-0.06001587328475859,19.0,77.75,214.0,82.75,False,SG,16.4,-1.1984126984126995
2020,2,James Wiseman,0,wings/mid-size,0.018432698980752754,-0.06001587328475859,19.0,77.75,214.0,82.75,False,C,4.2,-12.44404761904762
2020,3,LaMelo Ball,0,wings/mid-size,0.018432698980752754,-0.06001587328475859,19.0,77.75,214.0,82.75,False,PG,11.5,-4.526666666666667
2020,4,Patrick Williams,0,wings/mid-size,0.018432698980752754,-0.06001587328475859,19.0,77.75,214.0,82.75,False,PF,8.1,-5.80952380952381
2020,5,Isaac Okoro,0,wings/mid-size,0.018432698980752754,-0.06001587328475859,20.0,77.75,214.0,82.75,False,SG,13.5,-0.44190476190476247
2020,6,Onyeka Okongwu,0,wings/mid-size,0.018432698980752754,-0.06001587328475859,20.0,77.75,214.0,82.75,False,C,17.7,5.966666666666667
2020,7,Killian Hayes,0,wings/mid-size,0.018432698980752754,-0.06001587328475859,19.0,77.75,214.0,82.75,False,PG,-0.4000000000000001,-11.640952380952383
2020,8,Obi Toppin,0,wings/mid-size,0.018432698980752754,-0.06001587328475859,22.0,77.75,214.0,82.75,False,PF,12.3,1.7028571428571428
2020,9,Deni Avdija,0,wings/mid-size,0.018432698980752754,-0.06001587328475859,20.0,77.75,214.0,82.75,False,SF,9.1,-0.8666666666666654
2020,10,Jalen Smith,1,bigs,1.7249080327501403,-0.5737891272866447,20.0,81.25,224.6,86.25,True,PF,9.2,-0.1533333333333342
2020,11,Devin Vassell,0,wings/mid-size,0.018432698980752754,-0.06001587328475859,20.0,77.75,214.0,82.75,False,SF,9.6,-0.017142857142857792
2020,12,Tyrese Haliburton,0,wings/mid-size,0.018432698980752754,-0.06001587328475859,20.0,77.75,214.0,82.75,False,PG,27.1,18.0
2020,13,Kira Lewis Jr.,0,wings/mid-size,0.018432698980752754,-0.06001587328475859,19.0,77.75,214.0,82.75,False,PG,1.4,-7.17047619047619
2020,14,Aaron Nesmith,0,wings/mid-size,0.018432698980752754,-0.06001587328475859,21.0,77.75,214.0,82.75,False,SF,7.6,-0.33142857142857185
2020,15,Cole Anthony,0,wings/mid-size,0.018432698980752754,-0.06001587328475859,20.0,77.75,214.0,82.75,False,PG,8.9,1.4390476190476198
2020,16,Isaiah Stewart,1,bigs,2.253468341887202,0.07640594011875933,19.0,79.25,243.0,88.75,True,C,11.1,3.8409523809523805
2020,17,Aleksej Pokusevski,0,wings/mid-size,0.018432698980752754,-0.06001587328475859,19.0,77.75,214.0,82.75,False,PF,-0.0999999999999999,-7.324761904761905
2020,18,Josh Green,0,wings/mid-size,-0.4402405668484969,0.24201484958118288,20.0,76.5,214.0,81.75,True,SG,7.7,0.736190476190477
2020,19,Saddiq Bey,0,wings/mid-size,0.018432698980752754,-0.06001587328475859,21.0,77.75,214.0,82.75,False,SF,14.7,6.864761904761904
2020,20,Precious Achiuwa,1,bigs,1.3248523502747924,0.24562585643445833,21.0,79.5,234.0,84.75,True,PF,9.4,1.4533333333333331
2020,21,Tyrese Maxey,0,wings/mid-size,0.018432698980752754,-0.06001587328475859,20.0,77.75,214.0,82.75,False,SG,22.7,14.783809523809524
2020,22,Zeke Nnaji,1,bigs,2.294106435728271,0.36475740481804664,20.0,81.25,246.8,86.0,True,PF,5.5,-1.9971428571428564
2020,23,Leandro Bolmaro,0,wings/mid-size,0.018432698980752754,-0.06001587328475859,20.0,77.75,214.0,82.75,False,SF,-0.3,-7.579999999999999
2020,24,R.J. Hampton,0,wings/mid-size,0.018432698980752754,-0.06001587328475859,19.0,77.75,214.0,82.75,False,SG,0.7999999999999999,-6.077142857142857
2020,25,Immanuel Quickley,2,small guards,-2.0471339782931453,-0.3720082811195514,21.0,74.0,185.8,80.25,True,PG,18.8,11.771428571428572
2020,26,Payton Pritchard,0,wings/mid-size,0.018432698980752754,-0.06001587328475859,23.0,77.75,214.0,82.75,False,SG,12.3,5.626666666666667
2020,27,Udoka Azubuike,1,bigs,4.1250969694637485,0.6577759019886239,21.0,82.0,273.8,91.0,True,C,1.9,-4.397894736842105
2020,28,Jaden McDaniels,0,wings/mid-size,0.018432698980752754,-0.06001587328475859,20.0,77.75,214.0,82.75,False,PF,11.6,4.956390977443608
2020,29,Malachi Flynn,0,wings/mid-size,0.018432698980752754,-0.06001587328475859,22.0,77.75,214.0,82.75,False,PG,2.8,-3.1845614035087726
2020,30,Desmond Bane,0,wings/mid-size,0.018432698980752754,-0.06001587328475859,22.0,77.75,214.0,82.75,False,SG,19.0,14.175438596491228
2020,31,Tyrell Terry,2,small guards,-3.7881410693235096,-0.028688495395895346,20.0,73.5,170.0,73.75,True,PG,-0.1,-4.626466165413532
2020,32,Vernon Carey Jr.,0,wings/mid-size,0.018432698980752754,-0.06001587328475859,19.0,77.75,214.0,82.75,False,C,0.3,-3.989523809523809
2020,33,Daniel Oturu,0,wings/mid-size,0.018432698980752754,-0.06001587328475859,21.0,77.75,214.0,82.75,False,C,0.4,-3.4285714285714284
2020,34,Théo Maledon,2,small guards,-1.470851737049258,-0.6341425424685826,19.0,76.0,187.4,80.75,True,PG,-0.1999999999999999,-3.846666666666666
2020,35,Xavier Tillman Sr.,1,bigs,2.454784064113214,1.3904066524520904,22.0,79.5,266.5,86.0,True,PF,10.3,6.30952380952381
2020,36,Tyler Bey,0,wings/mid-size,0.49912778607986713,-0.49547706641899625,22.0,78.0,212.8,85.25,True,SF,0.0,-4.434285714285714
2020,37,Vít Krejčí,0,wings/mid-size,0.018432698980752754,-0.06001587328475859,20.0,77.75,214.0,82.75,False,SG,1.2999999999999998,-3.003809523809524
2020,38,Saben Lee,0,wings/mid-size,0.018432698980752754,-0.06001587328475859,21.0,77.75,214.0,82.75,False,PG,3.5,-0.5838095238095233
2020,39,Elijah Hughes,0,wings/mid-size,-0.38264804875732594,1.1393178502474668,22.0,76.75,229.0,79.5,True,SF,-0.4,-4.423809523809524
2020,40,Robert Woodard II,0,wings/mid-size,1.0088608369038115,0.17003935153214733,21.0,77.5,230.2,86.0,True,SF,-0.1,-3.976190476190476
2020,41,Tre Jones,0,wings/mid-size,0.018432698980752754,-0.06001587328475859,21.0,77.75,214.0,82.75,False,PG,11.6,8.218095238095238
2020,42,Nick Richards,1,bigs,2.4710277068490716,-0.04242442681849202,23.0,82.5,241.6,86.25,True,PF,10.3,7.100952380952382
2020,43,Jahmi'us Ramsey,2,small guards,-2.1395508094955957,0.19222866778918693,19.0,74.5,193.4,78.0,True,SG,0.0,-3.1457142857142855
2020,44,Marko Simonovic,0,wings/mid-size,0.018432698980752754,-0.06001587328475859,21.0,77.75,214.0,82.75,False,C,0.0,-2.927619047619048
2020,45,Jordan Nwora,0,wings/mid-size,0.13878117578877164,0.21952217104316846,22.0,77.75,220.0,82.5,True,SF,3.0,0.30095238095238086
2020,46,CJ Elleby,0,wings/mid-size,-1.10576397486817,-0.1579916759089732,20.0,77.5,198.6,79.25,True,SF,0.5,-1.9657142857142857
2020,47,Yam Madar,0,wings/mid-size,0.018432698980752754,-0.06001587328475859,21.0,77.75,214.0,82.75,False,SG,0.0,-2.56
2020,48,Nico Mannion,0,wings/mid-size,0.018432698980752754,-0.06001587328475859,19.0,77.75,214.0,82.75,False,PG,0.2,-2.1533333333333333
2020,49,Isaiah Joe,2,small guards,-2.3914117301945876,-1.0202405930395133,21.0,75.0,170.4,79.5,True,SG,8.3,6.141904761904763
2020,50,Skylar Mays,2,small guards,-1.7358171547050094,0.5593567858500097,23.0,75.0,204.0,78.0,True,SG,2.2,0.27333333333333365
2020,51,Justinian Jessup,0,wings/mid-size,0.018432698980752754,-0.06001587328475859,21.0,77.75,214.0,82.75,False,SG,0.0,-1.6295238095238094
2020,52,KJ Martin,0,wings/mid-size,0.018432698980752754,-0.06001587328475859,20.0,77.75,214.0,82.75,False,SF,11.1,9.872380952380952
2020,53,Cassius Winston,2,small guards,-2.50768007818541,0.5542953282591273,22.0,72.5,196.0,78.0,True,PG,0.1,-0.836190476190476
2020,54,Cassius Stanley,0,wings/mid-size,-1.17857758254871,0.06358272610525446,21.0,77.0,201.6,79.0,True,SG,0.0,-0.8266666666666668
2020,55,Jay Scrubb,0,wings/mid-size,0.018432698980752754,-0.06001587328475859,20.0,77.75,214.0,82.75,False,SG,0.0,-0.6161904761904762
2020,56,Grant Riller,2,small guards,-3.188017077808151,-0.02324454714774588,23.0,72.25,178.4,77.25,True,PG,0.1,-0.5047619047619047
2020,57,Reggie Perry,1,bigs,1.8544758389866092,0.900427926079712,20.0,80.0,250.8,84.5,True,PF,0.4,-0.1459383753501401
2020,58,Paul Reed,1,bigs,1.3643365624195327,-0.6618853467786291,21.0,80.5,219.2,86.0,True,PF,9.8,9.034894957983195
2020,59,Jalen Harris,2,small guards,-1.900960999247126,0.018347877990944585,22.0,74.75,193.4,79.0,True,SG,0.3,-0.42900035014005594
2020,60,Sam Merrill,0,wings/mid-size,0.018432698980752754,-0.06001587328475859,24.0,77.75,214.0,82.75,False,SG,3.5,2.5914915966386554
