draft_year,pick,player,season,season_index,ws
2000,6,DerMarr Johnson,2001.0,1.0,0.0
2000,18,Quentin Richardson,2001.0,1.0,3.0
2000,23,DeShawn Stevenson,2001.0,1.0,-0.4
2000,5,Mike Miller,2001.0,1.0,5.3
2000,26,Mamadou N'Diaye,2001.0,1.0,0.0
2000,1,Kenyon Martin,2001.0,1.0,2.1
2000,25,Jake Tsakalidis,2001.0,1.0,1.3
2000,24,Dalibor Bagarić,2001.0,1.0,-0.7
2000,28,Erick Barkley,2001.0,1.0,-0.1
2000,29,Mark Madsen,2001.0,1.0,1.1
2000,32,A.J. Guyton,2001.0,1.0,0.3
2000,31,Dan Langhi,2001.0,1.0,-0.1
2000,7,Chris Mihm,2001.0,1.0,1.3
2000,8,Jamal Crawford,2001.0,1.0,-0.9
2000,10,Keyon Dooling,2001.0,1.0,1.4
2000,9,Joel Przybilla,2001.0,1.0,0.1
2000,34,Khalid El-Amin,2001.0,1.0,0.6
2000,13,Courtney Alexander,2001.0,1.0,0.8
2000,40,Hanno Möttölä,2001.0,1.0,0.4
2000,39,Lavor Postell,2001.0,1.0,-0.1
2000,42,Olumide Oyedeji,2001.0,1.0,0.4
2000,43,Michael Redd,2001.0,1.0,-0.1
2000,11,Jérôme Moïso,2001.0,1.0,-0.3
2000,38,Eduardo Nájera,2001.0,1.0,1.1
2000,15,Jason Collier,2001.0,1.0,0.0
2000,35,Mike Smith,2001.0,1.0,-0.1
2000,36,Soumaila Samake,2001.0,1.0,0.1
2000,37,Eddie House,2001.0,1.0,0.4
2000,14,Mateen Cleaves,2001.0,1.0,-0.1
2000,33,Jake Voskuhl,2001.0,1.0,0.0
2000,55,Chris Porter,2001.0,1.0,0.2
2000,44,Brian Cardinal,2001.0,1.0,0.0
2000,3,Darius Miles,2001.0,1.0,3.0
2000,22,Donnell Harvey,2001.0,1.0,0.1
2000,17,Desmond Mason,2001.0,1.0,1.7
2000,53,Dan McClintock,2001.0,1.0,0.0
2000,21,Morris Peterson,2001.0,1.0,3.6
2000,16,Hedo Türkoğlu,2001.0,1.0,2.8
2000,19,Jamaal Magloire,2001.0,1.0,2.6
2000,2,Stromile Swift,2001.0,1.0,1.9
2000,45,Jabari Smith,2001.0,1.0,0.2
2000,49,Jason Hart,2001.0,1.0,0.0
2000,4,Marcus Fizer,2001.0,1.0,-0.7
2000,28,Erick Barkley,2002.0,2.0,0.2
2000,32,A.J. Guyton,2002.0,2.0,0.1
2000,31,Dan Langhi,2002.0,2.0,0.0
2000,26,Mamadou N'Diaye,2002.0,2.0,0.3
2000,29,Mark Madsen,2002.0,2.0,1.9
2000,38,Eduardo Nájera,2002.0,2.0,4.0
2000,37,Eddie House,2002.0,2.0,0.9
2000,15,Jason Collier,2002.0,2.0,0.4
2000,33,Jake Voskuhl,2002.0,2.0,2.7
2000,6,DerMarr Johnson,2002.0,2.0,1.7
2000,10,Keyon Dooling,2002.0,2.0,0.0
2000,7,Chris Mihm,2002.0,2.0,0.7
2000,8,Jamal Crawford,2002.0,2.0,0.6
2000,1,Kenyon Martin,2002.0,2.0,4.9
2000,18,Quentin Richardson,2002.0,2.0,5.6
2000,17,Desmond Mason,2002.0,2.0,4.7
2000,5,Mike Miller,2002.0,2.0,4.5
2000,25,Jake Tsakalidis,2002.0,2.0,2.8
2000,24,Dalibor Bagarić,2002.0,2.0,-0.1
2000,27,Primož Brezec,2002.0,2.0,0.3
2000,9,Joel Przybilla,2002.0,2.0,1.9
2000,42,Olumide Oyedeji,2002.0,2.0,0.4
2000,40,Hanno Möttölä,2002.0,2.0,0.5
2001,57,Alvin Jones,2002.0,1.0,0.1
2000,39,Lavor Postell,2002.0,2.0,-0.1
2001,50,Ruben Boumtje-Boumtje,2002.0,1.0,0.2
2001,51,Alton Ford,2002.0,1.0,0.8
2001,53,Jarron Collins,2002.0,1.0,3.3
2001,54,Kenny Satterfield,2002.0,1.0,-0.2
2000,13,Courtney Alexander,2002.0,2.0,2.2
2000,12,Etan Thomas,2002.0,2.0,1.6
2000,11,Jérôme Moïso,2002.0,2.0,-0.1
2000,14,Mateen Cleaves,2002.0,2.0,-0.3
2001,48,Antonis Fotsis,2002.0,1.0,0.1
2000,43,Michael Redd,2002.0,2.0,4.6
2000,44,Brian Cardinal,2002.0,2.0,0.2
2000,45,Jabari Smith,2002.0,2.0,0.5
2001,37,Damone Brown,2002.0,1.0,-0.1
2001,40,Earl Watson,2002.0,1.0,1.5
2001,30,Trenton Hassell,2002.0,1.0,1.5
2001,31,Gilbert Arenas,2002.0,1.0,2.7
2001,33,Will Solomon,2002.0,1.0,-0.5
2001,34,Terence Morris,2002.0,1.0,0.2
2001,35,Brian Scalabrine,2002.0,1.0,-0.1
2001,2,Tyson Chandler,2002.0,1.0,1.8
2001,3,Pau Gasol,2002.0,1.0,7.6
2001,46,Loren Woods,2002.0,1.0,0.5
2001,42,Bobby Simmons,2002.0,1.0,0.7
2001,41,Jamison Brewer,2002.0,1.0,0.0
2000,52,Ernest Brown,2002.0,2.0,-0.2
2000,49,Jason Hart,2002.0,2.0,0.3
2001,1,Kwame Brown,2002.0,1.0,0.8
2001,36,Jeff Trepagnier,2002.0,1.0,-0.2
2001,19,Zach Randolph,2002.0,1.0,0.5
2001,28,Tony Parker,2002.0,1.0,3.8
2001,27,Jamaal Tinsley,2002.0,1.0,1.7
2001,26,Samuel Dalembert,2002.0,1.0,0.3
2001,25,Gerald Wallace,2002.0,1.0,0.6
2001,5,Jason Richardson,2002.0,1.0,2.9
2001,4,Eddy Curry,2002.0,1.0,1.8
2001,20,Brendan Haywood,2002.0,1.0,3.1
2001,6,Shane Battier,2002.0,1.0,4.8
2001,21,Joseph Forte,2002.0,1.0,-0.1
2001,22,Jeryl Sasser,2002.0,1.0,-0.1
2001,23,Brandon Armstrong,2002.0,1.0,-0.2
2001,15,Steven Hunter,2002.0,1.0,1.0
2001,16,Kirk Haston,2002.0,1.0,-0.2
2001,17,Michael Bradley,2002.0,1.0,0.1
2001,18,Jason Collins,2002.0,1.0,3.0
2001,13,Richard Jefferson,2002.0,1.0,4.7
2001,12,Vladimir Radmanović,2002.0,1.0,2.1
2001,11,Kedrick Brown,2002.0,1.0,0.4
2001,10,Joe Johnson,2002.0,1.0,3.0
2001,9,Rodney White,2002.0,1.0,-0.2
2001,8,DeSagana Diop,2002.0,1.0,-0.3
2001,7,Eddie Griffin,2002.0,1.0,2.4
2000,4,Marcus Fizer,2002.0,2.0,1.1
2000,22,Donnell Harvey,2002.0,2.0,1.8
2000,21,Morris Peterson,2002.0,2.0,4.9
2000,20,Speedy Claxton,2002.0,2.0,2.8
2000,19,Jamaal Magloire,2002.0,2.0,5.7
2001,14,Troy Murphy,2002.0,1.0,1.4
2000,16,Hedo Türkoğlu,2002.0,2.0,5.2
2000,2,Stromile Swift,2002.0,2.0,3.7
2000,23,DeShawn Stevenson,2002.0,2.0,-0.2
2000,3,Darius Miles,2002.0,2.0,3.4
2001,8,DeSagana Diop,2003.0,2.0,-0.2
2001,7,Eddie Griffin,2003.0,2.0,3.9
2001,19,Zach Randolph,2003.0,2.0,4.8
2001,18,Jason Collins,2003.0,2.0,4.7
2001,17,Michael Bradley,2003.0,2.0,1.5
2000,11,Jérôme Moïso,2003.0,3.0,1.5
2000,2,Stromile Swift,2003.0,3.0,3.3
2000,1,Kenyon Martin,2003.0,3.0,7.1
2002,32,Robert Archibald,2003.0,1.0,-0.2
2002,31,Roger Mason,2003.0,1.0,0.1
2002,48,Chris Owens,2003.0,1.0,0.0
2000,21,Morris Peterson,2003.0,3.0,3.2
2000,20,Speedy Claxton,2003.0,3.0,1.2
2001,14,Troy Murphy,2003.0,2.0,6.4
2001,13,Richard Jefferson,2003.0,2.0,9.9
2001,12,Vladimir Radmanović,2003.0,2.0,2.7
2001,11,Kedrick Brown,2003.0,2.0,0.5
2001,16,Kirk Haston,2003.0,2.0,-0.4
2001,15,Steven Hunter,2003.0,2.0,0.9
2001,23,Brandon Armstrong,2003.0,2.0,-0.1
2001,22,Jeryl Sasser,2003.0,2.0,0.8
2001,21,Joseph Forte,2003.0,2.0,-0.3
2001,20,Brendan Haywood,2003.0,2.0,5.0
2001,30,Trenton Hassell,2003.0,2.0,-0.1
2002,54,Tamar Slay,2003.0,1.0,0.0
2002,26,John Salmons,2003.0,1.0,0.6
2002,42,Ronald Murray,2003.0,1.0,-0.3
2002,38,Tito Maddox,2003.0,1.0,0.0
2002,35,Carlos Boozer,2003.0,1.0,5.9
2002,34,Dan Gadzuric,2003.0,1.0,1.2
2002,33,Vincent Yarbrough,2003.0,1.0,1.0
2002,28,Dan Dickau,2003.0,1.0,0.0
2002,27,Chris Jefferies,2003.0,1.0,-0.5
2002,53,Rasual Butler,2003.0,1.0,0.1
2002,47,Jamal Sampson,2003.0,1.0,0.0
2002,44,Lonny Baxter,2003.0,1.0,0.9
2001,28,Tony Parker,2003.0,2.0,7.7
2001,27,Jamaal Tinsley,2003.0,2.0,3.7
2001,25,Gerald Wallace,2003.0,2.0,0.9
2001,6,Shane Battier,2003.0,2.0,6.2
2002,25,Frank Williams,2003.0,1.0,-0.1
2002,23,Tayshaun Prince,2003.0,1.0,0.8
2002,22,Casey Jacobsen,2003.0,1.0,1.2
2002,21,Qyntel Woods,2003.0,1.0,0.2
2000,10,Keyon Dooling,2003.0,3.0,0.3
2000,9,Joel Przybilla,2003.0,3.0,0.6
2002,20,Kareem Rush,2003.0,1.0,-0.6
2002,10,Caron Butler,2003.0,1.0,5.1
2002,9,Amar'e Stoudemire,2003.0,1.0,6.2
2002,19,Ryan Humphrey,2003.0,1.0,-0.5
2002,17,Juan Dixon,2003.0,1.0,0.1
2002,16,Jiří Welsch,2003.0,1.0,-0.4
2002,15,Boštjan Nachbar,2003.0,1.0,-0.1
2002,14,Fred Jones,2003.0,1.0,0.0
2001,5,Jason Richardson,2003.0,2.0,3.7
2001,4,Eddy Curry,2003.0,2.0,3.5
2001,3,Pau Gasol,2003.0,2.0,8.5
2001,35,Brian Scalabrine,2003.0,2.0,1.0
2001,34,Terence Morris,2003.0,2.0,0.9
2000,15,Jason Collier,2003.0,3.0,0.3
2002,13,Marcus Haislip,2003.0,1.0,0.0
2002,12,Melvin Ely,2003.0,1.0,0.8
2002,11,Jared Jeffries,2003.0,1.0,0.3
2000,39,Lavor Postell,2003.0,3.0,-0.1
2000,38,Eduardo Nájera,2003.0,3.0,4.0
2000,37,Eddie House,2003.0,3.0,0.7
2000,36,Soumaila Samake,2003.0,3.0,0.2
2002,8,Chris Wilcox,2003.0,1.0,0.6
2002,7,Nenê,2003.0,1.0,5.0
2002,6,Dajuan Wagner,2003.0,1.0,0.3
2002,5,Nikoloz Tskitishvili,2003.0,1.0,-1.0
2001,31,Gilbert Arenas,2003.0,2.0,6.5
2001,41,Jamison Brewer,2003.0,2.0,0.2
2001,40,Earl Watson,2003.0,2.0,2.3
2001,38,Mehmet Okur,2003.0,2.0,3.8
2001,37,Damone Brown,2003.0,2.0,-0.2
2000,33,Jake Voskuhl,2003.0,3.0,2.5
2000,32,A.J. Guyton,2003.0,3.0,-0.1
2000,31,Dan Langhi,2003.0,3.0,0.4
2002,3,Mike Dunleavy,2003.0,1.0,1.5
2002,2,Jay Williams,2003.0,1.0,0.8
2002,1,Yao Ming,2003.0,1.0,8.7
2001,54,Kenny Satterfield,2003.0,2.0,-1.0
2001,53,Jarron Collins,2003.0,2.0,0.7
2001,51,Alton Ford,2003.0,2.0,-0.1
2000,14,Mateen Cleaves,2003.0,3.0,-0.4
2000,13,Courtney Alexander,2003.0,3.0,1.1
2000,12,Etan Thomas,2003.0,3.0,1.3
2002,4,Drew Gooden,2003.0,1.0,1.7
2000,30,Marko Jarić,2003.0,3.0,1.9
2000,29,Mark Madsen,2003.0,3.0,1.1
2000,8,Jamal Crawford,2003.0,3.0,2.8
2000,7,Chris Mihm,2003.0,3.0,0.9
2001,36,Jeff Trepagnier,2003.0,2.0,0.2
2001,2,Tyson Chandler,2003.0,2.0,3.9
2001,1,Kwame Brown,2003.0,2.0,2.5
2000,51,Igor Rakočević,2003.0,3.0,0.1
2001,50,Ruben Boumtje-Boumtje,2003.0,2.0,0.0
2001,49,Ken Johnson,2003.0,2.0,0.0
2001,46,Loren Woods,2003.0,2.0,0.4
2001,45,Sean Lampley,2003.0,2.0,0.9
2001,42,Bobby Simmons,2003.0,2.0,0.9
2000,44,Brian Cardinal,2003.0,3.0,0.0
2000,43,Michael Redd,2003.0,3.0,8.0
2000,42,Olumide Oyedeji,2003.0,3.0,0.3
2000,18,Quentin Richardson,2003.0,3.0,1.0
2000,4,Marcus Fizer,2003.0,3.0,1.4
2000,3,Darius Miles,2003.0,3.0,-1.3
2000,17,Desmond Mason,2003.0,3.0,5.2
2000,16,Hedo Türkoğlu,2003.0,3.0,2.6
2000,23,DeShawn Stevenson,2003.0,3.0,-0.1
2000,22,Donnell Harvey,2003.0,3.0,2.0
2001,10,Joe Johnson,2003.0,2.0,2.8
2001,9,Rodney White,2003.0,2.0,-0.4
2000,27,Primož Brezec,2003.0,3.0,0.1
2000,26,Mamadou N'Diaye,2003.0,3.0,0.6
2000,25,Jake Tsakalidis,2003.0,3.0,0.9
2000,24,Dalibor Bagarić,2003.0,3.0,-0.1
2000,5,Mike Miller,2003.0,3.0,4.0
2000,19,Jamaal Magloire,2003.0,3.0,6.7
2000,18,Quentin Richardson,2004.0,4.0,2.4
2000,6,DerMarr Johnson,2004.0,4.0,0.4
2000,19,Jamaal Magloire,2004.0,4.0,7.6
2000,5,Mike Miller,2004.0,4.0,3.9
2000,25,Jake Tsakalidis,2004.0,4.0,1.2
2000,26,Mamadou N'Diaye,2004.0,4.0,0.8
2000,27,Primož Brezec,2004.0,4.0,0.1
2003,37,Travis Hansen,2004.0,1.0,0.2
2003,38,Steve Blake,2004.0,1.0,0.7
2001,11,Kedrick Brown,2004.0,3.0,2.0
2001,9,Rodney White,2004.0,3.0,1.8
2001,10,Joe Johnson,2004.0,3.0,3.3
2000,22,Donnell Harvey,2004.0,4.0,0.7
2000,23,DeShawn Stevenson,2004.0,4.0,1.5
2000,16,Hedo Türkoğlu,2004.0,4.0,6.7
2000,17,Desmond Mason,2004.0,4.0,5.7
2000,3,Darius Miles,2004.0,4.0,3.6
2000,43,Michael Redd,2004.0,4.0,9.7
2000,44,Brian Cardinal,2004.0,4.0,7.2
2001,42,Bobby Simmons,2004.0,3.0,2.0
2001,45,Sean Lampley,2004.0,3.0,0.2
2001,46,Loren Woods,2004.0,3.0,1.1
2001,50,Ruben Boumtje-Boumtje,2004.0,3.0,0.0
2000,45,Jabari Smith,2004.0,4.0,0.0
2000,49,Jason Hart,2004.0,4.0,1.9
2000,50,Kaniel Dickens,2004.0,4.0,0.0
2001,1,Kwame Brown,2004.0,3.0,4.9
2001,2,Tyson Chandler,2004.0,3.0,1.9
2001,36,Jeff Trepagnier,2004.0,3.0,-0.2
2000,7,Chris Mihm,2004.0,4.0,2.9
2000,8,Jamal Crawford,2004.0,4.0,4.1
2000,29,Mark Madsen,2004.0,4.0,2.7
2000,30,Marko Jarić,2004.0,4.0,1.5
2002,4,Drew Gooden,2004.0,2.0,1.9
2000,12,Etan Thomas,2004.0,4.0,4.5
2000,14,Mateen Cleaves,2004.0,4.0,0.0
2001,51,Alton Ford,2004.0,3.0,0.1
2001,53,Jarron Collins,2004.0,3.0,4.2
2002,1,Yao Ming,2004.0,2.0,11.4
2000,31,Dan Langhi,2004.0,4.0,-0.1
2003,14,Luke Ridnour,2004.0,1.0,1.2
2001,37,Damone Brown,2004.0,3.0,-0.1
2001,38,Mehmet Okur,2004.0,3.0,5.9
2001,40,Earl Watson,2004.0,3.0,1.8
2001,41,Jamison Brewer,2004.0,3.0,0.0
2001,30,Trenton Hassell,2004.0,3.0,4.0
2001,31,Gilbert Arenas,2004.0,3.0,2.6
2002,5,Nikoloz Tskitishvili,2004.0,2.0,-0.1
2002,6,Dajuan Wagner,2004.0,2.0,-0.1
2002,7,Nenê,2004.0,2.0,6.1
2002,8,Chris Wilcox,2004.0,2.0,2.6
2000,33,Jake Voskuhl,2004.0,4.0,3.3
2000,37,Eddie House,2004.0,4.0,0.7
2000,38,Eduardo Nájera,2004.0,4.0,1.1
2002,3,Mike Dunleavy,2004.0,2.0,5.2
2003,16,Troy Bell,2004.0,1.0,-0.2
2003,17,Žarko Čabarkapa,2004.0,1.0,-0.4
2003,18,David West,2004.0,1.0,2.8
2003,19,Sasha Pavlović,2004.0,1.0,0.9
2003,20,Dahntay Jones,2004.0,1.0,-0.4
2003,21,Boris Diaw,2004.0,1.0,0.8
2003,13,Marcus Banks,2004.0,1.0,0.7
2002,10,Caron Butler,2004.0,2.0,2.1
2002,11,Jared Jeffries,2004.0,2.0,0.6
2002,12,Melvin Ely,2004.0,2.0,0.4
2002,13,Marcus Haislip,2004.0,2.0,0.6
2000,15,Jason Collier,2004.0,4.0,1.2
2003,51,Kyle Korver,2004.0,1.0,1.0
2003,56,Brandon Hunter,2004.0,1.0,0.6
2003,28,Leandro Barbosa,2004.0,1.0,1.9
2003,22,Zoran Planinić,2004.0,1.0,0.7
2003,23,Travis Outlaw,2004.0,1.0,0.0
2000,2,Stromile Swift,2004.0,4.0,4.8
2001,32,Omar Cook,2004.0,3.0,-0.2
2001,35,Brian Scalabrine,2004.0,3.0,1.7
2001,3,Pau Gasol,2004.0,3.0,8.1
2001,4,Eddy Curry,2004.0,3.0,3.0
2001,5,Jason Richardson,2004.0,3.0,5.2
2002,25,Frank Williams,2004.0,2.0,0.3
2002,14,Fred Jones,2004.0,2.0,4.0
2002,15,Boštjan Nachbar,2004.0,2.0,0.8
2002,16,Jiří Welsch,2004.0,2.0,3.6
2002,17,Juan Dixon,2004.0,2.0,1.4
2002,18,Curtis Borchardt,2004.0,2.0,0.1
2002,19,Ryan Humphrey,2004.0,2.0,0.0
2002,9,Amar'e Stoudemire,2004.0,2.0,4.4
2003,15,Reece Gaines,2004.0,1.0,-0.5
2002,20,Kareem Rush,2004.0,2.0,1.5
2002,21,Qyntel Woods,2004.0,2.0,-0.2
2000,9,Joel Przybilla,2004.0,4.0,0.1
2000,10,Keyon Dooling,2004.0,4.0,0.3
2003,7,Kirk Hinrich,2004.0,1.0,4.1
2003,8,T.J. Ford,2004.0,1.0,0.7
2003,9,Mike Sweetney,2004.0,1.0,1.4
2002,22,Casey Jacobsen,2004.0,2.0,2.6
2002,23,Tayshaun Prince,2004.0,2.0,7.5
2003,32,Luke Walton,2004.0,1.0,1.6
2003,43,Keith Bogans,2004.0,1.0,1.3
2003,47,Mo Williams,2004.0,1.0,0.2
2003,49,James Jones,2004.0,1.0,0.0
2003,33,Jerome Beasley,2004.0,1.0,0.0
2003,24,Brian Cook,2004.0,1.0,1.1
2003,26,Ndudi Ebi,2004.0,1.0,0.0
2003,27,Kendrick Perkins,2004.0,1.0,0.1
2001,6,Shane Battier,2004.0,3.0,5.9
2001,25,Gerald Wallace,2004.0,3.0,0.4
2001,26,Samuel Dalembert,2004.0,3.0,6.9
2001,27,Jamaal Tinsley,2004.0,3.0,4.4
2003,3,Carmelo Anthony,2004.0,1.0,6.1
2003,4,Chris Bosh,2004.0,1.0,6.2
2002,46,Matt Barnes,2004.0,2.0,0.7
2003,6,Chris Kaman,2004.0,1.0,0.0
2002,50,Darius Songaila,2004.0,2.0,2.6
2002,53,Rasual Butler,2004.0,2.0,1.6
2003,10,Jarvis Hayes,2004.0,1.0,0.5
2003,11,Mickaël Piétrus,2004.0,1.0,1.5
2003,5,Dwyane Wade,2004.0,1.0,4.6
2002,28,Dan Dickau,2004.0,2.0,0.0
2002,31,Roger Mason,2004.0,2.0,0.1
2002,34,Dan Gadzuric,2004.0,2.0,3.7
2002,35,Carlos Boozer,2004.0,2.0,9.4
2002,42,Ronald Murray,2004.0,2.0,1.7
2002,44,Lonny Baxter,2004.0,2.0,1.5
2002,26,John Salmons,2004.0,2.0,2.1
2002,27,Chris Jefferies,2004.0,2.0,0.0
2002,54,Tamar Slay,2004.0,2.0,0.0
2003,1,LeBron James,2004.0,1.0,5.1
2003,2,Darko Miličić,2004.0,1.0,-0.2
2001,28,Tony Parker,2004.0,3.0,7.5
2001,19,Zach Randolph,2004.0,3.0,7.1
2001,20,Brendan Haywood,2004.0,3.0,3.8
2001,23,Brandon Armstrong,2004.0,3.0,-0.3
2001,24,Raül López,2004.0,3.0,1.4
2001,15,Steven Hunter,2004.0,3.0,0.6
2001,17,Michael Bradley,2004.0,3.0,0.0
2003,39,Slavko Vraneš,2004.0,1.0,0.0
2003,41,Willie Green,2004.0,1.0,0.0
2001,12,Vladimir Radmanović,2004.0,3.0,4.2
2001,13,Richard Jefferson,2004.0,3.0,11.0
2001,14,Troy Murphy,2004.0,3.0,1.3
2000,20,Speedy Claxton,2004.0,4.0,4.2
2000,21,Morris Peterson,2004.0,4.0,4.9
2002,47,Jamal Sampson,2004.0,2.0,0.4
2002,32,Robert Archibald,2004.0,2.0,0.2
2003,42,Zaza Pachulia,2004.0,1.0,0.3
2000,1,Kenyon Martin,2004.0,4.0,6.7
2000,11,Jérôme Moïso,2004.0,4.0,0.8
2003,29,Josh Howard,2004.0,1.0,3.5
2003,30,Maciej Lampe,2004.0,1.0,0.1
2003,31,Jason Kapono,2004.0,1.0,0.5
2001,18,Jason Collins,2004.0,3.0,4.9
2001,8,DeSagana Diop,2004.0,3.0,1.0
2000,4,Marcus Fizer,2004.0,4.0,0.5
2001,10,Joe Johnson,2005.0,4.0,7.6
2001,11,Kedrick Brown,2005.0,4.0,0.1
2001,12,Vladimir Radmanović,2005.0,4.0,3.7
2001,13,Richard Jefferson,2005.0,4.0,2.4
2004,32,Peter John Ramos,2005.0,1.0,0.0
2004,33,Lionel Chalmers,2005.0,1.0,-0.2
2004,34,Donta Smith,2005.0,1.0,0.2
2004,35,Andre Emmett,2005.0,1.0,0.0
2004,36,Antonio Burks,2005.0,1.0,0.5
2004,37,Royal Ivey,2005.0,1.0,0.2
2004,38,Chris Duhon,2005.0,1.0,4.1
2004,40,Justin Reed,2005.0,1.0,0.3
2002,47,Jamal Sampson,2005.0,3.0,0.5
2002,34,Dan Gadzuric,2005.0,3.0,5.2
2002,35,Carlos Boozer,2005.0,3.0,4.1
2002,41,Mario Kasun,2005.0,3.0,0.6
2002,42,Ronald Murray,2005.0,3.0,-0.3
2002,25,Frank Williams,2005.0,3.0,-0.2
2002,26,John Salmons,2005.0,3.0,1.4
2002,54,Tamar Slay,2005.0,3.0,-0.3
2002,58,Corsley Edwards,2005.0,3.0,0.1
2003,1,LeBron James,2005.0,2.0,14.3
2003,2,Darko Miličić,2005.0,2.0,-0.2
2003,3,Carmelo Anthony,2005.0,2.0,4.9
2002,44,Lonny Baxter,2005.0,3.0,-0.2
2002,46,Matt Barnes,2005.0,3.0,0.4
2004,31,Jackson Vroman,2005.0,1.0,-0.1
2004,25,Tony Allen,2005.0,1.0,2.7
2004,26,Kevin Martin,2005.0,1.0,0.1
2004,27,Sasha Vujačić,2005.0,1.0,0.2
2004,19,Dorell Wright,2005.0,1.0,-0.1
2004,20,Jameer Nelson,2005.0,1.0,2.5
2004,21,Pavel Podkolzin,2005.0,1.0,0.0
2004,22,Viktor Khryapa,2005.0,1.0,0.3
2004,24,Delonte West,2005.0,1.0,0.9
2003,5,Dwyane Wade,2005.0,2.0,11.0
2002,50,Darius Songaila,2005.0,3.0,4.3
2002,53,Rasual Butler,2005.0,3.0,1.7
2004,14,Kris Humphries,2005.0,1.0,-0.3
2004,15,Al Jefferson,2005.0,1.0,2.7
2004,16,Kirk Snyder,2005.0,1.0,-0.2
2004,17,Josh Smith,2005.0,1.0,2.4
2004,18,J.R. Smith,2005.0,1.0,0.2
2003,9,Mike Sweetney,2005.0,2.0,3.8
2003,10,Jarvis Hayes,2005.0,2.0,1.7
2003,11,Mickaël Piétrus,2005.0,2.0,2.1
2003,12,Nick Collison,2005.0,2.0,3.9
2003,4,Chris Bosh,2005.0,2.0,6.8
2004,28,Beno Udrih,2005.0,1.0,3.1
2004,29,David Harrison,2005.0,1.0,1.4
2004,30,Anderson Varejão,2005.0,1.0,3.0
2004,43,Trevor Ariza,2005.0,1.0,2.1
2004,45,Bernard Robinson,2005.0,1.0,0.3
2004,46,Ha Seung-Jin,2005.0,1.0,-0.2
2004,47,Pape Sow,2005.0,1.0,0.2
2004,53,Matt Freije,2005.0,1.0,-0.5
2004,55,Luis Flores,2005.0,1.0,0.0
2002,28,Dan Dickau,2005.0,3.0,3.5
2002,19,Ryan Humphrey,2005.0,3.0,0.1
2002,20,Kareem Rush,2005.0,3.0,0.1
2004,10,Luke Jackson,2005.0,1.0,0.1
2004,11,Andris Biedriņš,2005.0,1.0,1.2
2004,12,Robert Swift,2005.0,1.0,0.0
2004,13,Sebastian Telfair,2005.0,1.0,-0.4
2004,5,Devin Harris,2005.0,1.0,2.7
2004,6,Josh Childress,2005.0,1.0,4.6
2004,7,Luol Deng,2005.0,1.0,3.0
2003,6,Chris Kaman,2005.0,2.0,2.1
2003,7,Kirk Hinrich,2005.0,2.0,7.2
2002,21,Qyntel Woods,2005.0,3.0,0.0
2002,22,Casey Jacobsen,2005.0,3.0,2.7
2002,23,Tayshaun Prince,2005.0,3.0,9.4
2002,24,Nenad Krstić,2005.0,3.0,4.4
2002,14,Fred Jones,2005.0,3.0,4.8
2002,15,Boštjan Nachbar,2005.0,3.0,1.7
2002,16,Jiří Welsch,2005.0,3.0,1.7
2002,17,Juan Dixon,2005.0,3.0,2.0
2002,18,Curtis Borchardt,2005.0,3.0,0.8
2002,8,Chris Wilcox,2005.0,3.0,1.3
2002,9,Amar'e Stoudemire,2005.0,3.0,14.6
2003,15,Reece Gaines,2005.0,2.0,-0.1
2003,17,Žarko Čabarkapa,2005.0,2.0,1.3
2003,18,David West,2005.0,2.0,0.2
2003,19,Sasha Pavlović,2005.0,2.0,0.8
2003,20,Dahntay Jones,2005.0,2.0,0.9
2003,21,Boris Diaw,2005.0,2.0,0.1
2004,8,Rafael Araújo,2005.0,1.0,0.3
2004,9,Andre Iguodala,2005.0,1.0,6.6
2002,10,Caron Butler,2005.0,3.0,5.3
2002,11,Jared Jeffries,2005.0,3.0,2.6
2002,12,Melvin Ely,2005.0,3.0,0.1
2002,13,Marcus Haislip,2005.0,3.0,-0.2
2002,6,Dajuan Wagner,2005.0,3.0,-0.2
2002,7,Nenê,2005.0,3.0,3.2
2002,3,Mike Dunleavy,2005.0,3.0,4.9
2002,4,Drew Gooden,2005.0,3.0,8.5
2002,5,Nikoloz Tskitishvili,2005.0,3.0,-0.5
2001,53,Jarron Collins,2005.0,4.0,1.1
2002,1,Yao Ming,2005.0,3.0,10.7
2001,41,Jamison Brewer,2005.0,4.0,-0.3
2001,42,Bobby Simmons,2005.0,4.0,6.8
2001,46,Loren Woods,2005.0,4.0,0.7
2001,1,Kwame Brown,2005.0,4.0,0.6
2003,23,Travis Outlaw,2005.0,2.0,1.4
2003,13,Marcus Banks,2005.0,2.0,1.9
2003,14,Luke Ridnour,2005.0,2.0,5.4
2001,37,Damone Brown,2005.0,4.0,-0.2
2001,38,Mehmet Okur,2005.0,4.0,7.0
2001,40,Earl Watson,2005.0,4.0,2.3
2001,30,Trenton Hassell,2005.0,4.0,2.7
2001,31,Gilbert Arenas,2005.0,4.0,11.5
2003,27,Kendrick Perkins,2005.0,2.0,0.7
2003,49,James Jones,2005.0,2.0,2.5
2003,51,Kyle Korver,2005.0,2.0,6.6
2003,56,Brandon Hunter,2005.0,2.0,0.2
2004,1,Dwight Howard,2005.0,1.0,7.3
2004,2,Emeka Okafor,2005.0,1.0,4.0
2003,28,Leandro Barbosa,2005.0,2.0,1.8
2003,22,Zoran Planinić,2005.0,2.0,0.8
2004,3,Ben Gordon,2005.0,1.0,3.5
2004,4,Shaun Livingston,2005.0,1.0,0.1
2001,32,Omar Cook,2005.0,4.0,0.1
2001,35,Brian Scalabrine,2005.0,4.0,1.4
2001,2,Tyson Chandler,2005.0,4.0,8.3
2001,3,Pau Gasol,2005.0,4.0,6.8
2001,4,Eddy Curry,2005.0,4.0,4.3
2001,5,Jason Richardson,2005.0,4.0,5.7
2003,42,Zaza Pachulia,2005.0,2.0,2.9
2003,43,Keith Bogans,2005.0,2.0,0.1
2003,45,Matt Bonner,2005.0,2.0,4.2
2003,47,Mo Williams,2005.0,2.0,2.2
2003,32,Luke Walton,2005.0,2.0,0.5
2003,24,Brian Cook,2005.0,2.0,2.0
2003,25,Carlos Delfino,2005.0,2.0,0.5
2003,26,Ndudi Ebi,2005.0,2.0,0.1
2001,25,Gerald Wallace,2005.0,4.0,2.4
2001,26,Samuel Dalembert,2005.0,4.0,3.9
2001,27,Jamaal Tinsley,2005.0,4.0,2.8
2001,28,Tony Parker,2005.0,4.0,8.1
2001,19,Zach Randolph,2005.0,4.0,3.1
2001,20,Brendan Haywood,2005.0,4.0,5.2
2001,24,Raül López,2005.0,4.0,0.7
2001,14,Troy Murphy,2005.0,4.0,5.3
2001,15,Steven Hunter,2005.0,4.0,2.6
2001,17,Michael Bradley,2005.0,4.0,0.2
2003,38,Steve Blake,2005.0,2.0,0.3
2003,41,Willie Green,2005.0,2.0,0.1
2003,29,Josh Howard,2005.0,2.0,6.4
2003,30,Maciej Lampe,2005.0,2.0,-0.1
2003,31,Jason Kapono,2005.0,2.0,1.3
2001,18,Jason Collins,2005.0,4.0,3.9
2001,6,Shane Battier,2005.0,4.0,7.8
2001,7,Eddie Griffin,2005.0,4.0,3.2
2001,8,DeSagana Diop,2005.0,4.0,0.0
2001,9,Rodney White,2005.0,4.0,0.5
2002,4,Drew Gooden,2006.0,4.0,6.6
2003,30,Maciej Lampe,2006.0,3.0,-0.2
2003,29,Josh Howard,2006.0,3.0,6.7
2003,28,Leandro Barbosa,2006.0,3.0,3.8
2004,2,Emeka Okafor,2006.0,2.0,1.0
2004,1,Dwight Howard,2006.0,2.0,8.6
2003,51,Kyle Korver,2006.0,3.0,4.6
2003,49,James Jones,2006.0,3.0,4.0
2003,31,Jason Kapono,2006.0,3.0,1.2
2003,27,Kendrick Perkins,2006.0,3.0,2.3
2005,42,Chris Taft,2006.0,1.0,0.5
2005,40,Monta Ellis,2006.0,1.0,0.5
2005,39,Von Wafer,2006.0,1.0,-0.3
2005,38,Travis Diener,2006.0,1.0,0.6
2005,37,Ronny Turiaf,2006.0,1.0,0.4
2005,34,C.J. Miles,2006.0,1.0,0.3
2005,33,Brandon Bass,2006.0,1.0,0.1
2005,32,Daniel Ewing,2006.0,1.0,0.3
2002,5,Nikoloz Tskitishvili,2006.0,4.0,0.0
2003,25,Carlos Delfino,2006.0,3.0,1.0
2003,24,Brian Cook,2006.0,3.0,4.5
2003,23,Travis Outlaw,2006.0,3.0,0.9
2004,4,Shaun Livingston,2006.0,2.0,1.3
2004,3,Ben Gordon,2006.0,2.0,4.4
2003,22,Zoran Planinić,2006.0,3.0,0.1
2003,21,Boris Diaw,2006.0,3.0,8.9
2003,20,Dahntay Jones,2006.0,3.0,0.6
2005,31,Salim Stoudamire,2006.0,1.0,1.2
2005,49,Andray Blatche,2006.0,1.0,0.1
2005,47,Bracey Wright,2006.0,1.0,0.2
2005,45,Lou Williams,2006.0,1.0,-0.1
2005,44,Martynas Andriuškevičius,2006.0,1.0,0.0
2005,30,David Lee,2006.0,1.0,2.7
2005,29,Wayne Simien,2006.0,1.0,0.8
2003,19,Sasha Pavlović,2006.0,3.0,0.5
2003,18,David West,2006.0,3.0,7.4
2003,17,Žarko Čabarkapa,2006.0,3.0,0.3
2003,15,Reece Gaines,2006.0,3.0,0.0
2003,14,Luke Ridnour,2006.0,3.0,4.4
2004,8,Rafael Araújo,2006.0,2.0,-0.8
2004,7,Luol Deng,2006.0,2.0,6.5
2004,6,Josh Childress,2006.0,2.0,5.7
2004,5,Devin Harris,2006.0,2.0,3.7
2004,13,Sebastian Telfair,2006.0,2.0,0.6
2005,26,Jason Maxiell,2006.0,1.0,-0.2
2005,56,Amir Johnson,2006.0,1.0,0.2
2005,55,Lawrence Roberts,2006.0,1.0,0.5
2005,54,Dijon Thompson,2006.0,1.0,0.1
2005,53,Orien Greene,2006.0,1.0,-0.3
2005,51,Robert Whaley,2006.0,1.0,0.0
2005,50,Ryan Gomes,2006.0,1.0,3.1
2005,25,Johan Petro,2006.0,1.0,1.0
2004,12,Robert Swift,2006.0,2.0,1.1
2004,11,Andris Biedriņš,2006.0,2.0,2.9
2004,10,Luke Jackson,2006.0,2.0,0.0
2004,9,Andre Iguodala,2006.0,2.0,7.5
2003,13,Marcus Banks,2006.0,3.0,2.3
2003,12,Nick Collison,2006.0,3.0,2.3
2003,11,Mickaël Piétrus,2006.0,3.0,0.6
2003,10,Jarvis Hayes,2006.0,3.0,0.7
2005,24,Luther Head,2006.0,1.0,3.5
2005,23,Francisco García,2006.0,1.0,1.6
2005,22,Jarrett Jack,2006.0,1.0,1.2
2005,60,Alex Acker,2006.0,1.0,-0.2
2005,21,Nate Robinson,2006.0,1.0,1.5
2005,20,Julius Hodge,2006.0,1.0,-0.2
2005,27,Linas Kleiza,2006.0,1.0,1.2
2003,9,Mike Sweetney,2006.0,3.0,2.1
2004,18,J.R. Smith,2006.0,2.0,1.2
2004,17,Josh Smith,2006.0,2.0,3.6
2004,16,Kirk Snyder,2006.0,2.0,2.2
2004,15,Al Jefferson,2006.0,2.0,2.3
2004,14,Kris Humphries,2006.0,2.0,0.2
2003,8,T.J. Ford,2006.0,3.0,2.5
2005,18,Gerald Green,2006.0,1.0,0.5
2005,17,Danny Granger,2006.0,1.0,5.1
2005,16,Joey Graham,2006.0,1.0,1.3
2005,14,Rashad McCants,2006.0,1.0,1.6
2005,13,Sean May,2006.0,1.0,0.4
2005,12,Yaroslav Korolev,2006.0,1.0,0.0
2005,19,Hakim Warrick,2006.0,1.0,0.8
2003,7,Kirk Hinrich,2006.0,3.0,7.6
2003,6,Chris Kaman,2006.0,3.0,6.1
2003,5,Dwyane Wade,2006.0,3.0,14.4
2004,23,Sergei Monia,2006.0,2.0,-0.2
2004,22,Viktor Khryapa,2006.0,2.0,1.3
2004,21,Pavel Podkolzin,2006.0,2.0,-0.1
2004,20,Jameer Nelson,2006.0,2.0,4.9
2005,10,Andrew Bynum,2006.0,1.0,0.1
2005,9,Ike Diogu,2006.0,1.0,2.6
2005,8,Channing Frye,2006.0,1.0,3.5
2005,7,Charlie Villanueva,2006.0,1.0,3.9
2005,6,Martell Webster,2006.0,1.0,0.9
2005,15,Antoine Wright,2006.0,1.0,-0.5
2005,5,Raymond Felton,2006.0,1.0,2.6
2005,4,Chris Paul,2006.0,1.0,10.4
2005,3,Deron Williams,2006.0,1.0,2.8
2005,2,Marvin Williams,2006.0,1.0,2.8
2004,19,Dorell Wright,2006.0,2.0,0.2
2004,27,Sasha Vujačić,2006.0,2.0,2.0
2004,26,Kevin Martin,2006.0,2.0,5.5
2004,25,Tony Allen,2006.0,2.0,1.7
2004,24,Delonte West,2006.0,2.0,5.7
2004,31,Jackson Vroman,2006.0,2.0,0.1
2004,30,Anderson Varejão,2006.0,2.0,2.3
2002,42,Ronald Murray,2006.0,4.0,0.7
2002,41,Mario Kasun,2006.0,4.0,0.3
2002,35,Carlos Boozer,2006.0,4.0,3.5
2002,34,Dan Gadzuric,2006.0,4.0,2.5
2002,28,Dan Dickau,2006.0,4.0,0.4
2005,1,Andrew Bogut,2006.0,1.0,5.5
2004,47,Pape Sow,2006.0,2.0,0.6
2004,46,Ha Seung-Jin,2006.0,2.0,0.0
2004,45,Bernard Robinson,2006.0,2.0,1.7
2004,43,Trevor Ariza,2006.0,2.0,0.9
2004,29,David Harrison,2006.0,2.0,1.5
2004,28,Beno Udrih,2006.0,2.0,1.3
2003,4,Chris Bosh,2006.0,3.0,9.8
2003,3,Carmelo Anthony,2006.0,3.0,9.4
2003,2,Darko Miličić,2006.0,3.0,1.2
2003,1,LeBron James,2006.0,3.0,16.3
2002,57,Randy Holcomb,2006.0,4.0,0.0
2002,53,Rasual Butler,2006.0,4.0,1.7
2002,50,Darius Songaila,2006.0,4.0,2.5
2002,47,Jamal Sampson,2006.0,4.0,0.2
2004,40,Justin Reed,2006.0,2.0,0.4
2004,38,Chris Duhon,2006.0,2.0,5.2
2004,37,Royal Ivey,2006.0,2.0,0.7
2004,36,Antonio Burks,2006.0,2.0,-0.4
2004,34,Donta Smith,2006.0,2.0,0.3
2002,46,Matt Barnes,2006.0,4.0,1.0
2002,44,Lonny Baxter,2006.0,4.0,0.7
2002,26,John Salmons,2006.0,4.0,1.7
2003,40,Derrick Zimmerman,2006.0,3.0,0.0
2003,38,Steve Blake,2006.0,3.0,2.8
2003,32,Luke Walton,2006.0,3.0,2.0
2003,47,Mo Williams,2006.0,3.0,2.5
2003,45,Matt Bonner,2006.0,3.0,4.1
2003,43,Keith Bogans,2006.0,3.0,2.3
2003,42,Zaza Pachulia,2006.0,3.0,3.9
2003,41,Willie Green,2006.0,3.0,-0.1
2002,1,Yao Ming,2006.0,4.0,8.6
2002,24,Nenad Krstić,2006.0,4.0,5.4
2002,23,Tayshaun Prince,2006.0,4.0,7.0
2002,21,Qyntel Woods,2006.0,4.0,1.3
2002,20,Kareem Rush,2006.0,4.0,-0.2
2002,17,Juan Dixon,2006.0,4.0,1.2
2002,16,Jiří Welsch,2006.0,4.0,0.8
2002,15,Boštjan Nachbar,2006.0,4.0,0.1
2002,14,Fred Jones,2006.0,4.0,2.6
2002,12,Melvin Ely,2006.0,4.0,2.0
2002,11,Jared Jeffries,2006.0,4.0,3.1
2002,10,Caron Butler,2006.0,4.0,6.3
2002,9,Amar'e Stoudemire,2006.0,4.0,0.1
2002,8,Chris Wilcox,2006.0,4.0,4.4
2002,7,Nenê,2006.0,4.0,-0.1
2002,3,Mike Dunleavy,2006.0,4.0,4.2
2003,42,Zaza Pachulia,2007.0,4.0,4.8
2003,43,Keith Bogans,2007.0,4.0,1.7
2003,45,Matt Bonner,2007.0,4.0,2.2
2003,47,Mo Williams,2007.0,4.0,3.2
2003,48,James Lang,2007.0,4.0,0.1
2003,32,Luke Walton,2007.0,4.0,3.8
2003,38,Steve Blake,2007.0,4.0,2.1
2004,37,Royal Ivey,2007.0,3.0,0.3
2004,38,Chris Duhon,2007.0,3.0,4.8
2004,40,Justin Reed,2007.0,3.0,-0.2
2003,1,LeBron James,2007.0,4.0,13.7
2003,2,Darko Miličić,2007.0,4.0,3.3
2003,3,Carmelo Anthony,2007.0,4.0,7.3
2003,4,Chris Bosh,2007.0,4.0,9.6
2004,29,David Harrison,2007.0,3.0,-0.2
2004,30,Anderson Varejão,2007.0,3.0,6.6
2006,36,Craig Smith,2007.0,1.0,3.9
2006,37,Bobby Jones,2007.0,1.0,0.3
2006,39,David Noel,2007.0,1.0,0.4
2006,41,James Augustine,2007.0,1.0,0.0
2006,42,Daniel Gibson,2007.0,1.0,2.0
2006,43,Marcus Vinicius,2007.0,1.0,0.1
2005,6,Martell Webster,2007.0,2.0,1.3
2004,43,Trevor Ariza,2007.0,3.0,3.4
2004,45,Bernard Robinson,2007.0,3.0,0.1
2004,47,Pape Sow,2007.0,3.0,0.1
2004,50,Vassilis Spanoulis,2007.0,3.0,-0.1
2004,53,Matt Freije,2007.0,3.0,-0.1
2004,25,Tony Allen,2007.0,3.0,1.9
2004,26,Kevin Martin,2007.0,3.0,10.2
2006,45,Alexander Johnson,2007.0,1.0,1.3
2006,46,Dee Brown,2007.0,1.0,0.2
2006,47,Paul Millsap,2007.0,1.0,4.7
2006,49,Leon Powe,2007.0,1.0,1.7
2006,50,Ryan Hollins,2007.0,1.0,0.2
2004,27,Sasha Vujačić,2007.0,3.0,1.8
2004,28,Beno Udrih,2007.0,3.0,1.0
2005,10,Andrew Bynum,2007.0,2.0,4.2
2005,1,Andrew Bogut,2007.0,2.0,4.0
2005,2,Marvin Williams,2007.0,2.0,2.3
2005,3,Deron Williams,2007.0,2.0,7.2
2006,29,Mardy Collins,2007.0,1.0,0.0
2006,31,James White,2007.0,1.0,0.3
2006,32,Steve Novak,2007.0,1.0,0.4
2006,33,Solomon Jones,2007.0,1.0,1.6
2006,34,Paul Davis,2007.0,1.0,0.2
2006,35,P.J. Tucker,2007.0,1.0,0.1
2005,4,Chris Paul,2007.0,2.0,8.8
2005,5,Raymond Felton,2007.0,2.0,2.3
2005,7,Charlie Villanueva,2007.0,2.0,1.7
2006,25,Shannon Brown,2007.0,1.0,0.1
2006,26,Jordan Farmar,2007.0,1.0,0.9
2006,27,Sergio Rodríguez,2007.0,1.0,0.9
2006,28,Maurice Ager,2007.0,1.0,-0.3
2006,22,Marcus Williams,2007.0,1.0,-0.1
2006,23,Josh Boone,2007.0,1.0,1.7
2006,24,Kyle Lowry,2007.0,1.0,0.5
2005,8,Channing Frye,2007.0,2.0,0.9
2005,9,Ike Diogu,2007.0,2.0,1.5
2004,20,Jameer Nelson,2007.0,3.0,4.0
2006,54,Hassan Adams,2007.0,1.0,1.0
2006,59,Damir Markota,2007.0,1.0,-0.2
2006,60,Will Blalock,2007.0,1.0,-0.1
2004,22,Viktor Khryapa,2007.0,3.0,0.4
2004,24,Delonte West,2007.0,3.0,3.7
2003,5,Dwyane Wade,2007.0,4.0,8.8
2003,6,Chris Kaman,2007.0,4.0,2.9
2003,7,Kirk Hinrich,2007.0,4.0,10.1
2005,12,Yaroslav Korolev,2007.0,2.0,0.0
2006,17,Shawne Williams,2007.0,1.0,0.7
2006,19,Quincy Douby,2007.0,1.0,0.0
2006,20,Renaldo Balkman,2007.0,1.0,2.8
2006,21,Rajon Rondo,2007.0,1.0,2.4
2006,13,Thabo Sefolosha,2007.0,1.0,0.8
2006,14,Ronnie Brewer,2007.0,1.0,1.7
2006,15,Cedric Simmons,2007.0,1.0,0.3
2006,16,Rodney Carney,2007.0,1.0,1.3
2005,13,Sean May,2007.0,2.0,2.2
2005,14,Rashad McCants,2007.0,2.0,-0.3
2005,15,Antoine Wright,2007.0,2.0,1.2
2005,25,Johan Petro,2007.0,2.0,1.7
2005,16,Joey Graham,2007.0,2.0,3.0
2005,17,Danny Granger,2007.0,2.0,6.5
2006,8,Rudy Gay,2007.0,1.0,0.5
2006,9,Patrick O'Bryant,2007.0,1.0,0.0
2006,10,Mouhamed Sene,2007.0,1.0,0.0
2006,11,JJ Redick,2007.0,1.0,1.7
2006,12,Hilton Armstrong,2007.0,1.0,1.2
2006,5,Shelden Williams,2007.0,1.0,2.2
2006,6,Brandon Roy,2007.0,1.0,4.8
2006,7,Randy Foye,2007.0,1.0,2.3
2005,18,Gerald Green,2007.0,2.0,1.6
2005,19,Hakim Warrick,2007.0,2.0,3.7
2003,8,T.J. Ford,2007.0,4.0,4.3
2003,9,Mike Sweetney,2007.0,4.0,0.4
2004,14,Kris Humphries,2007.0,3.0,1.5
2004,15,Al Jefferson,2007.0,3.0,6.6
2004,16,Kirk Snyder,2007.0,3.0,1.4
2004,17,Josh Smith,2007.0,3.0,4.4
2004,18,J.R. Smith,2007.0,3.0,3.7
2004,19,Dorell Wright,2007.0,3.0,1.9
2003,10,Jarvis Hayes,2007.0,4.0,1.5
2005,20,Julius Hodge,2007.0,2.0,0.2
2005,21,Nate Robinson,2007.0,2.0,3.2
2006,1,Andrea Bargnani,2007.0,1.0,1.9
2006,2,LaMarcus Aldridge,2007.0,1.0,3.4
2006,3,Adam Morrison,2007.0,1.0,-1.5
2006,4,Tyrus Thomas,2007.0,1.0,2.2
2005,22,Jarrett Jack,2007.0,2.0,4.8
2005,23,Francisco García,2007.0,2.0,2.4
2005,24,Luther Head,2007.0,2.0,5.7
2003,11,Mickaël Piétrus,2007.0,4.0,3.6
2003,12,Nick Collison,2007.0,4.0,4.6
2003,13,Marcus Banks,2007.0,4.0,0.4
2004,8,Rafael Araújo,2007.0,3.0,0.1
2004,9,Andre Iguodala,2007.0,3.0,7.7
2004,10,Luke Jackson,2007.0,3.0,0.1
2004,11,Andris Biedriņš,2007.0,3.0,6.7
2004,13,Sebastian Telfair,2007.0,3.0,0.5
2005,32,Daniel Ewing,2007.0,2.0,0.5
2005,53,Orien Greene,2007.0,2.0,-0.2
2005,54,Dijon Thompson,2007.0,2.0,0.1
2005,55,Lawrence Roberts,2007.0,2.0,2.0
2005,56,Amir Johnson,2007.0,2.0,0.5
2005,58,Uroš Slokar,2007.0,2.0,0.1
2005,26,Jason Maxiell,2007.0,2.0,1.8
2005,27,Linas Kleiza,2007.0,2.0,2.8
2004,5,Devin Harris,2007.0,3.0,6.5
2004,6,Josh Childress,2007.0,3.0,5.5
2004,7,Luol Deng,2007.0,3.0,11.3
2003,14,Luke Ridnour,2007.0,4.0,2.3
2003,18,David West,2007.0,4.0,5.2
2003,19,Sasha Pavlović,2007.0,4.0,3.1
2005,43,Mile Ilić,2007.0,2.0,-0.2
2005,29,Wayne Simien,2007.0,2.0,0.0
2005,30,David Lee,2007.0,2.0,6.9
2005,31,Salim Stoudamire,2007.0,2.0,0.8
2005,45,Lou Williams,2007.0,2.0,1.1
2005,47,Bracey Wright,2007.0,2.0,0.3
2005,48,Mickaël Gelabale,2007.0,2.0,1.3
2005,49,Andray Blatche,2007.0,2.0,0.5
2005,50,Ryan Gomes,2007.0,2.0,4.2
2003,20,Dahntay Jones,2007.0,4.0,0.7
2003,21,Boris Diaw,2007.0,4.0,4.6
2004,3,Ben Gordon,2007.0,3.0,8.6
2004,4,Shaun Livingston,2007.0,3.0,2.4
2003,23,Travis Outlaw,2007.0,4.0,2.3
2003,24,Brian Cook,2007.0,4.0,1.8
2003,25,Carlos Delfino,2007.0,4.0,2.9
2003,27,Kendrick Perkins,2007.0,4.0,1.4
2005,33,Brandon Bass,2007.0,2.0,0.0
2005,34,C.J. Miles,2007.0,2.0,-0.5
2005,36,Ersan İlyasova,2007.0,2.0,1.0
2005,37,Ronny Turiaf,2007.0,2.0,3.1
2005,38,Travis Diener,2007.0,2.0,0.7
2005,39,Von Wafer,2007.0,2.0,0.0
2005,40,Monta Ellis,2007.0,2.0,4.0
2003,51,Kyle Korver,2007.0,4.0,4.6
2003,58,Andreas Glyniadakis,2007.0,4.0,-0.2
2004,1,Dwight Howard,2007.0,3.0,9.7
2004,2,Emeka Okafor,2007.0,3.0,7.1
2003,28,Leandro Barbosa,2007.0,4.0,8.2
2003,29,Josh Howard,2007.0,4.0,8.8
2003,31,Jason Kapono,2007.0,4.0,4.2
2003,49,James Jones,2007.0,4.0,2.2
2003,41,Willie Green,2007.0,4.0,-0.7
2004,1,Dwight Howard,2008.0,4.0,12.9
2004,2,Emeka Okafor,2008.0,4.0,5.8
2005,40,Monta Ellis,2008.0,3.0,9.0
2004,3,Ben Gordon,2008.0,4.0,5.1
2005,39,Von Wafer,2008.0,3.0,-0.5
2005,30,David Lee,2008.0,3.0,7.4
2005,28,Ian Mahinmi,2008.0,3.0,0.2
2005,27,Linas Kleiza,2008.0,3.0,4.7
2005,26,Jason Maxiell,2008.0,3.0,6.3
2005,57,Marcin Gortat,2008.0,3.0,0.1
2005,56,Amir Johnson,2008.0,3.0,3.0
2005,53,Orien Greene,2008.0,3.0,-0.2
2005,25,Johan Petro,2008.0,3.0,0.4
2005,24,Luther Head,2008.0,3.0,3.5
2007,59,D.J. Strawberry,2008.0,1.0,-0.2
2007,56,Ramon Sessions,2008.0,1.0,0.7
2007,53,Demetris Nichols,2008.0,1.0,-0.2
2007,52,Taurean Green,2008.0,1.0,-0.1
2007,49,Aaron Gray,2008.0,1.0,0.8
2007,31,Carl Landry,2008.0,1.0,3.7
2007,47,Dominic McGuire,2008.0,1.0,0.0
2007,46,Stéphane Lasme,2008.0,1.0,0.3
2007,41,Chris Richard,2008.0,1.0,0.4
2007,38,Kyrylo Fesenko,2008.0,1.0,0.0
2007,37,Josh McRoberts,2008.0,1.0,0.1
2005,23,Francisco García,2008.0,3.0,4.2
2005,22,Jarrett Jack,2008.0,3.0,3.2
2006,2,LaMarcus Aldridge,2008.0,2.0,6.2
2006,1,Andrea Bargnani,2008.0,2.0,1.4
2005,21,Nate Robinson,2008.0,3.0,3.2
2007,25,Morris Almond,2008.0,1.0,-0.1
2007,36,Jermareo Davidson,2008.0,1.0,-0.1
2007,35,Glen Davis,2008.0,1.0,2.5
2007,34,Nick Fazekas,2008.0,1.0,0.8
2007,33,Marcus Williams,2008.0,1.0,0.2
2007,33,Marcus Williams,2008.0,1.0,-0.1
2007,32,Gabe Pruitt,2008.0,1.0,0.1
2005,19,Hakim Warrick,2008.0,3.0,3.3
2005,18,Gerald Green,2008.0,3.0,-0.4
2005,17,Danny Granger,2008.0,3.0,7.3
2006,8,Rudy Gay,2008.0,2.0,5.0
2006,7,Randy Foye,2008.0,2.0,1.1
2006,6,Brandon Roy,2008.0,2.0,8.0
2007,21,Daequan Cook,2008.0,1.0,-0.4
2007,29,Alando Tucker,2008.0,1.0,0.0
2007,27,Arron Afflalo,2008.0,1.0,1.9
2007,26,Aaron Brooks,2008.0,1.0,1.4
2007,23,Wilson Chandler,2008.0,1.0,0.5
2007,22,Jared Dudley,2008.0,1.0,2.9
2007,20,Jason Smith,2008.0,1.0,1.5
2007,19,Javaris Crittenton,2008.0,1.0,0.1
2007,18,Marco Belinelli,2008.0,1.0,0.0
2007,17,Sean Williams,2008.0,1.0,2.5
2007,16,Nick Young,2008.0,1.0,0.4
2006,5,Shelden Williams,2008.0,2.0,1.2
2006,4,Tyrus Thomas,2008.0,2.0,2.4
2006,12,Hilton Armstrong,2008.0,2.0,0.5
2006,11,JJ Redick,2008.0,2.0,0.5
2006,10,Mouhamed Sene,2008.0,2.0,0.2
2006,9,Patrick O'Bryant,2008.0,2.0,0.2
2005,16,Joey Graham,2008.0,3.0,0.3
2007,15,Rodney Stuckey,2008.0,1.0,2.0
2007,14,Al Thornton,2008.0,1.0,1.1
2007,13,Julian Wright,2008.0,1.0,1.7
2007,12,Thaddeus Young,2008.0,1.0,4.5
2007,4,Mike Conley,2008.0,1.0,1.1
2007,3,Al Horford,2008.0,1.0,5.5
2007,11,Acie Law,2008.0,1.0,-0.1
2007,10,Spencer Hawes,2008.0,1.0,0.6
2007,9,Joakim Noah,2008.0,1.0,3.8
2007,8,Brandan Wright,2008.0,1.0,1.1
2005,15,Antoine Wright,2008.0,3.0,0.8
2005,14,Rashad McCants,2008.0,3.0,1.7
2006,16,Rodney Carney,2008.0,2.0,1.6
2006,15,Cedric Simmons,2008.0,2.0,-0.2
2006,14,Ronnie Brewer,2008.0,2.0,7.8
2006,13,Thabo Sefolosha,2008.0,2.0,1.5
2006,51,Cheikh Samb,2008.0,2.0,0.1
2007,7,Corey Brewer,2008.0,1.0,-0.2
2007,6,Yi Jianlian,2008.0,1.0,0.7
2007,5,Jeff Green,2008.0,1.0,0.2
2006,45,Alexander Johnson,2008.0,2.0,0.2
2004,26,Kevin Martin,2008.0,4.0,8.4
2004,25,Tony Allen,2008.0,4.0,2.7
2004,24,Delonte West,2008.0,4.0,1.3
2004,22,Viktor Khryapa,2008.0,4.0,0.0
2007,2,Kevin Durant,2008.0,1.0,2.3
2006,52,Guillermo Díaz,2008.0,2.0,0.0
2006,21,Rajon Rondo,2008.0,2.0,7.2
2006,20,Renaldo Balkman,2008.0,2.0,1.3
2006,19,Quincy Douby,2008.0,2.0,0.0
2006,18,Oleksiy Pecherov,2008.0,2.0,0.0
2006,17,Shawne Williams,2008.0,2.0,1.4
2005,10,Andrew Bynum,2008.0,3.0,4.8
2004,30,Anderson Varejão,2008.0,4.0,2.4
2004,29,David Harrison,2008.0,4.0,0.4
2004,28,Beno Udrih,2008.0,4.0,2.4
2004,27,Sasha Vujačić,2008.0,4.0,3.6
2006,50,Ryan Hollins,2008.0,2.0,1.1
2006,49,Leon Powe,2008.0,2.0,4.3
2006,47,Paul Millsap,2008.0,2.0,5.2
2005,9,Ike Diogu,2008.0,3.0,0.7
2005,8,Channing Frye,2008.0,3.0,3.2
2006,25,Shannon Brown,2008.0,2.0,-0.5
2006,24,Kyle Lowry,2008.0,2.0,3.4
2006,23,Josh Boone,2008.0,2.0,3.7
2006,22,Marcus Williams,2008.0,2.0,0.2
2005,2,Marvin Williams,2008.0,3.0,5.7
2005,1,Andrew Bogut,2008.0,3.0,4.8
2004,43,Trevor Ariza,2008.0,4.0,1.8
2004,38,Chris Duhon,2008.0,4.0,2.3
2004,37,Royal Ivey,2008.0,4.0,0.5
2006,43,Marcus Vinicius,2008.0,2.0,0.1
2006,42,Daniel Gibson,2008.0,2.0,4.1
2006,41,James Augustine,2008.0,2.0,0.3
2006,38,Kosta Perović,2008.0,2.0,0.0
2006,37,Bobby Jones,2008.0,2.0,0.8
2006,36,Craig Smith,2008.0,2.0,3.5
2006,22,Marcus Williams,2008.0,2.0,-0.1
2006,29,Mardy Collins,2008.0,2.0,-1.0
2006,28,Maurice Ager,2008.0,2.0,-0.4
2006,27,Sergio Rodríguez,2008.0,2.0,-0.2
2006,26,Jordan Farmar,2008.0,2.0,3.9
2005,7,Charlie Villanueva,2008.0,3.0,1.7
2005,6,Martell Webster,2008.0,3.0,3.5
2005,5,Raymond Felton,2008.0,3.0,3.4
2005,4,Chris Paul,2008.0,3.0,17.8
2006,34,Paul Davis,2008.0,2.0,0.0
2006,33,Solomon Jones,2008.0,2.0,0.0
2006,32,Steve Novak,2008.0,2.0,1.1
2005,3,Deron Williams,2008.0,3.0,11.3
2004,5,Devin Harris,2008.0,4.0,5.6
2005,38,Travis Diener,2008.0,3.0,2.5
2005,37,Ronny Turiaf,2008.0,3.0,4.2
2005,34,C.J. Miles,2008.0,3.0,1.9
2005,33,Brandon Bass,2008.0,3.0,4.3
2005,31,Salim Stoudamire,2008.0,3.0,0.3
2005,50,Ryan Gomes,2008.0,3.0,4.8
2005,49,Andray Blatche,2008.0,3.0,3.0
2005,48,Mickaël Gelabale,2008.0,3.0,0.2
2005,45,Lou Williams,2008.0,3.0,4.4
2004,20,Jameer Nelson,2008.0,4.0,5.6
2004,19,Dorell Wright,2008.0,4.0,2.2
2004,18,J.R. Smith,2008.0,4.0,3.7
2004,17,Josh Smith,2008.0,4.0,5.8
2004,16,Kirk Snyder,2008.0,4.0,1.1
2004,15,Al Jefferson,2008.0,4.0,7.7
2004,14,Kris Humphries,2008.0,4.0,1.8
2004,13,Sebastian Telfair,2008.0,4.0,0.7
2004,12,Robert Swift,2008.0,4.0,-0.2
2004,11,Andris Biedriņš,2008.0,4.0,8.0
2004,10,Luke Jackson,2008.0,4.0,0.0
2004,9,Andre Iguodala,2008.0,4.0,9.6
2004,7,Luol Deng,2008.0,4.0,4.4
2004,6,Josh Childress,2008.0,4.0,7.6
2005,41,Roko Ukić,2009.0,4.0,-0.4
2005,40,Monta Ellis,2009.0,4.0,0.2
2005,45,Lou Williams,2009.0,4.0,3.4
2005,49,Andray Blatche,2009.0,4.0,1.4
2005,50,Ryan Gomes,2009.0,4.0,2.5
2005,33,Brandon Bass,2009.0,4.0,4.1
2005,34,C.J. Miles,2009.0,4.0,2.9
2005,37,Ronny Turiaf,2009.0,4.0,3.6
2006,31,James White,2009.0,3.0,0.0
2005,39,Von Wafer,2009.0,4.0,2.6
2006,32,Steve Novak,2009.0,3.0,2.2
2006,42,Daniel Gibson,2009.0,3.0,3.8
2005,1,Andrew Bogut,2009.0,4.0,2.6
2005,2,Marvin Williams,2009.0,4.0,6.1
2005,3,Deron Williams,2009.0,4.0,8.4
2006,22,Marcus Williams,2009.0,3.0,-0.1
2006,22,Marcus Williams,2009.0,3.0,0.0
2006,23,Josh Boone,2009.0,3.0,1.8
2006,24,Kyle Lowry,2009.0,3.0,3.6
2006,25,Shannon Brown,2009.0,3.0,0.7
2005,8,Channing Frye,2009.0,4.0,0.8
2005,9,Ike Diogu,2009.0,4.0,0.7
2006,46,Dee Brown,2009.0,3.0,-0.1
2008,55,Mike Taylor,2009.0,1.0,-0.4
2008,58,Joe Crawford,2009.0,1.0,0.0
2008,42,Sean Singletary,2009.0,1.0,0.0
2008,52,Darnell Jackson,2009.0,1.0,0.8
2006,47,Paul Millsap,2009.0,3.0,7.7
2006,49,Leon Powe,2009.0,3.0,4.9
2006,50,Ryan Hollins,2009.0,3.0,1.0
2006,36,Craig Smith,2009.0,3.0,3.1
2005,10,Andrew Bynum,2009.0,4.0,5.5
2005,13,Sean May,2009.0,4.0,-0.3
2006,18,Oleksiy Pecherov,2009.0,3.0,0.5
2006,19,Quincy Douby,2009.0,3.0,0.0
2006,20,Renaldo Balkman,2009.0,3.0,2.6
2008,40,Chris Douglas-Roberts,2009.0,1.0,0.6
2008,41,Nathan Jawai,2009.0,1.0,-0.1
2008,30,J.R. Giddens,2009.0,1.0,0.0
2008,45,Goran Dragić,2009.0,1.0,0.1
2008,47,Henry Walker,2009.0,1.0,0.5
2008,48,Malik Hairston,2009.0,1.0,0.1
2008,35,DeAndre Jordan,2009.0,1.0,1.3
2008,26,George Hill,2009.0,1.0,2.1
2008,37,Luc Mbah a Moute,2009.0,1.0,4.0
2008,38,Kyle Weaver,2009.0,1.0,1.2
2008,39,Sonny Weems,2009.0,1.0,-0.3
2006,21,Rajon Rondo,2009.0,3.0,9.9
2006,13,Thabo Sefolosha,2009.0,3.0,2.2
2006,54,Hassan Adams,2009.0,3.0,-0.2
2007,1,Greg Oden,2009.0,2.0,4.6
2007,2,Kevin Durant,2009.0,2.0,7.9
2007,3,Al Horford,2009.0,2.0,6.8
2007,4,Mike Conley,2009.0,2.0,4.5
2008,29,D.J. White,2009.0,1.0,0.4
2008,22,Courtney Lee,2009.0,1.0,4.4
2008,32,Walter Sharpe,2009.0,1.0,-0.1
2008,33,Joey Dorsey,2009.0,1.0,0.0
2008,34,Mario Chalmers,2009.0,1.0,5.2
2007,5,Jeff Green,2009.0,2.0,4.2
2007,6,Yi Jianlian,2009.0,2.0,0.7
2007,7,Corey Brewer,2009.0,2.0,0.3
2006,51,Cheikh Samb,2009.0,3.0,-0.2
2006,14,Ronnie Brewer,2009.0,3.0,6.8
2006,15,Cedric Simmons,2009.0,3.0,0.0
2006,16,Rodney Carney,2009.0,3.0,1.5
2006,17,Shawne Williams,2009.0,3.0,0.0
2005,14,Rashad McCants,2009.0,4.0,0.6
2005,15,Antoine Wright,2009.0,4.0,1.4
2008,27,Darrell Arthur,2009.0,1.0,1.7
2008,28,Donté Greene,2009.0,1.0,-1.1
2008,21,Ryan Anderson,2009.0,1.0,2.5
2008,23,Kosta Koufos,2009.0,1.0,1.3
2008,25,Nicolas Batum,2009.0,1.0,3.7
2008,16,Marreese Speights,2009.0,1.0,3.8
2008,17,Roy Hibbert,2009.0,1.0,2.1
2008,9,D.J. Augustin,2009.0,1.0,5.1
2008,18,JaVale McGee,2009.0,1.0,2.0
2008,19,J.J. Hickson,2009.0,1.0,1.5
2008,20,Alexis Ajinça,2009.0,1.0,-0.1
2005,16,Joey Graham,2009.0,4.0,2.2
2007,8,Brandan Wright,2009.0,2.0,1.9
2007,9,Joakim Noah,2009.0,2.0,6.4
2007,10,Spencer Hawes,2009.0,2.0,0.8
2007,11,Acie Law,2009.0,2.0,0.7
2007,13,Julian Wright,2009.0,2.0,0.8
2008,12,Jason Thompson,2009.0,1.0,2.7
2008,5,Kevin Love,2009.0,1.0,5.3
2008,13,Brandon Rush,2009.0,1.0,0.9
2008,14,Anthony Randolph,2009.0,1.0,1.6
2008,15,Robin Lopez,2009.0,1.0,1.1
2007,14,Al Thornton,2009.0,2.0,1.3
2007,15,Rodney Stuckey,2009.0,2.0,3.8
2005,17,Danny Granger,2009.0,4.0,8.0
2006,9,Patrick O'Bryant,2009.0,3.0,0.3
2006,10,Mouhamed Sene,2009.0,3.0,0.2
2006,11,JJ Redick,2009.0,3.0,2.3
2006,12,Hilton Armstrong,2009.0,3.0,1.5
2006,5,Shelden Williams,2009.0,3.0,0.5
2008,1,Derrick Rose,2009.0,1.0,4.9
2008,10,Brook Lopez,2009.0,1.0,5.8
2008,11,Jerryd Bayless,2009.0,1.0,0.3
2008,4,Russell Westbrook,2009.0,1.0,1.9
2007,48,Marc Gasol,2009.0,2.0,6.4
2008,6,Danilo Gallinari,2009.0,1.0,1.0
2008,7,Eric Gordon,2009.0,1.0,4.6
2008,8,Joe Alexander,2009.0,1.0,0.4
2007,17,Sean Williams,2009.0,2.0,0.3
2007,18,Marco Belinelli,2009.0,2.0,0.5
2007,19,Javaris Crittenton,2009.0,2.0,0.0
2007,12,Thaddeus Young,2009.0,2.0,5.5
2007,22,Jared Dudley,2009.0,2.0,2.7
2007,53,Demetris Nichols,2009.0,2.0,0.0
2007,56,Ramon Sessions,2009.0,2.0,5.6
2007,37,Josh McRoberts,2009.0,2.0,0.4
2008,2,Michael Beasley,2009.0,1.0,3.4
2008,3,O.J. Mayo,2009.0,1.0,3.4
2006,4,Tyrus Thomas,2009.0,3.0,4.6
2005,22,Jarrett Jack,2009.0,4.0,4.1
2005,23,Francisco García,2009.0,4.0,2.4
2007,38,Kyrylo Fesenko,2009.0,2.0,0.3
2007,40,Sun Yue,2009.0,2.0,-0.1
2007,47,Dominic McGuire,2009.0,2.0,1.7
2007,32,Gabe Pruitt,2009.0,2.0,0.4
2007,49,Aaron Gray,2009.0,2.0,1.3
2007,23,Wilson Chandler,2009.0,2.0,3.1
2007,24,Rudy Fernández,2009.0,2.0,6.1
2007,25,Morris Almond,2009.0,2.0,0.1
2007,16,Nick Young,2009.0,2.0,1.2
2007,26,Aaron Brooks,2009.0,2.0,3.6
2007,27,Arron Afflalo,2009.0,2.0,1.8
2007,33,Marcus Williams,2009.0,2.0,-0.1
2007,33,Marcus Williams,2009.0,2.0,0.0
2007,35,Glen Davis,2009.0,2.0,3.7
2007,36,Jermareo Davidson,2009.0,2.0,0.1
2005,60,Alex Acker,2009.0,4.0,0.0
2006,1,Andrea Bargnani,2009.0,3.0,3.9
2006,2,LaMarcus Aldridge,2009.0,3.0,9.5
2006,3,Adam Morrison,2009.0,3.0,0.0
2007,29,Alando Tucker,2009.0,2.0,0.2
2007,31,Carl Landry,2009.0,2.0,5.9
2007,21,Daequan Cook,2009.0,2.0,2.2
2006,6,Brandon Roy,2009.0,3.0,13.5
2006,7,Randy Foye,2009.0,3.0,3.1
2006,8,Rudy Gay,2009.0,3.0,3.3
2005,18,Gerald Green,2009.0,4.0,0.0
2005,19,Hakim Warrick,2009.0,4.0,4.7
2005,21,Nate Robinson,2009.0,4.0,5.9
2006,33,Solomon Jones,2009.0,3.0,1.9
2006,34,Paul Davis,2009.0,3.0,0.2
2005,4,Chris Paul,2009.0,4.0,18.3
2005,5,Raymond Felton,2009.0,4.0,4.3
2005,6,Martell Webster,2009.0,4.0,0.0
2005,7,Charlie Villanueva,2009.0,4.0,4.9
2006,26,Jordan Farmar,2009.0,3.0,0.8
2006,27,Sergio Rodríguez,2009.0,3.0,1.7
2006,28,Maurice Ager,2009.0,3.0,-0.3
2006,29,Mardy Collins,2009.0,3.0,-0.1
2005,24,Luther Head,2009.0,4.0,0.6
2005,25,Johan Petro,2009.0,4.0,0.2
2005,56,Amir Johnson,2009.0,4.0,2.7
2005,57,Marcin Gortat,2009.0,4.0,3.3
2005,26,Jason Maxiell,2009.0,4.0,4.1
2005,27,Linas Kleiza,2009.0,4.0,3.6
2005,30,David Lee,2009.0,4.0,9.0
2005,38,Travis Diener,2009.0,4.0,1.9
2009,17,Jrue Holiday,2010.0,1.0,1.2
2009,39,Jonas Jerebko,2010.0,1.0,4.4
2009,35,DaJuan Summers,2010.0,1.0,0.0
2009,28,Wayne Ellington,2010.0,1.0,0.4
2009,27,DeMarre Carroll,2010.0,1.0,0.5
2006,4,Tyrus Thomas,2010.0,4.0,2.6
2006,3,Adam Morrison,2010.0,4.0,0.0
2006,2,LaMarcus Aldridge,2010.0,4.0,8.8
2006,1,Andrea Bargnani,2010.0,4.0,4.2
2007,37,Josh McRoberts,2010.0,3.0,1.5
2007,35,Glen Davis,2010.0,3.0,1.6
2007,29,Alando Tucker,2010.0,3.0,0.1
2007,27,Arron Afflalo,2010.0,3.0,4.3
2007,26,Aaron Brooks,2010.0,3.0,5.5
2007,16,Nick Young,2010.0,3.0,1.4
2007,24,Rudy Fernández,2010.0,3.0,3.0
2009,19,Jeff Teague,2010.0,1.0,0.6
2009,18,Ty Lawson,2010.0,1.0,3.7
2009,9,DeMar DeRozan,2010.0,1.0,2.3
2009,38,Jon Brockman,2010.0,1.0,1.7
2009,37,DeJuan Blair,2010.0,1.0,4.6
2009,36,Sam Young,2010.0,1.0,1.2
2009,25,Rodrigue Beaubois,2010.0,1.0,2.0
2009,24,Byron Mullens,2010.0,1.0,-0.1
2007,23,Wilson Chandler,2010.0,3.0,2.7
2007,49,Aaron Gray,2010.0,3.0,0.9
2007,48,Marc Gasol,2010.0,3.0,8.4
2007,47,Dominic McGuire,2010.0,3.0,-0.2
2007,41,Chris Richard,2010.0,3.0,0.3
2007,38,Kyrylo Fesenko,2010.0,3.0,0.6
2008,4,Russell Westbrook,2010.0,2.0,6.1
2008,3,O.J. Mayo,2010.0,2.0,5.6
2008,2,Michael Beasley,2010.0,2.0,4.6
2009,15,Austin Daye,2010.0,1.0,1.3
2009,14,Earl Clark,2010.0,1.0,-0.3
2009,7,Stephen Curry,2010.0,1.0,4.7
2009,44,Chase Budinger,2010.0,1.0,3.1
2009,43,Marcus Thornton,2010.0,1.0,4.0
2009,41,Jodie Meeks,2010.0,1.0,0.9
2009,29,Toney Douglas,2010.0,1.0,2.2
2009,20,Eric Maynor,2010.0,1.0,1.9
2008,1,Derrick Rose,2010.0,2.0,6.0
2007,56,Ramon Sessions,2010.0,3.0,1.1
2007,51,JamesOn Curry,2010.0,3.0,0.0
2007,22,Jared Dudley,2010.0,3.0,5.3
2007,21,Daequan Cook,2010.0,3.0,0.1
2007,12,Thaddeus Young,2010.0,3.0,2.1
2007,20,Jason Smith,2010.0,3.0,0.7
2007,18,Marco Belinelli,2010.0,3.0,1.2
2007,17,Sean Williams,2010.0,3.0,-0.2
2009,12,Gerald Henderson,2010.0,1.0,0.4
2009,11,Terrence Williams,2010.0,1.0,-0.3
2009,10,Brandon Jennings,2010.0,1.0,4.2
2009,58,Lester Hudson,2010.0,1.0,0.1
2009,55,Patty Mills,2010.0,1.0,0.0
2009,52,A.J. Price,2010.0,1.0,1.2
2009,48,Taylor Griffin,2010.0,1.0,0.0
2009,16,James Johnson,2010.0,1.0,0.8
2008,7,Eric Gordon,2010.0,2.0,3.2
2008,6,Danilo Gallinari,2010.0,2.0,5.6
2008,5,Kevin Love,2010.0,2.0,4.9
2008,12,Jason Thompson,2010.0,2.0,4.0
2008,11,Jerryd Bayless,2010.0,2.0,2.7
2008,10,Brook Lopez,2010.0,2.0,7.9
2009,46,Danny Green,2010.0,1.0,0.2
2009,8,Jordan Hill,2010.0,1.0,1.4
2009,6,Jonny Flynn,2010.0,1.0,0.1
2009,4,Tyreke Evans,2010.0,1.0,5.4
2009,40,Derrick Brown,2010.0,1.0,1.3
2008,9,D.J. Augustin,2010.0,2.0,2.8
2008,8,Joe Alexander,2010.0,2.0,0.0
2006,12,Hilton Armstrong,2010.0,4.0,-0.1
2006,11,JJ Redick,2010.0,4.0,6.5
2006,9,Patrick O'Bryant,2010.0,4.0,0.0
2007,7,Corey Brewer,2010.0,3.0,1.0
2007,15,Rodney Stuckey,2010.0,3.0,2.7
2007,14,Al Thornton,2010.0,3.0,2.2
2009,3,James Harden,2010.0,1.0,4.5
2009,2,Hasheem Thabeet,2010.0,1.0,2.0
2008,52,Darnell Jackson,2010.0,2.0,-0.3
2008,47,Henry Walker,2010.0,2.0,1.9
2008,45,Goran Dragić,2010.0,2.0,2.8
2008,41,Nathan Jawai,2010.0,2.0,0.3
2008,40,Chris Douglas-Roberts,2010.0,2.0,0.7
2006,21,Rajon Rondo,2010.0,4.0,9.6
2006,20,Renaldo Balkman,2010.0,4.0,0.0
2006,18,Oleksiy Pecherov,2010.0,4.0,0.1
2006,36,Craig Smith,2010.0,4.0,3.0
2006,50,Ryan Hollins,2010.0,4.0,1.2
2006,49,Leon Powe,2010.0,4.0,0.5
2006,47,Paul Millsap,2010.0,4.0,7.2
2008,15,Robin Lopez,2010.0,2.0,3.2
2008,14,Anthony Randolph,2010.0,2.0,1.5
2008,13,Brandon Rush,2010.0,2.0,2.5
2007,13,Julian Wright,2010.0,3.0,0.8
2007,11,Acie Law,2010.0,3.0,0.6
2007,3,Al Horford,2010.0,3.0,10.9
2007,2,Kevin Durant,2010.0,3.0,16.1
2007,1,Greg Oden,2010.0,3.0,2.2
2008,39,Sonny Weems,2010.0,2.0,1.3
2008,38,Kyle Weaver,2010.0,2.0,0.3
2008,37,Luc Mbah a Moute,2010.0,2.0,4.7
2008,48,Malik Hairston,2010.0,2.0,0.7
2007,10,Spencer Hawes,2010.0,3.0,2.1
2007,9,Joakim Noah,2010.0,3.0,6.2
2008,20,Alexis Ajinça,2010.0,2.0,0.0
2008,19,J.J. Hickson,2010.0,2.0,4.3
2008,17,Roy Hibbert,2010.0,2.0,4.1
2008,16,Marreese Speights,2010.0,2.0,2.1
2008,35,DeAndre Jordan,2010.0,2.0,1.5
2008,34,Mario Chalmers,2010.0,2.0,2.7
2008,33,Joey Dorsey,2010.0,2.0,0.1
2008,22,Courtney Lee,2010.0,2.0,3.1
2008,30,J.R. Giddens,2010.0,2.0,0.1
2007,5,Jeff Green,2010.0,3.0,6.6
2007,4,Mike Conley,2010.0,3.0,4.0
2008,27,Darrell Arthur,2010.0,2.0,0.3
2008,18,JaVale McGee,2010.0,2.0,2.1
2008,26,George Hill,2010.0,2.0,6.7
2008,25,Nicolas Batum,2010.0,2.0,3.5
2006,16,Rodney Carney,2010.0,4.0,1.5
2006,14,Ronnie Brewer,2010.0,4.0,3.7
2006,13,Thabo Sefolosha,2010.0,4.0,4.0
2007,6,Yi Jianlian,2010.0,3.0,1.3
2008,24,Serge Ibaka,2010.0,2.0,3.7
2008,23,Kosta Koufos,2010.0,2.0,0.0
2008,21,Ryan Anderson,2010.0,2.0,3.1
2008,29,D.J. White,2010.0,2.0,0.6
2008,28,Donté Greene,2010.0,2.0,1.5
2006,32,Steve Novak,2010.0,4.0,0.3
2009,26,Taj Gibson,2010.0,1.0,4.7
2006,29,Mardy Collins,2010.0,4.0,-0.5
2006,27,Sergio Rodríguez,2010.0,4.0,1.2
2006,26,Jordan Farmar,2010.0,4.0,2.8
2006,25,Shannon Brown,2010.0,4.0,3.4
2006,34,Paul Davis,2010.0,4.0,0.0
2006,33,Solomon Jones,2010.0,4.0,0.8
2007,33,Marcus Williams,2010.0,3.0,0.0
2006,8,Rudy Gay,2010.0,4.0,6.4
2006,7,Randy Foye,2010.0,4.0,2.2
2006,6,Brandon Roy,2010.0,4.0,9.1
2006,5,Shelden Williams,2010.0,4.0,2.0
2007,31,Carl Landry,2010.0,3.0,7.7
2009,23,Omri Casspi,2010.0,1.0,2.5
2009,21,Darren Collison,2010.0,1.0,2.9
2009,13,Tyler Hansbrough,2010.0,1.0,0.7
2009,33,Dante Cunningham,2010.0,1.0,1.9
2009,32,Jermaine Taylor,2010.0,1.0,0.1
2009,31,Jeff Ayres,2010.0,1.0,1.3
2006,24,Kyle Lowry,2010.0,4.0,4.3
2006,23,Josh Boone,2010.0,4.0,1.8
2006,22,Marcus Williams,2010.0,4.0,0.0
2006,42,Daniel Gibson,2010.0,4.0,2.6
2009,30,Christian Eyenga,2011.0,2.0,-0.3
2009,32,Jermaine Taylor,2011.0,2.0,0.1
2009,33,Dante Cunningham,2011.0,2.0,2.0
2009,12,Gerald Henderson,2011.0,2.0,2.4
2009,21,Darren Collison,2011.0,2.0,4.3
2009,23,Omri Casspi,2011.0,2.0,2.5
2007,31,Carl Landry,2011.0,4.0,4.1
2009,26,Taj Gibson,2011.0,2.0,5.2
2008,28,Donté Greene,2011.0,3.0,0.5
2008,29,D.J. White,2011.0,3.0,1.8
2010,26,Quincy Pondexter,2011.0,1.0,0.9
2010,27,Jordan Crawford,2011.0,1.0,-0.6
2010,28,Greivis Vásquez,2011.0,1.0,0.5
2008,21,Ryan Anderson,2011.0,3.0,6.4
2010,39,Landry Fields,2011.0,1.0,5.3
2008,12,Jason Thompson,2011.0,3.0,2.9
2008,22,Courtney Lee,2011.0,3.0,2.7
2008,23,Kosta Koufos,2011.0,3.0,0.2
2008,24,Serge Ibaka,2011.0,3.0,7.6
2007,6,Yi Jianlian,2011.0,4.0,0.4
2007,7,Corey Brewer,2011.0,4.0,1.1
2010,23,Trevor Booker,2011.0,1.0,2.6
2010,24,Damion James,2011.0,1.0,0.1
2010,25,Dominique Jones,2011.0,1.0,0.0
2008,25,Nicolas Batum,2011.0,3.0,6.6
2008,17,Roy Hibbert,2011.0,3.0,3.6
2008,27,Darrell Arthur,2011.0,3.0,3.8
2007,3,Al Horford,2011.0,4.0,10.1
2007,4,Mike Conley,2011.0,4.0,6.6
2007,5,Jeff Green,2011.0,4.0,4.8
2010,17,Kevin Séraphin,2011.0,1.0,0.2
2010,18,Eric Bledsoe,2011.0,1.0,0.3
2010,19,Avery Bradley,2011.0,1.0,-0.5
2010,20,James Anderson,2011.0,1.0,0.3
2008,33,Joey Dorsey,2011.0,3.0,0.8
2008,34,Mario Chalmers,2011.0,3.0,2.9
2010,21,Craig Brackins,2011.0,1.0,-0.1
2008,15,Robin Lopez,2011.0,3.0,1.5
2008,16,Marreese Speights,2011.0,3.0,1.7
2008,9,D.J. Augustin,2011.0,3.0,6.2
2008,18,JaVale McGee,2011.0,3.0,5.3
2008,19,J.J. Hickson,2011.0,3.0,1.5
2008,20,Alexis Ajinça,2011.0,3.0,0.4
2007,9,Joakim Noah,2011.0,4.0,6.7
2007,10,Spencer Hawes,2011.0,4.0,2.4
2007,11,Acie Law,2011.0,4.0,0.4
2010,12,Xavier Henry,2011.0,1.0,0.2
2010,13,Ed Davis,2011.0,1.0,4.0
2010,14,Patrick Patterson,2011.0,1.0,2.4
2010,15,Larry Sanders,2011.0,1.0,1.0
2010,16,Luke Babbitt,2011.0,1.0,-0.4
2008,26,George Hill,2011.0,3.0,6.1
2008,37,Luc Mbah a Moute,2011.0,3.0,4.8
2008,38,Kyle Weaver,2011.0,3.0,0.0
2007,2,Kevin Durant,2011.0,4.0,12.0
2007,12,Thaddeus Young,2011.0,4.0,6.2
2007,13,Julian Wright,2011.0,4.0,0.6
2007,14,Al Thornton,2011.0,4.0,1.6
2010,30,Lazar Hayward,2011.0,1.0,0.3
2010,32,Dexter Pittman,2011.0,1.0,-0.1
2010,33,Hassan Whiteside,2011.0,1.0,0.0
2010,34,Armon Johnson,2011.0,1.0,-0.3
2010,38,Andy Rautins,2011.0,1.0,-0.2
2008,5,Kevin Love,2011.0,3.0,11.4
2008,13,Brandon Rush,2011.0,3.0,2.6
2008,14,Anthony Randolph,2011.0,3.0,0.5
2008,39,Sonny Weems,2011.0,3.0,-0.4
2008,40,Chris Douglas-Roberts,2011.0,3.0,1.6
2008,31,Nikola Peković,2011.0,3.0,0.6
2008,45,Goran Dragić,2011.0,3.0,1.0
2008,47,Henry Walker,2011.0,3.0,1.1
2009,46,Danny Green,2011.0,2.0,0.1
2010,9,Gordon Hayward,2011.0,1.0,1.2
2010,10,Paul George,2011.0,1.0,2.4
2010,11,Cole Aldrich,2011.0,1.0,0.2
2008,52,Darnell Jackson,2011.0,3.0,0.7
2008,35,DeAndre Jordan,2011.0,3.0,5.2
2008,36,Ömer Aşık,2011.0,3.0,2.7
2008,60,Semih Erden,2011.0,3.0,1.4
2009,1,Blake Griffin,2011.0,2.0,9.8
2009,2,Hasheem Thabeet,2011.0,2.0,0.3
2009,3,James Harden,2011.0,2.0,7.1
2010,4,Wesley Johnson,2011.0,1.0,1.3
2010,5,DeMarcus Cousins,2011.0,1.0,1.1
2007,15,Rodney Stuckey,2011.0,4.0,5.0
2007,8,Brandan Wright,2011.0,4.0,0.8
2010,43,Devin Ebanks,2011.0,1.0,0.4
2010,46,Gani Lawal,2011.0,1.0,0.0
2010,50,Solomon Alabi,2011.0,1.0,-0.2
2010,52,Luke Harangody,2011.0,1.0,0.6
2010,53,Pape Sy,2011.0,1.0,0.0
2008,1,Derrick Rose,2011.0,3.0,13.1
2009,40,Derrick Brown,2011.0,2.0,1.0
2010,6,Ekpe Udoh,2011.0,1.0,0.7
2010,7,Greg Monroe,2011.0,1.0,6.6
2010,8,Al-Farouq Aminu,2011.0,1.0,0.7
2009,4,Tyreke Evans,2011.0,2.0,1.6
2008,43,Patrick Ewing,2011.0,3.0,-0.1
2009,7,Stephen Curry,2011.0,2.0,6.6
2009,58,Lester Hudson,2011.0,2.0,-0.1
2010,1,John Wall,2011.0,1.0,2.2
2010,2,Evan Turner,2011.0,1.0,2.3
2010,3,Derrick Favors,2011.0,1.0,2.9
2008,10,Brook Lopez,2011.0,3.0,6.3
2008,11,Jerryd Bayless,2011.0,3.0,1.6
2010,55,Jeremy Evans,2011.0,1.0,1.6
2010,56,Hamady N'Diaye,2011.0,1.0,0.1
2010,58,Derrick Caracter,2011.0,1.0,0.3
2008,4,Russell Westbrook,2011.0,3.0,9.4
2007,48,Marc Gasol,2011.0,4.0,7.9
2008,6,Danilo Gallinari,2011.0,3.0,6.1
2008,7,Eric Gordon,2011.0,3.0,5.3
2010,40,Lance Stephenson,2011.0,1.0,-0.2
2009,15,Austin Daye,2011.0,2.0,2.1
2009,16,James Johnson,2011.0,2.0,0.6
2009,35,DaJuan Summers,2011.0,2.0,-0.3
2009,52,A.J. Price,2011.0,2.0,0.3
2009,55,Patty Mills,2011.0,2.0,0.7
2009,9,DeMar DeRozan,2011.0,2.0,3.2
2009,10,Brandon Jennings,2011.0,2.0,3.9
2009,11,Terrence Williams,2011.0,2.0,-0.6
2007,16,Nick Young,2011.0,4.0,2.8
2007,18,Marco Belinelli,2011.0,4.0,3.4
2007,20,Jason Smith,2011.0,4.0,1.6
2007,21,Daequan Cook,2011.0,4.0,1.6
2007,22,Jared Dudley,2011.0,4.0,5.6
2007,56,Ramon Sessions,2011.0,4.0,4.4
2007,37,Josh McRoberts,2011.0,4.0,4.9
2009,19,Jeff Teague,2011.0,2.0,1.7
2009,29,Toney Douglas,2011.0,2.0,4.2
2009,41,Jodie Meeks,2011.0,2.0,5.1
2009,43,Marcus Thornton,2011.0,2.0,3.5
2009,44,Chase Budinger,2011.0,2.0,3.4
2009,6,Jonny Flynn,2011.0,2.0,-1.3
2009,13,Tyler Hansbrough,2011.0,2.0,3.8
2009,14,Earl Clark,2011.0,2.0,0.3
2008,2,Michael Beasley,2011.0,3.0,1.7
2008,3,O.J. Mayo,2011.0,3.0,2.4
2010,54,Willie Warren,2011.0,1.0,0.2
2007,38,Kyrylo Fesenko,2011.0,4.0,-0.1
2007,47,Dominic McGuire,2011.0,4.0,0.9
2007,49,Aaron Gray,2011.0,4.0,1.1
2007,23,Wilson Chandler,2011.0,4.0,3.9
2009,24,Byron Mullens,2011.0,2.0,-0.2
2009,25,Rodrigue Beaubois,2011.0,2.0,0.2
2009,36,Sam Young,2011.0,2.0,2.9
2009,37,DeJuan Blair,2011.0,2.0,4.8
2009,38,Jon Brockman,2011.0,2.0,1.9
2009,8,Jordan Hill,2011.0,2.0,1.8
2009,17,Jrue Holiday,2011.0,2.0,5.7
2009,18,Ty Lawson,2011.0,2.0,6.7
2007,24,Rudy Fernández,2011.0,4.0,3.8
2007,27,Arron Afflalo,2011.0,4.0,6.2
2007,28,Tiago Splitter,2011.0,4.0,2.3
2007,35,Glen Davis,2011.0,4.0,4.9
2007,26,Aaron Brooks,2011.0,4.0,1.1
2009,20,Eric Maynor,2011.0,2.0,1.5
2009,27,DeMarre Carroll,2011.0,2.0,0.1
2009,28,Wayne Ellington,2011.0,2.0,0.3
2008,1,Derrick Rose,2012.0,4.0,6.0
2009,28,Wayne Ellington,2012.0,3.0,0.8
2008,2,Michael Beasley,2012.0,4.0,0.5
2008,3,O.J. Mayo,2012.0,4.0,3.5
2009,37,DeJuan Blair,2012.0,3.0,4.0
2009,36,Sam Young,2012.0,3.0,0.2
2009,15,Austin Daye,2012.0,3.0,-0.6
2009,14,Earl Clark,2012.0,3.0,0.3
2009,13,Tyler Hansbrough,2012.0,3.0,3.9
2009,44,Chase Budinger,2012.0,3.0,3.0
2009,43,Marcus Thornton,2012.0,3.0,3.8
2011,52,Vernon Macklin,2012.0,1.0,0.5
2011,50,Lavoy Allen,2012.0,1.0,1.6
2011,43,Malcolm Lee,2012.0,1.0,0.1
2011,60,Isaiah Thomas,2012.0,1.0,4.3
2011,55,E'Twaun Moore,2012.0,1.0,0.2
2011,53,DeAndre Liggins,2012.0,1.0,0.0
2011,38,Chandler Parsons,2012.0,1.0,3.4
2011,37,Trey Thompkins,2012.0,1.0,0.0
2011,36,Jordan Williams,2012.0,1.0,1.3
2011,49,Josh Selby,2012.0,1.0,-0.5
2011,48,Keith Benson,2012.0,1.0,0.0
2011,47,Travis Leslie,2012.0,1.0,0.1
2011,46,Andrew Goudelock,2012.0,1.0,0.1
2011,45,Josh Harrellson,2012.0,1.0,1.4
2011,44,Charles Jenkins,2012.0,1.0,0.5
2009,41,Jodie Meeks,2012.0,3.0,4.1
2009,40,Derrick Brown,2012.0,3.0,2.3
2009,12,Gerald Henderson,2012.0,3.0,1.0
2009,11,Terrence Williams,2012.0,3.0,0.3
2009,10,Brandon Jennings,2012.0,3.0,5.5
2009,9,DeMar DeRozan,2012.0,3.0,2.5
2009,58,Lester Hudson,2012.0,3.0,0.1
2009,55,Patty Mills,2012.0,3.0,0.9
2011,30,Jimmy Butler,2012.0,1.0,1.1
2011,41,Darius Morris,2012.0,1.0,-0.2
2011,40,Jon Leuer,2012.0,1.0,1.4
2011,39,Jeremy Tyler,2012.0,1.0,-0.2
2009,52,A.J. Price,2012.0,3.0,0.7
2009,46,Danny Green,2012.0,3.0,4.5
2010,4,Wesley Johnson,2012.0,2.0,0.6
2010,3,Derrick Favors,2012.0,2.0,3.0
2010,2,Evan Turner,2012.0,2.0,2.4
2010,1,John Wall,2012.0,2.0,3.5
2011,25,MarShon Brooks,2012.0,1.0,0.8
2011,35,Tyler Honeycutt,2012.0,1.0,0.0
2011,34,Shelvin Mack,2012.0,1.0,0.7
2011,32,Justin Harper,2012.0,1.0,-0.3
2011,19,Tobias Harris,2012.0,1.0,0.9
2011,29,Cory Joseph,2012.0,1.0,0.0
2011,28,Norris Cole,2012.0,1.0,0.0
2011,27,JaJuan Johnson,2012.0,1.0,0.2
2011,26,Jordan Hamilton,2012.0,1.0,0.3
2009,8,Jordan Hill,2012.0,3.0,1.4
2009,7,Stephen Curry,2012.0,3.0,2.2
2009,6,Jonny Flynn,2012.0,3.0,0.1
2009,5,Ricky Rubio,2012.0,3.0,2.0
2009,4,Tyreke Evans,2012.0,3.0,2.7
2010,8,Al-Farouq Aminu,2012.0,2.0,1.4
2010,7,Greg Monroe,2012.0,2.0,7.0
2011,15,Kawhi Leonard,2012.0,1.0,5.5
2011,24,Reggie Jackson,2012.0,1.0,0.1
2011,22,Kenneth Faried,2012.0,1.0,4.6
2011,21,Nolan Smith,2012.0,1.0,-0.3
2011,12,Alec Burks,2012.0,1.0,1.5
2011,11,Klay Thompson,2012.0,1.0,1.7
2011,18,Chris Singleton,2012.0,1.0,1.5
2011,17,Iman Shumpert,2012.0,1.0,2.4
2011,16,Nikola Vučević,2012.0,1.0,1.8
2010,6,Ekpe Udoh,2012.0,2.0,2.1
2010,5,DeMarcus Cousins,2012.0,2.0,4.2
2009,3,James Harden,2012.0,3.0,9.3
2009,2,Hasheem Thabeet,2012.0,3.0,0.3
2009,1,Blake Griffin,2012.0,3.0,9.2
2008,60,Semih Erden,2012.0,4.0,0.4
2010,12,Xavier Henry,2012.0,2.0,0.2
2010,11,Cole Aldrich,2012.0,2.0,0.6
2011,7,Bismack Biyombo,2012.0,1.0,0.6
2011,14,Marcus Morris,2012.0,1.0,-0.2
2011,13,Markieff Morris,2012.0,1.0,1.5
2011,3,Enes Freedom,2012.0,1.0,1.7
2011,10,Jimmer Fredette,2012.0,1.0,0.3
2011,9,Kemba Walker,2012.0,1.0,0.3
2011,8,Brandon Knight,2012.0,1.0,1.3
2010,10,Paul George,2012.0,2.0,6.0
2010,9,Gordon Hayward,2012.0,2.0,4.9
2008,47,Henry Walker,2012.0,4.0,0.9
2008,45,Goran Dragić,2012.0,4.0,5.1
2008,37,Luc Mbah a Moute,2012.0,4.0,2.4
2008,36,Ömer Aşık,2012.0,4.0,2.6
2008,35,DeAndre Jordan,2012.0,4.0,5.6
2010,16,Luke Babbitt,2012.0,2.0,0.7
2010,15,Larry Sanders,2012.0,2.0,1.0
2010,56,Hamady N'Diaye,2012.0,2.0,0.0
2010,55,Jeremy Evans,2012.0,2.0,0.9
2011,6,Jan Veselý,2012.0,1.0,1.7
2011,4,Tristan Thompson,2012.0,1.0,1.1
2010,40,Lance Stephenson,2012.0,2.0,-0.3
2008,7,Eric Gordon,2012.0,4.0,0.7
2008,6,Danilo Gallinari,2012.0,4.0,3.9
2008,5,Kevin Love,2012.0,4.0,10.0
2008,4,Russell Westbrook,2012.0,4.0,7.9
2011,2,Derrick Williams,2012.0,1.0,1.8
2011,1,Kyrie Irving,2012.0,1.0,4.1
2010,57,Ryan Reid,2012.0,2.0,0.1
2010,14,Patrick Patterson,2012.0,2.0,1.6
2010,13,Ed Davis,2012.0,2.0,3.9
2008,34,Mario Chalmers,2012.0,4.0,4.3
2008,31,Nikola Peković,2012.0,4.0,4.5
2008,29,D.J. White,2012.0,4.0,0.8
2010,20,James Anderson,2012.0,2.0,0.5
2010,19,Avery Bradley,2012.0,2.0,2.4
2010,37,Darington Hobson,2012.0,2.0,-0.2
2010,34,Armon Johnson,2012.0,2.0,0.1
2010,33,Hassan Whiteside,2012.0,2.0,0.2
2010,32,Dexter Pittman,2012.0,2.0,0.6
2008,12,Jason Thompson,2012.0,4.0,3.9
2008,11,Jerryd Bayless,2012.0,4.0,2.0
2008,10,Brook Lopez,2012.0,4.0,0.3
2008,9,D.J. Augustin,2012.0,4.0,0.5
2010,52,Luke Harangody,2012.0,2.0,0.2
2010,50,Solomon Alabi,2012.0,2.0,0.2
2010,44,Jerome Jordan,2012.0,2.0,0.5
2010,43,Devin Ebanks,2012.0,2.0,0.3
2010,18,Eric Bledsoe,2012.0,2.0,0.2
2010,17,Kevin Séraphin,2012.0,2.0,2.3
2008,28,Donté Greene,2012.0,4.0,0.7
2008,26,George Hill,2012.0,4.0,4.0
2008,25,Nicolas Batum,2012.0,4.0,4.8
2010,25,Dominique Jones,2012.0,2.0,0.2
2010,24,Damion James,2012.0,2.0,-0.2
2010,23,Trevor Booker,2012.0,2.0,3.0
2010,22,Elliot Williams,2012.0,2.0,0.3
2010,21,Craig Brackins,2012.0,2.0,-0.1
2008,24,Serge Ibaka,2012.0,4.0,6.2
2008,23,Kosta Koufos,2012.0,4.0,2.7
2008,22,Courtney Lee,2012.0,4.0,3.2
2008,21,Ryan Anderson,2012.0,4.0,8.9
2010,30,Lazar Hayward,2012.0,2.0,-0.1
2010,29,Daniel Orton,2012.0,2.0,0.5
2010,28,Greivis Vásquez,2012.0,2.0,2.3
2010,27,Jordan Crawford,2012.0,2.0,1.1
2010,26,Quincy Pondexter,2012.0,2.0,1.7
2008,19,J.J. Hickson,2012.0,4.0,1.7
2008,18,JaVale McGee,2012.0,4.0,4.1
2008,17,Roy Hibbert,2012.0,4.0,6.2
2008,16,Marreese Speights,2012.0,4.0,2.7
2008,15,Robin Lopez,2012.0,4.0,2.1
2008,14,Anthony Randolph,2012.0,4.0,1.1
2008,13,Brandon Rush,2012.0,4.0,3.5
2010,39,Landry Fields,2012.0,2.0,3.4
2009,27,DeMarre Carroll,2012.0,3.0,0.5
2009,26,Taj Gibson,2012.0,3.0,4.5
2009,25,Rodrigue Beaubois,2012.0,3.0,2.2
2009,24,Byron Mullens,2012.0,3.0,0.2
2009,18,Ty Lawson,2012.0,3.0,6.9
2009,17,Jrue Holiday,2012.0,3.0,4.2
2009,16,James Johnson,2012.0,3.0,2.6
2009,39,Jonas Jerebko,2012.0,3.0,3.3
2009,38,Jon Brockman,2012.0,3.0,0.1
2009,23,Omri Casspi,2012.0,3.0,1.2
2009,21,Darren Collison,2012.0,3.0,3.8
2009,20,Eric Maynor,2012.0,3.0,0.1
2009,35,DaJuan Summers,2012.0,3.0,0.2
2009,33,Dante Cunningham,2012.0,3.0,3.4
2009,31,Jeff Ayres,2012.0,3.0,0.3
2009,30,Christian Eyenga,2012.0,3.0,-0.1
2009,29,Toney Douglas,2012.0,3.0,-0.6
2009,19,Jeff Teague,2012.0,3.0,6.0
2009,18,Ty Lawson,2013.0,4.0,7.4
2009,19,Jeff Teague,2013.0,4.0,6.1
2009,20,Eric Maynor,2013.0,4.0,0.2
2009,31,Jeff Ayres,2013.0,4.0,1.0
2009,33,Dante Cunningham,2013.0,4.0,3.5
2009,21,Darren Collison,2013.0,4.0,5.6
2009,22,Victor Claver,2013.0,4.0,-0.1
2009,39,Jonas Jerebko,2013.0,4.0,2.0
2009,16,James Johnson,2013.0,4.0,-0.5
2009,17,Jrue Holiday,2013.0,4.0,3.3
2009,23,Omri Casspi,2013.0,4.0,0.7
2009,24,Byron Mullens,2013.0,4.0,0.1
2009,25,Rodrigue Beaubois,2013.0,4.0,0.4
2009,26,Taj Gibson,2013.0,4.0,3.3
2010,25,Dominique Jones,2013.0,3.0,0.0
2010,17,Kevin Séraphin,2013.0,3.0,0.1
2010,18,Eric Bledsoe,2013.0,3.0,3.7
2010,43,Devin Ebanks,2013.0,3.0,-0.1
2010,30,Lazar Hayward,2013.0,3.0,0.1
2010,32,Dexter Pittman,2013.0,3.0,-0.1
2010,19,Avery Bradley,2013.0,3.0,0.4
2010,20,James Anderson,2013.0,3.0,0.9
2010,13,Ed Davis,2013.0,3.0,5.4
2010,14,Patrick Patterson,2013.0,3.0,4.1
2012,54,Tornike Shengelia,2013.0,1.0,0.0
2012,43,Mike Scott,2013.0,1.0,0.9
2012,44,Kim English,2013.0,1.0,0.2
2012,51,Kris Joseph,2013.0,1.0,-0.1
2012,38,Quincy Miller,2013.0,1.0,0.0
2012,55,Darius Johnson-Odom,2013.0,1.0,-0.1
2012,60,Robert Sacre,2013.0,1.0,-0.1
2011,1,Kyrie Irving,2013.0,2.0,5.3
2010,40,Lance Stephenson,2013.0,3.0,5.5
2010,41,Jarvis Varnado,2013.0,3.0,-0.1
2011,3,Enes Freedom,2013.0,2.0,2.3
2011,4,Tristan Thompson,2013.0,2.0,5.2
2011,5,Jonas Valančiūnas,2013.0,2.0,3.9
2012,46,Darius Miller,2013.0,1.0,0.5
2012,47,Kevin Murphy,2013.0,1.0,-0.3
2012,49,Kyle O'Quinn,2013.0,1.0,1.4
2012,28,Perry Jones,2013.0,1.0,0.0
2012,39,Khris Middleton,2013.0,1.0,0.9
2012,40,Will Barton,2013.0,1.0,-0.5
2012,41,Tyshawn Taylor,2013.0,1.0,-0.4
2012,42,Doron Lamb,2013.0,1.0,-0.4
2012,22,Fab Melo,2013.0,1.0,0.0
2012,23,John Jenkins,2013.0,1.0,1.7
2012,34,Jae Crowder,2013.0,1.0,1.5
2012,35,Draymond Green,2013.0,1.0,0.6
2012,36,Orlando Johnson,2013.0,1.0,1.5
2012,37,Quincy Acy,2013.0,1.0,1.1
2012,27,Arnett Moultrie,2013.0,1.0,1.7
2011,6,Jan Veselý,2013.0,2.0,0.7
2010,55,Jeremy Evans,2013.0,3.0,0.9
2010,15,Larry Sanders,2013.0,3.0,6.0
2010,16,Luke Babbitt,2013.0,3.0,0.7
2010,9,Gordon Hayward,2013.0,3.0,5.4
2010,10,Paul George,2013.0,3.0,9.0
2011,8,Brandon Knight,2013.0,2.0,1.1
2012,19,Andrew Nicholson,2013.0,1.0,1.7
2012,20,Evan Fournier,2013.0,1.0,1.0
2012,29,Marquis Teague,2013.0,1.0,-0.3
2012,30,Festus Ezeli,2013.0,1.0,1.5
2012,31,Jeff Taylor,2013.0,1.0,1.2
2012,33,Bernard James,2013.0,1.0,1.2
2011,9,Kemba Walker,2013.0,2.0,4.8
2011,10,Jimmer Fredette,2013.0,2.0,1.1
2011,2,Derrick Williams,2013.0,2.0,3.0
2011,12,Alec Burks,2013.0,2.0,1.0
2011,13,Markieff Morris,2013.0,2.0,1.7
2011,14,Marcus Morris,2013.0,2.0,1.8
2012,14,John Henson,2013.0,1.0,1.9
2012,24,Jared Cunningham,2013.0,1.0,0.0
2012,25,Tony Wroten,2013.0,1.0,0.1
2012,26,Miles Plumlee,2013.0,1.0,0.0
2012,18,Terrence Jones,2013.0,1.0,0.7
2012,21,Jared Sullinger,2013.0,1.0,2.7
2012,13,Kendall Marshall,2013.0,1.0,-0.2
2011,7,Bismack Biyombo,2013.0,2.0,1.4
2010,11,Cole Aldrich,2013.0,3.0,0.6
2010,12,Xavier Henry,2013.0,3.0,0.0
2009,1,Blake Griffin,2013.0,4.0,10.6
2009,2,Hasheem Thabeet,2013.0,4.0,2.2
2010,5,DeMarcus Cousins,2013.0,3.0,4.4
2011,16,Nikola Vučević,2013.0,2.0,5.7
2012,5,Thomas Robinson,2013.0,1.0,-0.1
2012,15,Maurice Harkless,2013.0,1.0,2.4
2012,17,Tyler Zeller,2013.0,1.0,2.0
2012,9,Andre Drummond,2013.0,1.0,4.5
2012,10,Austin Rivers,2013.0,1.0,-1.1
2012,11,Meyers Leonard,2013.0,1.0,2.4
2012,12,Jeremy Lamb,2013.0,1.0,0.2
2011,50,Lavoy Allen,2013.0,2.0,2.5
2012,6,Damian Lillard,2013.0,1.0,5.8
2012,7,Harrison Barnes,2013.0,1.0,2.8
2012,8,Terrence Ross,2013.0,1.0,0.9
2011,17,Iman Shumpert,2013.0,2.0,1.9
2011,18,Chris Singleton,2013.0,2.0,0.5
2011,19,Tobias Harris,2013.0,2.0,2.4
2011,11,Klay Thompson,2013.0,2.0,4.3
2011,21,Nolan Smith,2013.0,2.0,-0.5
2011,22,Kenneth Faried,2013.0,2.0,7.8
2011,60,Isaiah Thomas,2013.0,2.0,5.0
2012,1,Anthony Davis,2013.0,1.0,6.1
2011,43,Malcolm Lee,2013.0,2.0,0.4
2011,44,Charles Jenkins,2013.0,2.0,0.0
2012,2,Michael Kidd-Gilchrist,2013.0,1.0,2.1
2012,3,Bradley Beal,2013.0,1.0,3.0
2012,4,Dion Waiters,2013.0,1.0,0.9
2009,11,Terrence Williams,2013.0,4.0,0.3
2009,41,Jodie Meeks,2013.0,4.0,3.0
2009,42,Patrick Beverley,2013.0,4.0,2.2
2011,45,Josh Harrellson,2013.0,2.0,0.0
2011,46,Andrew Goudelock,2013.0,2.0,0.0
2011,49,Josh Selby,2013.0,2.0,-0.2
2011,38,Chandler Parsons,2013.0,2.0,7.0
2011,53,DeAndre Liggins,2013.0,2.0,0.6
2011,55,E'Twaun Moore,2013.0,2.0,0.2
2011,15,Kawhi Leonard,2013.0,2.0,6.2
2010,6,Ekpe Udoh,2013.0,3.0,2.7
2010,7,Greg Monroe,2013.0,3.0,5.9
2010,8,Al-Farouq Aminu,2013.0,3.0,3.1
2009,3,James Harden,2013.0,4.0,12.8
2009,4,Tyreke Evans,2013.0,4.0,4.4
2009,5,Ricky Rubio,2013.0,4.0,3.0
2009,7,Stephen Curry,2013.0,4.0,11.2
2011,26,Jordan Hamilton,2013.0,2.0,0.8
2011,28,Norris Cole,2013.0,2.0,0.6
2011,29,Cory Joseph,2013.0,2.0,0.9
2011,20,Donatas Motiejūnas,2013.0,2.0,0.7
2011,33,Kyle Singler,2013.0,2.0,2.3
2011,34,Shelvin Mack,2013.0,2.0,0.5
2011,39,Jeremy Tyler,2013.0,2.0,-0.1
2011,40,Jon Leuer,2013.0,2.0,0.2
2011,41,Darius Morris,2013.0,2.0,0.2
2011,30,Jimmy Butler,2013.0,2.0,7.0
2009,53,Nando De Colo,2013.0,4.0,1.3
2009,55,Patty Mills,2013.0,4.0,1.5
2009,8,Jordan Hill,2013.0,4.0,1.4
2009,9,DeMar DeRozan,2013.0,4.0,4.7
2009,10,Brandon Jennings,2013.0,4.0,5.8
2011,35,Tyler Honeycutt,2013.0,2.0,-0.1
2011,24,Reggie Jackson,2013.0,2.0,2.5
2011,25,MarShon Brooks,2013.0,2.0,1.3
2010,1,John Wall,2013.0,3.0,4.5
2010,2,Evan Turner,2013.0,3.0,2.1
2010,3,Derrick Favors,2013.0,3.0,4.4
2010,4,Wesley Johnson,2013.0,3.0,0.0
2009,46,Danny Green,2013.0,4.0,5.9
2009,52,A.J. Price,2013.0,4.0,2.2
2010,39,Landry Fields,2013.0,3.0,1.1
2010,26,Quincy Pondexter,2013.0,3.0,3.2
2010,27,Jordan Crawford,2013.0,3.0,1.9
2010,28,Greivis Vásquez,2013.0,3.0,3.8
2010,29,Daniel Orton,2013.0,3.0,0.3
2010,23,Trevor Booker,2013.0,3.0,2.3
2010,24,Damion James,2013.0,3.0,0.0
2009,43,Marcus Thornton,2013.0,4.0,3.2
2009,44,Chase Budinger,2013.0,4.0,0.7
2009,12,Gerald Henderson,2013.0,4.0,3.3
2009,13,Tyler Hansbrough,2013.0,4.0,4.4
2009,14,Earl Clark,2013.0,4.0,2.3
2009,15,Austin Daye,2013.0,4.0,1.6
2009,35,DaJuan Summers,2013.0,4.0,0.0
2009,36,Sam Young,2013.0,4.0,0.9
2009,37,DeJuan Blair,2013.0,4.0,2.2
2009,27,DeMarre Carroll,2013.0,4.0,3.1
2009,28,Wayne Ellington,2013.0,4.0,3.2
2009,29,Toney Douglas,2013.0,4.0,2.4
2010,13,Ed Davis,2014.0,4.0,2.6
2013,14,Shabazz Muhammad,2014.0,1.0,0.3
2010,16,Luke Babbitt,2014.0,4.0,0.7
2010,39,Landry Fields,2014.0,4.0,0.4
2010,26,Quincy Pondexter,2014.0,4.0,0.4
2010,27,Jordan Crawford,2014.0,4.0,2.8
2010,28,Greivis Vásquez,2014.0,4.0,3.6
2010,29,Daniel Orton,2014.0,4.0,0.3
2010,20,James Anderson,2014.0,4.0,1.9
2010,22,Elliot Williams,2014.0,4.0,0.3
2010,23,Trevor Booker,2014.0,4.0,4.3
2010,24,Damion James,2014.0,4.0,0.0
2013,19,Sergey Karasev,2014.0,1.0,-0.1
2013,20,Tony Snell,2014.0,1.0,1.6
2010,19,Avery Bradley,2014.0,4.0,1.8
2011,60,Isaiah Thomas,2014.0,3.0,7.7
2013,10,CJ McCollum,2014.0,1.0,0.2
2013,21,Gorgui Dieng,2014.0,1.0,2.2
2013,38,Nate Wolters,2014.0,1.0,1.2
2013,39,Jeff Withey,2014.0,1.0,1.8
2013,27,Rudy Gobert,2014.0,1.0,0.4
2013,29,Archie Goodwin,2014.0,1.0,0.2
2013,30,Nemanja Nedović,2014.0,1.0,-0.4
2013,22,Mason Plumlee,2014.0,1.0,4.7
2011,33,Kyle Singler,2014.0,3.0,4.4
2011,24,Reggie Jackson,2014.0,3.0,4.9
2011,15,Kawhi Leonard,2014.0,3.0,7.7
2011,16,Nikola Vučević,2014.0,3.0,4.4
2010,6,Ekpe Udoh,2014.0,4.0,0.0
2010,7,Greg Monroe,2014.0,4.0,5.9
2011,28,Norris Cole,2014.0,3.0,1.2
2011,29,Cory Joseph,2014.0,3.0,2.9
2011,19,Tobias Harris,2014.0,3.0,4.1
2011,20,Donatas Motiejūnas,2014.0,3.0,1.4
2013,13,Kelly Olynyk,2014.0,1.0,2.9
2013,17,Dennis Schröder,2014.0,1.0,-0.7
2013,33,Carrick Felix,2014.0,1.0,0.0
2013,34,Isaiah Canaan,2014.0,1.0,0.2
2013,35,Glen Rice Jr.,2014.0,1.0,-0.1
2013,36,Ray McCallum,2014.0,1.0,0.4
2013,37,Tony Mitchell,2014.0,1.0,0.2
2012,2,Michael Kidd-Gilchrist,2014.0,2.0,3.1
2012,3,Bradley Beal,2014.0,2.0,4.0
2012,4,Dion Waiters,2014.0,2.0,1.6
2011,45,Josh Harrellson,2014.0,3.0,0.7
2011,50,Lavoy Allen,2014.0,3.0,1.5
2011,38,Chandler Parsons,2014.0,3.0,7.6
2011,55,E'Twaun Moore,2014.0,3.0,1.7
2012,7,Harrison Barnes,2014.0,2.0,3.2
2013,2,Victor Oladipo,2014.0,1.0,1.3
2013,11,Michael Carter-Williams,2014.0,1.0,1.3
2013,12,Steven Adams,2014.0,1.0,2.9
2013,56,Peyton Siva,2014.0,1.0,-0.2
2013,41,Jamaal Franklin,2014.0,1.0,0.0
2013,43,Ricky Ledo,2014.0,1.0,0.0
2013,44,Mike Muscala,2014.0,1.0,0.2
2012,8,Terrence Ross,2014.0,2.0,4.2
2011,17,Iman Shumpert,2014.0,3.0,2.0
2011,18,Chris Singleton,2014.0,3.0,0.2
2011,11,Klay Thompson,2014.0,3.0,6.7
2011,22,Kenneth Faried,2014.0,3.0,6.5
2012,1,Anthony Davis,2014.0,2.0,10.4
2012,54,Tornike Shengelia,2014.0,2.0,-0.1
2013,7,Ben McLemore,2014.0,1.0,0.8
2013,8,Kentavious Caldwell-Pope,2014.0,1.0,1.8
2013,48,Ryan Kelly,2014.0,1.0,2.2
2013,49,Erik Murphy,2014.0,1.0,-0.1
2013,52,Lorenzo Brown,2014.0,1.0,-0.3
2013,37,Tony Mitchell,2014.0,1.0,0.1
2013,9,Trey Burke,2014.0,1.0,0.9
2013,1,Anthony Bennett,2014.0,1.0,-0.4
2012,11,Meyers Leonard,2014.0,2.0,0.6
2012,12,Jeremy Lamb,2014.0,2.0,3.3
2011,53,DeAndre Liggins,2014.0,3.0,0.0
2010,11,Cole Aldrich,2014.0,4.0,1.2
2010,12,Xavier Henry,2014.0,4.0,0.3
2010,5,DeMarcus Cousins,2014.0,4.0,7.9
2013,3,Otto Porter Jr.,2014.0,1.0,0.0
2013,4,Cody Zeller,2014.0,1.0,2.6
2013,5,Alex Len,2014.0,1.0,0.2
2012,52,Ognjen Kuzmić,2014.0,2.0,0.0
2012,38,Quincy Miller,2014.0,2.0,0.0
2012,39,Khris Middleton,2014.0,2.0,2.7
2012,13,Kendall Marshall,2014.0,2.0,0.9
2012,5,Thomas Robinson,2014.0,2.0,1.6
2012,6,Damian Lillard,2014.0,2.0,9.6
2012,15,Maurice Harkless,2014.0,2.0,2.8
2012,16,Royce White,2014.0,2.0,0.0
2012,17,Tyler Zeller,2014.0,2.0,2.6
2012,10,Austin Rivers,2014.0,2.0,0.6
2012,20,Evan Fournier,2014.0,2.0,1.4
2012,60,Robert Sacre,2014.0,2.0,1.4
2010,14,Patrick Patterson,2014.0,4.0,3.8
2010,15,Larry Sanders,2014.0,4.0,0.7
2011,1,Kyrie Irving,2014.0,3.0,6.7
2011,2,Derrick Williams,2014.0,3.0,2.6
2010,40,Lance Stephenson,2014.0,4.0,7.4
2011,5,Jonas Valančiūnas,2014.0,3.0,6.7
2012,42,Doron Lamb,2014.0,2.0,0.5
2012,43,Mike Scott,2014.0,2.0,2.6
2012,45,Justin Hamilton,2014.0,2.0,0.1
2012,46,Darius Miller,2014.0,2.0,0.8
2012,49,Kyle O'Quinn,2014.0,2.0,2.5
2012,55,Darius Johnson-Odom,2014.0,2.0,-0.2
2012,58,Robbie Hummel,2014.0,2.0,1.1
2012,21,Jared Sullinger,2014.0,2.0,3.9
2011,14,Marcus Morris,2014.0,3.0,4.2
2011,7,Bismack Biyombo,2014.0,3.0,3.2
2011,13,Markieff Morris,2014.0,3.0,6.4
2012,29,Marquis Teague,2014.0,2.0,-0.5
2012,40,Will Barton,2014.0,2.0,0.6
2012,41,Tyshawn Taylor,2014.0,2.0,-0.6
2012,23,John Jenkins,2014.0,2.0,-0.1
2012,34,Jae Crowder,2014.0,2.0,2.3
2012,35,Draymond Green,2014.0,2.0,4.5
2010,41,Jarvis Varnado,2014.0,4.0,0.8
2011,4,Tristan Thompson,2014.0,3.0,5.7
2012,14,John Henson,2014.0,2.0,3.3
2012,24,Jared Cunningham,2014.0,2.0,0.1
2012,25,Tony Wroten,2014.0,2.0,-0.9
2012,26,Miles Plumlee,2014.0,2.0,4.0
2012,18,Terrence Jones,2014.0,2.0,7.3
2012,9,Andre Drummond,2014.0,2.0,9.9
2012,31,Jeff Taylor,2014.0,2.0,-0.2
2012,27,Arnett Moultrie,2014.0,2.0,0.0
2011,6,Jan Veselý,2014.0,3.0,1.6
2010,55,Jeremy Evans,2014.0,4.0,2.8
2010,56,Hamady N'Diaye,2014.0,4.0,0.0
2010,8,Al-Farouq Aminu,2014.0,4.0,3.1
2010,9,Gordon Hayward,2014.0,4.0,3.6
2010,10,Paul George,2014.0,4.0,10.8
2011,8,Brandon Knight,2014.0,3.0,2.8
2011,9,Kemba Walker,2014.0,3.0,5.1
2012,19,Andrew Nicholson,2014.0,2.0,0.6
2012,28,Perry Jones,2014.0,2.0,1.5
2012,33,Bernard James,2014.0,2.0,0.1
2011,10,Jimmer Fredette,2014.0,3.0,0.8
2011,3,Enes Freedom,2014.0,3.0,2.2
2011,12,Alec Burks,2014.0,3.0,3.2
2012,36,Orlando Johnson,2014.0,2.0,0.1
2012,37,Quincy Acy,2014.0,2.0,1.5
2013,15,Giannis Antetokounmpo,2014.0,1.0,1.2
2013,31,Allen Crabbe,2014.0,1.0,0.1
2013,23,Solomon Hill,2014.0,1.0,0.4
2013,24,Tim Hardaway Jr.,2014.0,1.0,3.1
2013,25,Reggie Bullock,2014.0,1.0,0.2
2013,26,Andre Roberson,2014.0,1.0,0.8
2013,18,Shane Larkin,2014.0,1.0,-0.1
2010,3,Derrick Favors,2014.0,4.0,5.1
2010,4,Wesley Johnson,2014.0,4.0,1.9
2011,34,Shelvin Mack,2014.0,3.0,2.3
2011,39,Jeremy Tyler,2014.0,3.0,0.5
2011,40,Jon Leuer,2014.0,3.0,2.0
2011,41,Darius Morris,2014.0,3.0,0.0
2011,30,Jimmy Butler,2014.0,3.0,7.1
2011,25,MarShon Brooks,2014.0,3.0,0.4
2011,26,Jordan Hamilton,2014.0,3.0,1.6
2010,1,John Wall,2014.0,4.0,7.9
2010,2,Evan Turner,2014.0,4.0,1.4
2010,18,Eric Bledsoe,2014.0,4.0,4.1
2010,32,Dexter Pittman,2014.0,4.0,0.0
2010,17,Kevin Séraphin,2014.0,4.0,0.8
2011,30,Jimmy Butler,2015.0,4.0,11.2
2011,29,Cory Joseph,2015.0,4.0,4.5
2011,40,Jon Leuer,2015.0,4.0,1.3
2011,34,Shelvin Mack,2015.0,4.0,1.3
2011,38,Chandler Parsons,2015.0,4.0,5.5
2013,25,Reggie Bullock,2015.0,2.0,0.1
2013,24,Tim Hardaway Jr.,2015.0,2.0,0.8
2013,23,Solomon Hill,2015.0,2.0,3.5
2013,22,Mason Plumlee,2015.0,2.0,4.8
2013,31,Allen Crabbe,2015.0,2.0,1.3
2013,15,Giannis Antetokounmpo,2015.0,2.0,6.2
2012,35,Draymond Green,2015.0,3.0,8.5
2011,12,Alec Burks,2015.0,4.0,1.7
2011,3,Enes Freedom,2015.0,4.0,6.4
2011,2,Derrick Williams,2015.0,4.0,2.1
2011,10,Jimmer Fredette,2015.0,4.0,0.2
2011,9,Kemba Walker,2015.0,4.0,4.5
2012,31,Jeff Taylor,2015.0,3.0,0.3
2014,22,Jordan Adams,2015.0,1.0,0.4
2014,21,Mitch McGary,2015.0,1.0,1.3
2014,20,Bruno Caboclo,2015.0,1.0,-0.1
2012,28,Perry Jones,2015.0,3.0,0.2
2012,49,Kyle O'Quinn,2015.0,3.0,1.6
2012,19,Andrew Nicholson,2015.0,3.0,0.1
2011,5,Jonas Valančiūnas,2015.0,4.0,8.2
2012,37,Quincy Acy,2015.0,3.0,1.7
2014,19,Gary Harris,2015.0,1.0,-0.7
2012,30,Festus Ezeli,2015.0,3.0,1.7
2012,10,Austin Rivers,2015.0,3.0,1.5
2012,9,Andre Drummond,2015.0,3.0,7.7
2012,18,Terrence Jones,2015.0,3.0,3.0
2012,26,Miles Plumlee,2015.0,3.0,2.6
2012,25,Tony Wroten,2015.0,3.0,0.3
2012,24,Jared Cunningham,2015.0,3.0,0.0
2012,14,John Henson,2015.0,3.0,3.6
2011,4,Tristan Thompson,2015.0,4.0,6.8
2012,23,John Jenkins,2015.0,3.0,0.9
2014,18,Tyler Ennis,2015.0,1.0,-0.3
2014,17,James Young,2015.0,1.0,0.3
2014,16,Jusuf Nurkić,2015.0,1.0,1.6
2014,15,Adreian Payne,2015.0,1.0,-0.5
2012,40,Will Barton,2015.0,3.0,1.3
2012,39,Khris Middleton,2015.0,3.0,6.7
2012,13,Kendall Marshall,2015.0,3.0,0.8
2011,13,Markieff Morris,2015.0,4.0,4.6
2011,8,Brandon Knight,2015.0,4.0,4.5
2011,7,Bismack Biyombo,2015.0,4.0,4.0
2011,14,Marcus Morris,2015.0,4.0,4.0
2012,21,Jared Sullinger,2015.0,3.0,4.0
2014,28,C.J. Wilcox,2015.0,1.0,0.0
2014,26,P.J. Hairston,2015.0,1.0,0.3
2014,25,Clint Capela,2015.0,1.0,0.0
2014,24,Shabazz Napier,2015.0,1.0,0.5
2014,23,Rodney Hood,2015.0,1.0,2.2
2014,34,Cleanthony Early,2015.0,1.0,-0.4
2012,58,Robbie Hummel,2015.0,3.0,0.8
2014,11,Doug McDermott,2015.0,1.0,0.0
2014,10,Elfrid Payton,2015.0,1.0,2.3
2012,48,Kostas Papanikolaou,2015.0,3.0,0.5
2012,46,Darius Miller,2015.0,3.0,-0.1
2012,45,Justin Hamilton,2015.0,3.0,1.5
2012,34,Jae Crowder,2015.0,3.0,3.9
2012,33,Bernard James,2015.0,3.0,0.5
2013,2,Victor Oladipo,2015.0,2.0,3.5
2012,43,Mike Scott,2015.0,3.0,2.7
2014,9,Noah Vonleh,2015.0,1.0,0.5
2011,1,Kyrie Irving,2015.0,4.0,10.4
2014,8,Nik Stauskas,2015.0,1.0,0.5
2014,7,Julius Randle,2015.0,1.0,-0.1
2014,6,Marcus Smart,2015.0,1.0,2.9
2014,14,T.J. Warren,2015.0,1.0,1.1
2014,13,Zach LaVine,2015.0,1.0,-0.7
2012,60,Robert Sacre,2015.0,3.0,0.8
2012,20,Evan Fournier,2015.0,3.0,2.1
2014,33,Joe Harris,2015.0,1.0,0.2
2014,32,K.J. McDaniels,2015.0,1.0,0.6
2014,30,Kyle Anderson,2015.0,1.0,0.3
2014,40,Glenn Robinson III,2015.0,1.0,0.1
2014,39,Jerami Grant,2015.0,1.0,0.5
2012,15,Maurice Harkless,2015.0,3.0,0.3
2011,16,Nikola Vučević,2015.0,4.0,7.0
2012,53,Furkan Aldemir,2015.0,3.0,1.4
2012,52,Ognjen Kuzmić,2015.0,3.0,0.3
2013,43,Ricky Ledo,2015.0,2.0,-0.6
2012,38,Quincy Miller,2015.0,3.0,-0.1
2014,5,Danté Exum,2015.0,1.0,-0.1
2014,4,Aaron Gordon,2015.0,1.0,1.0
2014,2,Jabari Parker,2015.0,1.0,1.3
2014,1,Andrew Wiggins,2015.0,1.0,2.1
2013,4,Cody Zeller,2015.0,2.0,3.8
2013,3,Otto Porter Jr.,2015.0,2.0,2.7
2011,50,Lavoy Allen,2015.0,4.0,2.8
2012,5,Thomas Robinson,2015.0,3.0,1.5
2012,12,Jeremy Lamb,2015.0,3.0,1.6
2014,38,Spencer Dinwiddie,2015.0,1.0,0.1
2014,36,Johnny O'Bryant,2015.0,1.0,-0.5
2014,35,Jarnell Stokes,2015.0,1.0,0.5
2014,45,Dwight Powell,2015.0,1.0,0.6
2014,44,Markel Brown,2015.0,1.0,0.5
2012,11,Meyers Leonard,2015.0,3.0,2.8
2012,1,Anthony Davis,2015.0,3.0,14.0
2013,52,Lorenzo Brown,2015.0,2.0,0.3
2013,50,James Ennis III,2015.0,2.0,1.9
2013,48,Ryan Kelly,2015.0,2.0,0.7
2013,8,Kentavious Caldwell-Pope,2015.0,2.0,2.8
2013,7,Ben McLemore,2015.0,2.0,2.5
2013,6,Nerlens Noel,2015.0,2.0,4.0
2013,5,Alex Len,2015.0,2.0,3.4
2012,8,Terrence Ross,2015.0,3.0,2.4
2012,17,Tyler Zeller,2015.0,3.0,6.5
2011,20,Donatas Motiejūnas,2015.0,4.0,4.7
2011,11,Klay Thompson,2015.0,4.0,8.8
2011,17,Iman Shumpert,2015.0,4.0,1.5
2014,49,Cameron Bairstow,2015.0,1.0,-0.1
2014,47,Russ Smith,2015.0,1.0,-0.1
2014,46,Jordan Clarkson,2015.0,1.0,2.4
2014,42,Nick Johnson,2015.0,1.0,-0.1
2014,56,Devyn Marble,2015.0,1.0,-0.1
2013,13,Kelly Olynyk,2015.0,2.0,3.6
2013,41,Jamaal Franklin,2015.0,2.0,0.0
2013,40,Grant Jerrett,2015.0,2.0,-0.1
2013,39,Jeff Withey,2015.0,2.0,0.8
2013,55,Joffrey Lauvergne,2015.0,2.0,0.1
2013,12,Steven Adams,2015.0,2.0,4.1
2013,11,Michael Carter-Williams,2015.0,2.0,0.8
2013,10,CJ McCollum,2015.0,2.0,1.8
2013,1,Anthony Bennett,2015.0,2.0,0.3
2012,7,Harrison Barnes,2015.0,3.0,6.7
2012,6,Damian Lillard,2015.0,3.0,10.6
2014,60,Cory Jefferson,2015.0,1.0,0.8
2012,4,Dion Waiters,2015.0,3.0,1.1
2012,3,Bradley Beal,2015.0,3.0,3.7
2012,2,Michael Kidd-Gilchrist,2015.0,3.0,3.8
2011,43,Malcolm Lee,2015.0,4.0,0.0
2011,41,Darius Morris,2015.0,4.0,-0.4
2013,17,Dennis Schröder,2015.0,2.0,2.5
2013,38,Nate Wolters,2015.0,2.0,-0.2
2013,18,Shane Larkin,2015.0,2.0,1.7
2013,36,Ray McCallum,2015.0,2.0,1.4
2013,35,Glen Rice Jr.,2015.0,2.0,-0.1
2013,34,Isaiah Canaan,2015.0,2.0,1.4
2013,46,Erick Green,2015.0,2.0,0.0
2013,16,Lucas Nogueira,2015.0,2.0,0.0
2013,44,Mike Muscala,2015.0,2.0,1.9
2011,24,Reggie Jackson,2015.0,4.0,4.9
2011,23,Nikola Mirotić,2015.0,4.0,5.7
2011,22,Kenneth Faried,2015.0,4.0,5.6
2011,19,Tobias Harris,2015.0,4.0,4.8
2011,28,Norris Cole,2015.0,4.0,1.4
2011,26,Jordan Hamilton,2015.0,4.0,0.1
2011,15,Kawhi Leonard,2015.0,4.0,8.6
2011,33,Kyle Singler,2015.0,4.0,2.0
2011,31,Bojan Bogdanović,2015.0,4.0,2.4
2013,21,Gorgui Dieng,2015.0,2.0,4.9
2013,29,Archie Goodwin,2015.0,2.0,0.2
2013,27,Rudy Gobert,2015.0,2.0,9.3
2013,26,Andre Roberson,2015.0,2.0,2.1
2013,9,Trey Burke,2015.0,2.0,2.4
2011,60,Isaiah Thomas,2015.0,4.0,6.1
2011,55,E'Twaun Moore,2015.0,4.0,0.8
2013,19,Sergey Karasev,2015.0,2.0,0.7
2013,20,Tony Snell,2015.0,2.0,2.4
2013,14,Shabazz Muhammad,2015.0,2.0,2.0
2015,17,Rashad Vaughn,2016.0,1.0,-0.8
2012,4,Dion Waiters,2016.0,4.0,2.1
2015,34,Anthony Brown,2016.0,1.0,-0.3
2015,23,Rondae Hollis-Jefferson,2016.0,1.0,1.2
2015,22,Bobby Portis,2016.0,1.0,1.5
2015,21,Justin Anderson,2016.0,1.0,1.1
2015,30,Kevon Looney,2016.0,1.0,0.1
2015,29,Chris McCullough,2016.0,1.0,0.3
2015,28,R.J. Hunter,2016.0,1.0,0.3
2015,27,Larry Nance Jr.,2016.0,1.0,2.2
2015,18,Sam Dekker,2016.0,1.0,0.0
2013,36,Ray McCallum,2016.0,3.0,0.3
2013,34,Isaiah Canaan,2016.0,3.0,1.4
2015,38,Darrun Hilliard,2016.0,1.0,0.5
2015,37,Richaun Holmes,2016.0,1.0,1.5
2015,25,Jarell Martin,2016.0,1.0,0.8
2015,20,Delon Wright,2016.0,1.0,0.6
2015,12,Trey Lyles,2016.0,1.0,2.3
2015,11,Myles Turner,2016.0,1.0,3.1
2015,10,Justise Winslow,2016.0,1.0,2.5
2013,27,Rudy Gobert,2016.0,3.0,6.4
2013,26,Andre Roberson,2016.0,3.0,3.4
2013,47,Raul Neto,2016.0,3.0,1.8
2013,16,Lucas Nogueira,2016.0,3.0,0.7
2013,15,Giannis Antetokounmpo,2016.0,3.0,7.1
2013,14,Shabazz Muhammad,2016.0,3.0,2.7
2013,31,Allen Crabbe,2016.0,3.0,4.3
2013,29,Archie Goodwin,2016.0,3.0,0.1
2013,13,Kelly Olynyk,2016.0,3.0,4.1
2013,46,Erick Green,2016.0,3.0,0.1
2015,46,Norman Powell,2016.0,1.0,1.6
2015,45,Marcus Thornton,2016.0,1.0,1.7
2015,43,Joe Young,2016.0,1.0,-0.1
2015,16,Terry Rozier,2016.0,1.0,-0.3
2015,56,Branden Dawson,2016.0,1.0,0.0
2015,13,Devin Booker,2016.0,1.0,1.9
2015,41,Pat Connaughton,2016.0,1.0,-0.2
2015,40,Josh Richardson,2016.0,1.0,2.5
2013,44,Mike Muscala,2016.0,3.0,1.6
2013,39,Jeff Withey,2016.0,3.0,2.3
2013,12,Steven Adams,2016.0,3.0,6.5
2013,11,Michael Carter-Williams,2016.0,3.0,1.2
2013,10,CJ McCollum,2016.0,3.0,6.0
2013,17,Dennis Schröder,2016.0,3.0,2.2
2013,52,Lorenzo Brown,2016.0,3.0,-0.2
2015,6,Willie Cauley-Stein,2016.0,1.0,3.8
2015,5,Mario Hezonja,2016.0,1.0,0.9
2015,36,Rakeem Christmas,2016.0,1.0,0.0
2015,3,Jahlil Okafor,2016.0,1.0,1.2
2015,2,D'Angelo Russell,2016.0,1.0,0.0
2015,9,Frank Kaminsky,2016.0,1.0,3.3
2013,50,James Ennis III,2016.0,3.0,0.9
2013,48,Ryan Kelly,2016.0,3.0,0.1
2013,8,Kentavious Caldwell-Pope,2016.0,3.0,5.3
2013,7,Ben McLemore,2016.0,3.0,0.3
2013,6,Nerlens Noel,2016.0,3.0,3.0
2014,4,Aaron Gordon,2016.0,2.0,5.4
2014,60,Cory Jefferson,2016.0,2.0,0.1
2012,3,Bradley Beal,2016.0,4.0,2.7
2012,2,Michael Kidd-Gilchrist,2016.0,4.0,0.6
2012,1,Anthony Davis,2016.0,4.0,7.2
2012,8,Terrence Ross,2016.0,4.0,3.6
2014,56,Devyn Marble,2016.0,2.0,-0.1
2015,8,Stanley Johnson,2016.0,1.0,0.6
2015,7,Emmanuel Mudiay,2016.0,1.0,-2.1
2014,48,Lamar Patterson,2016.0,2.0,0.2
2014,47,Russ Smith,2016.0,2.0,-0.1
2014,46,Jordan Clarkson,2016.0,2.0,2.1
2014,45,Dwight Powell,2016.0,2.0,3.1
2015,4,Kristaps Porziņģis,2016.0,1.0,4.4
2014,44,Markel Brown,2016.0,2.0,0.6
2014,43,Edy Tavares,2016.0,2.0,0.2
2015,1,Karl-Anthony Towns,2016.0,1.0,8.3
2014,2,Jabari Parker,2016.0,2.0,3.6
2014,1,Andrew Wiggins,2016.0,2.0,4.1
2013,3,Otto Porter Jr.,2016.0,3.0,5.6
2013,2,Victor Oladipo,2016.0,3.0,4.9
2013,9,Trey Burke,2016.0,3.0,2.1
2013,55,Joffrey Lauvergne,2016.0,3.0,2.3
2014,9,Noah Vonleh,2016.0,2.0,1.2
2014,8,Nik Stauskas,2016.0,2.0,0.5
2014,58,Jordan McRae,2016.0,2.0,0.4
2012,7,Harrison Barnes,2016.0,4.0,4.9
2012,6,Damian Lillard,2016.0,4.0,9.2
2012,5,Thomas Robinson,2016.0,4.0,0.6
2012,12,Jeremy Lamb,2016.0,4.0,2.7
2014,51,Thanasis Antetokounmpo,2016.0,2.0,0.0
2014,49,Cameron Bairstow,2016.0,2.0,0.0
2014,7,Julius Randle,2016.0,2.0,1.6
2014,6,Marcus Smart,2016.0,2.0,2.9
2013,5,Alex Len,2016.0,3.0,1.3
2013,4,Cody Zeller,2016.0,3.0,6.3
2014,11,Doug McDermott,2016.0,2.0,2.8
2014,10,Elfrid Payton,2016.0,2.0,2.2
2014,35,Jarnell Stokes,2016.0,2.0,0.1
2012,11,Meyers Leonard,2016.0,4.0,2.2
2012,10,Austin Rivers,2016.0,4.0,1.9
2012,9,Andre Drummond,2016.0,4.0,7.4
2012,17,Tyler Zeller,2016.0,4.0,1.7
2014,33,Joe Harris,2016.0,2.0,0.0
2014,32,K.J. McDaniels,2016.0,2.0,0.2
2014,41,Nikola Jokić,2016.0,2.0,6.7
2014,40,Glenn Robinson III,2016.0,2.0,0.8
2012,48,Kostas Papanikolaou,2016.0,4.0,-0.1
2012,43,Mike Scott,2016.0,4.0,3.2
2013,1,Anthony Bennett,2016.0,3.0,0.1
2012,60,Robert Sacre,2016.0,4.0,0.3
2014,17,James Young,2016.0,2.0,0.1
2014,16,Jusuf Nurkić,2016.0,2.0,0.4
2014,30,Kyle Anderson,2016.0,2.0,3.5
2014,39,Jerami Grant,2016.0,2.0,2.1
2012,15,Maurice Harkless,2016.0,4.0,2.9
2012,14,John Henson,2016.0,4.0,2.3
2012,13,Kendall Marshall,2016.0,4.0,-0.5
2012,21,Jared Sullinger,2016.0,4.0,4.8
2014,26,P.J. Hairston,2016.0,2.0,0.6
2014,25,Clint Capela,2016.0,2.0,4.4
2014,38,Spencer Dinwiddie,2016.0,2.0,0.1
2014,36,Johnny O'Bryant,2016.0,2.0,0.3
2014,15,Adreian Payne,2016.0,2.0,-0.5
2014,14,T.J. Warren,2016.0,2.0,2.2
2012,40,Will Barton,2016.0,4.0,4.3
2012,39,Khris Middleton,2016.0,4.0,6.1
2012,49,Kyle O'Quinn,2016.0,4.0,1.6
2014,13,Zach LaVine,2016.0,2.0,2.6
2014,20,Bruno Caboclo,2016.0,2.0,-0.3
2014,19,Gary Harris,2016.0,2.0,4.0
2014,34,Cleanthony Early,2016.0,2.0,-0.2
2012,20,Evan Fournier,2016.0,4.0,5.7
2012,19,Andrew Nicholson,2016.0,4.0,1.6
2012,18,Terrence Jones,2016.0,4.0,1.5
2012,25,Tony Wroten,2016.0,4.0,-0.8
2012,24,Jared Cunningham,2016.0,4.0,0.1
2012,23,John Jenkins,2016.0,4.0,0.2
2014,23,Rodney Hood,2016.0,2.0,6.0
2014,22,Jordan Adams,2016.0,2.0,0.0
2014,21,Mitch McGary,2016.0,2.0,0.0
2014,31,Damien Inglis,2016.0,2.0,-0.1
2014,29,Josh Huestis,2016.0,2.0,0.0
2014,28,C.J. Wilcox,2016.0,2.0,0.3
2012,30,Festus Ezeli,2016.0,4.0,2.7
2012,26,Miles Plumlee,2016.0,4.0,2.2
2012,37,Quincy Acy,2016.0,4.0,2.5
2012,36,Orlando Johnson,2016.0,4.0,-0.2
2012,35,Draymond Green,2016.0,4.0,11.1
2012,34,Jae Crowder,2016.0,4.0,7.3
2014,18,Tyler Ennis,2016.0,2.0,0.4
2014,24,Shabazz Napier,2016.0,2.0,0.1
2015,33,Jordan Mickey,2016.0,1.0,0.1
2015,32,Montrezl Harrell,2016.0,1.0,0.9
2015,24,Tyus Jones,2016.0,1.0,0.3
2015,15,Kelly Oubre Jr.,2016.0,1.0,0.4
2015,14,Cameron Payne,2016.0,1.0,1.4
2013,23,Solomon Hill,2016.0,3.0,2.1
2013,22,Mason Plumlee,2016.0,3.0,6.1
2013,21,Gorgui Dieng,2016.0,3.0,5.9
2013,20,Tony Snell,2016.0,3.0,0.4
2013,19,Sergey Karasev,2016.0,3.0,0.3
2013,18,Shane Larkin,2016.0,3.0,1.4
2013,25,Reggie Bullock,2016.0,3.0,1.2
2013,24,Tim Hardaway Jr.,2016.0,3.0,1.9
2015,19,Jerian Grant,2016.0,1.0,0.8
2015,19,Jerian Grant,2017.0,2.0,2.5
2015,18,Sam Dekker,2017.0,2.0,3.1
2013,23,Solomon Hill,2017.0,4.0,2.7
2013,24,Tim Hardaway Jr.,2017.0,4.0,4.8
2013,25,Reggie Bullock,2017.0,4.0,1.0
2013,26,Andre Roberson,2017.0,4.0,4.2
2013,20,Tony Snell,2017.0,4.0,3.4
2013,21,Gorgui Dieng,2017.0,4.0,5.7
2013,39,Jeff Withey,2017.0,4.0,1.8
2013,32,Álex Abrines,2017.0,4.0,2.1
2015,13,Devin Booker,2017.0,2.0,2.0
2015,14,Cameron Payne,2017.0,2.0,-0.3
2015,23,Rondae Hollis-Jefferson,2017.0,2.0,2.6
2015,24,Tyus Jones,2017.0,2.0,1.5
2015,30,Kevon Looney,2017.0,2.0,1.4
2015,32,Montrezl Harrell,2017.0,2.0,4.1
2015,33,Jordan Mickey,2017.0,2.0,0.1
2015,34,Anthony Brown,2017.0,2.0,0.0
2016,31,Deyonta Davis,2017.0,1.0,0.5
2014,24,Shabazz Napier,2017.0,3.0,0.6
2014,18,Tyler Ennis,2017.0,3.0,0.4
2016,24,Timothé Luwawu-Cabarrot,2017.0,1.0,0.8
2016,36,Malcolm Brogdon,2017.0,1.0,4.1
2016,37,Chinanu Onuaku,2017.0,1.0,0.1
2014,30,Kyle Anderson,2017.0,3.0,2.7
2014,32,K.J. McDaniels,2017.0,3.0,0.5
2014,20,Bruno Caboclo,2017.0,3.0,0.1
2016,19,Malik Beasley,2017.0,1.0,0.2
2016,30,Damian Jones,2017.0,1.0,0.0
2014,19,Gary Harris,2017.0,3.0,4.6
2014,12,Dario Šarić,2017.0,3.0,1.0
2014,13,Zach LaVine,2017.0,3.0,3.0
2014,23,Rodney Hood,2017.0,3.0,2.6
2016,28,Skal Labissière,2017.0,1.0,1.3
2016,29,Dejounte Murray,2017.0,1.0,0.0
2014,15,Adreian Payne,2017.0,3.0,0.2
2014,16,Jusuf Nurkić,2017.0,3.0,2.0
2014,36,Johnny O'Bryant,2017.0,3.0,0.1
2014,25,Clint Capela,2017.0,3.0,5.9
2014,28,C.J. Wilcox,2017.0,3.0,-0.2
2016,25,Brice Johnson,2017.0,1.0,0.0
2016,27,Pascal Siakam,2017.0,1.0,1.6
2014,29,Josh Huestis,2017.0,3.0,0.2
2014,17,James Young,2017.0,3.0,0.3
2013,1,Anthony Bennett,2017.0,4.0,0.5
2016,32,Ivica Zubac,2017.0,1.0,1.1
2016,33,Cheick Diallo,2017.0,1.0,0.5
2016,34,Tyler Ulis,2017.0,1.0,0.7
2016,42,Isaiah Whitehead,2017.0,1.0,-0.8
2016,45,Demetrius Jackson,2017.0,1.0,0.1
2016,46,A.J. Hammons,2017.0,1.0,0.0
2016,47,Jake Layman,2017.0,1.0,-0.3
2014,10,Elfrid Payton,2017.0,3.0,4.4
2014,40,Glenn Robinson III,2017.0,3.0,2.5
2014,33,Joe Harris,2017.0,3.0,0.8
2014,45,Dwight Powell,2017.0,3.0,4.6
2016,20,Caris LeVert,2017.0,1.0,1.8
2016,21,DeAndre' Bembry,2017.0,1.0,0.3
2016,22,Malachi Richardson,2017.0,1.0,0.1
2014,35,Jarnell Stokes,2017.0,3.0,0.1
2014,11,Doug McDermott,2017.0,3.0,2.6
2014,4,Aaron Gordon,2017.0,3.0,3.7
2014,5,Danté Exum,2017.0,3.0,1.2
2014,6,Marcus Smart,2017.0,3.0,3.2
2016,48,Paul Zipser,2017.0,1.0,0.5
2014,14,T.J. Warren,2017.0,3.0,4.1
2016,52,Joel Bolomboy,2017.0,1.0,0.2
2016,54,Kay Felder,2017.0,1.0,0.1
2014,7,Julius Randle,2017.0,3.0,3.5
2014,8,Nik Stauskas,2017.0,3.0,1.4
2014,55,Semaj Christon,2017.0,3.0,0.1
2014,38,Spencer Dinwiddie,2017.0,3.0,2.8
2014,39,Jerami Grant,2017.0,3.0,2.9
2014,58,Jordan McRae,2017.0,3.0,0.2
2016,13,Georgios Papagiannis,2017.0,1.0,0.4
2016,14,Denzel Valentine,2017.0,1.0,0.6
2016,15,Juancho Hernangómez,2017.0,1.0,1.8
2016,17,Wade Baldwin,2017.0,1.0,-0.3
2016,18,Henry Ellenson,2017.0,1.0,-0.2
2014,9,Noah Vonleh,2017.0,3.0,1.8
2013,9,Trey Burke,2017.0,4.0,0.5
2013,2,Victor Oladipo,2017.0,4.0,4.0
2013,3,Otto Porter Jr.,2017.0,4.0,9.4
2013,4,Cody Zeller,2017.0,4.0,5.6
2016,38,Patrick McCaw,2017.0,1.0,1.7
2016,40,Diamond Stone,2017.0,1.0,-0.1
2016,41,Stephen Zimmerman,2017.0,1.0,0.0
2015,1,Karl-Anthony Towns,2017.0,2.0,12.7
2015,2,D'Angelo Russell,2017.0,2.0,1.3
2014,41,Nikola Jokić,2017.0,3.0,9.7
2014,43,Edy Tavares,2017.0,3.0,0.1
2016,5,Kris Dunn,2017.0,1.0,0.1
2016,6,Buddy Hield,2017.0,1.0,1.3
2014,46,Jordan Clarkson,2017.0,3.0,1.2
2014,48,Lamar Patterson,2017.0,3.0,-0.1
2015,7,Emmanuel Mudiay,2017.0,2.0,0.2
2016,4,Dragan Bender,2017.0,1.0,-0.3
2015,41,Pat Connaughton,2017.0,2.0,0.6
2015,43,Joe Young,2017.0,2.0,-0.1
2016,9,Jakob Poeltl,2017.0,1.0,1.6
2016,10,Thon Maker,2017.0,1.0,1.3
2016,11,Domantas Sabonis,2017.0,1.0,0.8
2016,12,Taurean Prince,2017.0,1.0,1.1
2014,2,Jabari Parker,2017.0,3.0,4.0
2014,3,Joel Embiid,2017.0,3.0,1.9
2013,5,Alex Len,2017.0,4.0,3.0
2013,6,Nerlens Noel,2017.0,4.0,4.0
2013,7,Ben McLemore,2017.0,4.0,0.4
2013,8,Kentavious Caldwell-Pope,2017.0,4.0,4.5
2016,49,Michael Gbinije,2017.0,1.0,-0.1
2016,50,Georges Niang,2017.0,1.0,-0.3
2016,51,Ben Bentil,2017.0,1.0,-0.1
2013,48,Ryan Kelly,2017.0,4.0,0.1
2015,9,Frank Kaminsky,2017.0,2.0,2.3
2015,10,Justise Winslow,2017.0,2.0,-0.1
2015,3,Jahlil Okafor,2017.0,2.0,1.2
2015,4,Kristaps Porziņģis,2017.0,2.0,4.5
2015,12,Trey Lyles,2017.0,2.0,0.8
2015,35,Willy Hernangómez,2017.0,2.0,3.4
2016,7,Jamal Murray,2017.0,1.0,1.3
2016,8,Marquese Chriss,2017.0,1.0,1.8
2015,5,Mario Hezonja,2017.0,2.0,-0.7
2015,6,Willie Cauley-Stein,2017.0,2.0,2.9
2013,50,James Ennis III,2017.0,4.0,3.1
2013,55,Joffrey Lauvergne,2017.0,4.0,1.5
2013,17,Dennis Schröder,2017.0,4.0,3.7
2013,10,CJ McCollum,2017.0,4.0,7.6
2013,11,Michael Carter-Williams,2017.0,4.0,0.2
2013,12,Steven Adams,2017.0,4.0,6.5
2014,1,Andrew Wiggins,2017.0,3.0,4.2
2013,42,Pierre Jackson,2017.0,4.0,0.0
2013,44,Mike Muscala,2017.0,4.0,3.4
2015,8,Stanley Johnson,2017.0,2.0,0.4
2016,2,Brandon Ingram,2017.0,1.0,-0.3
2016,3,Jaylen Brown,2017.0,1.0,1.5
2015,15,Kelly Oubre Jr.,2017.0,2.0,2.0
2015,16,Terry Rozier,2017.0,2.0,1.4
2015,44,Andrew Harrison,2017.0,2.0,1.6
2015,45,Marcus Thornton,2017.0,2.0,0.5
2015,46,Norman Powell,2017.0,2.0,2.8
2013,13,Kelly Olynyk,2017.0,4.0,4.1
2013,29,Archie Goodwin,2017.0,4.0,0.7
2013,31,Allen Crabbe,2017.0,4.0,4.2
2013,22,Mason Plumlee,2017.0,4.0,6.0
2013,14,Shabazz Muhammad,2017.0,4.0,2.7
2013,15,Giannis Antetokounmpo,2017.0,4.0,12.4
2013,16,Lucas Nogueira,2017.0,4.0,3.7
2013,47,Raul Neto,2017.0,4.0,0.7
2013,27,Rudy Gobert,2017.0,4.0,14.3
2015,11,Myles Turner,2017.0,2.0,8.0
2015,20,Delon Wright,2017.0,2.0,1.1
2015,36,Rakeem Christmas,2017.0,2.0,0.5
2015,37,Richaun Holmes,2017.0,2.0,3.8
2015,38,Darrun Hilliard,2017.0,2.0,-0.2
2015,40,Josh Richardson,2017.0,2.0,2.2
2013,34,Isaiah Canaan,2017.0,4.0,0.5
2015,27,Larry Nance Jr.,2017.0,2.0,3.5
2015,28,R.J. Hunter,2017.0,2.0,0.0
2015,29,Chris McCullough,2017.0,2.0,0.1
2015,21,Justin Anderson,2017.0,2.0,1.9
2015,22,Bobby Portis,2017.0,2.0,2.4
2015,25,Jarell Martin,2017.0,2.0,0.6
2015,17,Rashad Vaughn,2017.0,2.0,0.0
2015,19,Jerian Grant,2018.0,3.0,3.3
2015,18,Sam Dekker,2018.0,3.0,1.2
2015,17,Rashad Vaughn,2018.0,3.0,0.2
2015,35,Willy Hernangómez,2018.0,3.0,1.8
2015,34,Anthony Brown,2018.0,3.0,0.0
2015,33,Jordan Mickey,2018.0,3.0,0.3
2015,32,Montrezl Harrell,2018.0,3.0,5.5
2015,31,Cedi Osman,2018.0,3.0,0.9
2015,30,Kevon Looney,2018.0,3.0,2.8
2017,48,Sindarius Thornwell,2018.0,1.0,1.0
2017,47,Ike Anigbogu,2018.0,1.0,0.1
2017,27,Kyle Kuzma,2018.0,1.0,3.8
2017,26,Caleb Swanigan,2018.0,1.0,0.0
2017,24,Tyler Lydon,2018.0,1.0,0.0
2017,33,Wes Iwundu,2018.0,1.0,0.7
2017,37,Semi Ojeleye,2018.0,1.0,1.2
2017,35,Ivan Rabb,2018.0,1.0,1.2
2015,16,Terry Rozier,2018.0,3.0,5.6
2015,15,Kelly Oubre Jr.,2018.0,3.0,3.7
2015,14,Cameron Payne,2018.0,3.0,0.8
2015,13,Devin Booker,2018.0,3.0,2.4
2015,40,Josh Richardson,2018.0,3.0,5.4
2015,38,Darrun Hilliard,2018.0,3.0,0.0
2015,37,Richaun Holmes,2018.0,3.0,2.8
2015,12,Trey Lyles,2018.0,3.0,3.9
2017,22,Jarrett Allen,2018.0,1.0,4.2
2017,21,Terrance Ferguson,2018.0,1.0,1.2
2017,19,John Collins,2018.0,1.0,5.4
2017,28,Tony Bradley,2018.0,1.0,0.0
2017,42,Thomas Bryant,2018.0,1.0,0.1
2017,41,Tyler Dorsey,2018.0,1.0,0.4
2017,40,Dwayne Bacon,2018.0,1.0,-0.1
2017,39,Jawun Evans,2018.0,1.0,-0.2
2015,11,Myles Turner,2018.0,3.0,4.7
2015,10,Justise Winslow,2018.0,3.0,2.6
2015,9,Frank Kaminsky,2018.0,3.0,3.6
2015,8,Stanley Johnson,2018.0,3.0,1.8
2015,48,Dakari Johnson,2018.0,3.0,0.6
2015,46,Norman Powell,2018.0,3.0,0.6
2015,44,Andrew Harrison,2018.0,3.0,1.7
2015,43,Joe Young,2018.0,3.0,0.5
2015,41,Pat Connaughton,2018.0,3.0,2.5
2016,4,Dragan Bender,2018.0,2.0,0.1
2017,46,Sterling Brown,2018.0,1.0,0.7
2017,45,Dillon Brooks,2018.0,1.0,1.2
2017,44,Damyean Dotson,2018.0,1.0,0.6
2017,54,Alec Peters,2018.0,1.0,0.3
2017,53,Kadeem Allen,2018.0,1.0,-0.1
2017,18,T.J. Leaf,2018.0,1.0,0.8
2017,17,D.J. Wilson,2018.0,1.0,0.1
2017,16,Justin Patton,2018.0,1.0,0.0
2017,15,Justin Jackson,2018.0,1.0,1.0
2017,23,OG Anunoby,2018.0,1.0,3.0
2016,3,Jaylen Brown,2018.0,2.0,4.5
2016,2,Brandon Ingram,2018.0,2.0,2.8
2016,1,Ben Simmons,2018.0,2.0,9.2
2015,7,Emmanuel Mudiay,2018.0,3.0,0.0
2015,6,Willie Cauley-Stein,2018.0,3.0,3.9
2017,13,Donovan Mitchell,2018.0,1.0,5.2
2017,12,Luke Kennard,2018.0,1.0,2.6
2017,52,Edmond Sumner,2018.0,1.0,0.0
2017,51,Monte Morris,2018.0,1.0,0.2
2017,9,Dennis Smith Jr.,2018.0,1.0,-0.7
2017,8,Frank Ntilikina,2018.0,1.0,-0.9
2017,7,Lauri Markkanen,2018.0,1.0,3.3
2017,14,Bam Adebayo,2018.0,1.0,4.2
2017,56,Jabari Bird,2018.0,1.0,0.2
2015,5,Mario Hezonja,2018.0,3.0,2.3
2015,4,Kristaps Porziņģis,2018.0,3.0,3.2
2016,8,Marquese Chriss,2018.0,2.0,0.7
2016,7,Jamal Murray,2018.0,2.0,5.5
2016,6,Buddy Hield,2018.0,2.0,2.8
2016,5,Kris Dunn,2018.0,2.0,0.9
2015,3,Jahlil Okafor,2018.0,3.0,0.6
2017,5,De'Aaron Fox,2018.0,1.0,-0.6
2017,4,Josh Jackson,2018.0,1.0,-0.7
2017,3,Jayson Tatum,2018.0,1.0,7.1
2017,11,Malik Monk,2018.0,1.0,0.0
2017,10,Zach Collins,2018.0,1.0,0.6
2017,1,Markelle Fultz,2018.0,1.0,0.2
2016,60,Tyrone Wallace,2018.0,2.0,0.7
2016,58,Abdel Nader,2018.0,2.0,-0.1
2016,56,Daniel Hamilton,2018.0,2.0,0.1
2017,6,Jonathan Isaac,2018.0,1.0,0.2
2015,2,D'Angelo Russell,2018.0,3.0,0.4
2015,1,Karl-Anthony Towns,2018.0,3.0,14.0
2016,12,Taurean Prince,2018.0,2.0,2.0
2016,11,Domantas Sabonis,2018.0,2.0,4.7
2016,10,Thon Maker,2018.0,2.0,1.5
2016,9,Jakob Poeltl,2018.0,2.0,5.6
2014,7,Julius Randle,2018.0,4.0,6.6
2014,6,Marcus Smart,2018.0,4.0,1.9
2016,55,Marcus Paige,2018.0,2.0,0.0
2016,54,Kay Felder,2018.0,2.0,-0.5
2016,52,Joel Bolomboy,2018.0,2.0,0.1
2016,50,Georges Niang,2018.0,2.0,0.0
2016,48,Paul Zipser,2018.0,2.0,-0.6
2016,47,Jake Layman,2018.0,2.0,-0.1
2017,2,Lonzo Ball,2018.0,1.0,2.0
2014,46,Jordan Clarkson,2018.0,4.0,3.0
2014,45,Dwight Powell,2018.0,4.0,6.6
2014,44,Markel Brown,2018.0,4.0,0.0
2014,41,Nikola Jokić,2018.0,4.0,10.7
2014,40,Glenn Robinson III,2018.0,4.0,0.6
2016,17,Wade Baldwin,2018.0,2.0,0.3
2016,16,Guerschon Yabusele,2018.0,2.0,0.6
2016,15,Juancho Hernangómez,2018.0,2.0,0.4
2014,15,Adreian Payne,2018.0,4.0,0.2
2014,14,T.J. Warren,2018.0,4.0,3.4
2014,13,Zach LaVine,2018.0,4.0,0.3
2014,12,Dario Šarić,2018.0,4.0,6.6
2014,11,Doug McDermott,2018.0,4.0,2.3
2016,45,Demetrius Jackson,2018.0,2.0,-0.1
2016,43,Zhou Qi,2018.0,2.0,-0.3
2016,42,Isaiah Whitehead,2018.0,2.0,-0.1
2016,38,Patrick McCaw,2018.0,2.0,0.6
2014,10,Elfrid Payton,2018.0,4.0,2.8
2014,9,Noah Vonleh,2018.0,4.0,1.6
2014,8,Nik Stauskas,2018.0,4.0,0.3
2016,14,Denzel Valentine,2018.0,2.0,2.5
2016,13,Georgios Papagiannis,2018.0,2.0,0.0
2014,39,Jerami Grant,2018.0,4.0,5.4
2014,38,Spencer Dinwiddie,2018.0,4.0,5.7
2014,36,Johnny O'Bryant,2018.0,4.0,0.3
2016,22,Malachi Richardson,2018.0,2.0,-0.1
2016,21,DeAndre' Bembry,2018.0,2.0,-0.4
2016,20,Caris LeVert,2018.0,2.0,2.3
2016,19,Malik Beasley,2018.0,2.0,0.3
2016,18,Henry Ellenson,2018.0,2.0,0.1
2014,33,Joe Harris,2018.0,4.0,4.0
2014,30,Kyle Anderson,2018.0,4.0,6.2
2014,29,Josh Huestis,2018.0,4.0,0.5
2016,27,Pascal Siakam,2018.0,2.0,4.7
2016,26,Furkan Korkmaz,2018.0,2.0,0.0
2016,25,Brice Johnson,2018.0,2.0,0.2
2016,24,Timothé Luwawu-Cabarrot,2018.0,2.0,0.8
2016,23,Ante Žižić,2018.0,2.0,1.0
2014,27,Bogdan Bogdanović,2018.0,4.0,2.9
2014,19,Gary Harris,2018.0,4.0,5.5
2014,18,Tyler Ennis,2018.0,4.0,0.8
2016,37,Chinanu Onuaku,2018.0,2.0,-0.1
2016,36,Malcolm Brogdon,2018.0,2.0,2.7
2016,34,Tyler Ulis,2018.0,2.0,-0.2
2016,33,Cheick Diallo,2018.0,2.0,1.9
2016,32,Ivica Zubac,2018.0,2.0,1.0
2014,17,James Young,2018.0,4.0,0.1
2014,16,Jusuf Nurkić,2018.0,4.0,4.7
2014,25,Clint Capela,2018.0,4.0,10.2
2014,24,Shabazz Napier,2018.0,4.0,3.2
2016,31,Deyonta Davis,2018.0,2.0,2.7
2016,30,Damian Jones,2018.0,2.0,0.1
2016,29,Dejounte Murray,2018.0,2.0,3.2
2016,28,Skal Labissière,2018.0,2.0,1.4
2014,23,Rodney Hood,2018.0,4.0,2.7
2014,20,Bruno Caboclo,2018.0,4.0,0.0
2015,24,Tyus Jones,2018.0,3.0,3.6
2015,23,Rondae Hollis-Jefferson,2018.0,3.0,4.1
2015,22,Bobby Portis,2018.0,3.0,3.5
2015,21,Justin Anderson,2018.0,3.0,1.2
2015,29,Chris McCullough,2018.0,3.0,0.2
2015,28,R.J. Hunter,2018.0,3.0,0.0
2015,27,Larry Nance Jr.,2018.0,3.0,5.8
2015,25,Jarell Martin,2018.0,3.0,1.3
2015,20,Delon Wright,2018.0,3.0,4.5
2017,34,Frank Mason III,2018.0,1.0,0.5
2017,32,Davon Reed,2018.0,1.0,-0.3
2017,30,Josh Hart,2018.0,1.0,3.4
2017,29,Derrick White,2018.0,1.0,0.5
2017,38,Jordan Bell,2018.0,1.0,2.9
2014,1,Andrew Wiggins,2018.0,4.0,2.1
2014,5,Danté Exum,2018.0,4.0,0.7
2014,4,Aaron Gordon,2018.0,4.0,2.9
2014,3,Joel Embiid,2018.0,4.0,6.2
2014,2,Jabari Parker,2018.0,4.0,1.2
2017,38,Jordan Bell,2019.0,2.0,1.6
2017,29,Derrick White,2019.0,2.0,3.6
2017,30,Josh Hart,2019.0,2.0,2.1
2017,31,Frank Jackson,2019.0,2.0,0.4
2017,32,Davon Reed,2019.0,2.0,0.1
2017,43,Isaiah Hartenstein,2019.0,2.0,0.5
2015,25,Jarell Martin,2019.0,4.0,0.5
2015,27,Larry Nance Jr.,2019.0,4.0,4.9
2015,28,R.J. Hunter,2019.0,4.0,0.1
2015,21,Justin Anderson,2019.0,4.0,0.4
2015,22,Bobby Portis,2019.0,4.0,1.6
2015,23,Rondae Hollis-Jefferson,2019.0,4.0,1.2
2015,24,Tyus Jones,2019.0,4.0,3.0
2018,27,Robert Williams,2019.0,1.0,1.2
2018,28,Jacob Evans,2019.0,1.0,-0.1
2016,27,Pascal Siakam,2019.0,3.0,9.3
2016,28,Skal Labissière,2019.0,3.0,0.3
2016,30,Damian Jones,2019.0,3.0,1.5
2016,31,Deyonta Davis,2019.0,3.0,0.4
2016,32,Ivica Zubac,2019.0,3.0,3.2
2018,39,Isaac Bonga,2019.0,1.0,-0.1
2016,33,Cheick Diallo,2019.0,3.0,2.6
2016,34,Tyler Ulis,2019.0,3.0,0.0
2016,36,Malcolm Brogdon,2019.0,3.0,6.5
2018,34,Devonte' Graham,2019.0,1.0,0.5
2018,35,Melvin Frazier,2019.0,1.0,-0.1
2018,25,Moritz Wagner,2019.0,1.0,0.2
2018,26,Landry Shamet,2019.0,1.0,3.6
2018,31,Elie Okobo,2019.0,1.0,-0.5
2018,32,Jevon Carter,2019.0,1.0,0.0
2018,33,Jalen Brunson,2019.0,1.0,2.6
2016,22,Malachi Richardson,2019.0,3.0,-0.1
2016,23,Ante Žižić,2019.0,3.0,2.0
2016,24,Timothé Luwawu-Cabarrot,2019.0,3.0,0.2
2016,26,Furkan Korkmaz,2019.0,3.0,1.1
2018,36,Mitchell Robinson,2019.0,1.0,6.1
2018,37,Gary Trent Jr.,2019.0,1.0,-0.2
2018,38,Khyri Thomas,2019.0,1.0,0.0
2016,19,Malik Beasley,2019.0,3.0,4.5
2016,20,Caris LeVert,2019.0,3.0,1.7
2016,21,DeAndre' Bembry,2019.0,3.0,0.9
2018,23,Aaron Holiday,2019.0,1.0,0.9
2016,38,Patrick McCaw,2019.0,3.0,0.5
2016,43,Zhou Qi,2019.0,3.0,0.0
2016,45,Demetrius Jackson,2019.0,3.0,0.2
2016,15,Juancho Hernangómez,2019.0,3.0,3.0
2016,16,Guerschon Yabusele,2019.0,3.0,0.5
2016,17,Wade Baldwin,2019.0,3.0,-0.3
2016,18,Henry Ellenson,2019.0,3.0,0.4
2018,48,Keita Bates-Diop,2019.0,1.0,0.3
2018,40,Rodions Kurucs,2019.0,1.0,1.6
2018,41,Jarred Vanderbilt,2019.0,1.0,0.1
2018,42,Bruce Brown,2019.0,1.0,1.5
2016,47,Jake Layman,2019.0,3.0,3.1
2016,50,Georges Niang,2019.0,3.0,1.3
2016,56,Daniel Hamilton,2019.0,3.0,-0.1
2018,29,Džanan Musa,2019.0,1.0,-0.1
2018,30,Omari Spellman,2019.0,1.0,1.2
2018,21,Grayson Allen,2019.0,1.0,0.0
2018,22,Chandler Hutchison,2019.0,1.0,0.6
2018,43,Justin Jackson,2019.0,1.0,2.9
2016,9,Jakob Poeltl,2019.0,3.0,5.1
2016,10,Thon Maker,2019.0,3.0,2.0
2016,11,Domantas Sabonis,2019.0,3.0,7.6
2016,12,Taurean Prince,2019.0,3.0,1.5
2015,1,Karl-Anthony Towns,2019.0,4.0,10.4
2015,2,D'Angelo Russell,2019.0,4.0,5.0
2018,54,Shake Milton,2019.0,1.0,0.3
2018,56,Ray Spalding,2019.0,1.0,0.2
2018,45,Hamidou Diallo,2019.0,1.0,0.8
2018,13,Jerome Robinson,2019.0,1.0,0.1
2018,15,Troy Brown Jr.,2019.0,1.0,0.6
2018,24,Anfernee Simons,2019.0,1.0,0.1
2018,17,Donte DiVincenzo,2019.0,1.0,0.6
2018,18,Lonnie Walker IV,2019.0,1.0,0.0
2018,19,Kevin Huerter,2019.0,1.0,1.5
2017,6,Jonathan Isaac,2019.0,2.0,4.0
2016,58,Abdel Nader,2019.0,3.0,0.9
2016,60,Tyrone Wallace,2019.0,3.0,-0.3
2017,1,Markelle Fultz,2019.0,2.0,0.3
2017,2,Lonzo Ball,2019.0,2.0,1.6
2018,5,Trae Young,2019.0,1.0,3.3
2018,6,Mo Bamba,2019.0,1.0,1.7
2018,16,Zhaire Smith,2019.0,1.0,0.1
2018,8,Collin Sexton,2019.0,1.0,-0.6
2018,9,Kevin Knox,2019.0,1.0,-1.3
2018,10,Mikal Bridges,2019.0,1.0,2.9
2017,3,Jayson Tatum,2019.0,2.0,5.0
2017,4,Josh Jackson,2019.0,2.0,-1.7
2017,5,De'Aaron Fox,2019.0,2.0,5.6
2018,20,Josh Okogie,2019.0,1.0,1.2
2018,12,Miles Bridges,2019.0,1.0,2.9
2018,46,De'Anthony Melton,2019.0,1.0,0.0
2018,47,Svi Mykhailiuk,2019.0,1.0,-0.1
2015,3,Jahlil Okafor,2019.0,4.0,2.2
2016,5,Kris Dunn,2019.0,3.0,0.6
2016,6,Buddy Hield,2019.0,3.0,5.9
2016,7,Jamal Murray,2019.0,3.0,5.1
2016,8,Marquese Chriss,2019.0,3.0,-0.2
2018,49,Chimezie Metu,2019.0,1.0,-0.3
2018,50,Alize Johnson,2019.0,1.0,0.0
2018,7,Wendell Carter Jr.,2019.0,1.0,1.9
2017,59,Jaron Blossomgame,2019.0,2.0,0.3
2018,1,Deandre Ayton,2019.0,1.0,5.8
2018,2,Marvin Bagley III,2019.0,1.0,3.6
2017,15,Justin Jackson,2019.0,2.0,2.9
2017,7,Lauri Markkanen,2019.0,2.0,2.7
2017,8,Frank Ntilikina,2019.0,2.0,-0.8
2017,9,Dennis Smith Jr.,2019.0,2.0,0.0
2017,10,Zach Collins,2019.0,2.0,2.9
2018,11,Shai Gilgeous-Alexander,2019.0,1.0,3.3
2018,4,Jaren Jackson Jr.,2019.0,1.0,3.3
2017,47,Ike Anigbogu,2019.0,2.0,-0.1
2018,3,Luka Dončić,2019.0,1.0,4.9
2017,48,Sindarius Thornwell,2019.0,2.0,0.0
2017,51,Monte Morris,2019.0,2.0,6.2
2017,52,Edmond Sumner,2019.0,2.0,0.1
2017,53,Kadeem Allen,2019.0,2.0,1.0
2017,18,T.J. Leaf,2019.0,2.0,1.6
2017,19,John Collins,2019.0,2.0,6.0
2017,11,Malik Monk,2019.0,2.0,0.3
2017,12,Luke Kennard,2019.0,2.0,2.5
2017,13,Donovan Mitchell,2019.0,2.0,5.0
2017,14,Bam Adebayo,2019.0,2.0,6.8
2018,52,Vince Edwards,2019.0,1.0,0.0
2018,58,Thomas Welsh,2019.0,1.0,0.1
2018,59,George King,2019.0,1.0,0.0
2018,60,Kostas Antetokounmpo,2019.0,1.0,-0.1
2015,5,Mario Hezonja,2019.0,4.0,-0.1
2015,6,Willie Cauley-Stein,2019.0,4.0,6.7
2015,7,Emmanuel Mudiay,2019.0,4.0,0.8
2015,8,Stanley Johnson,2019.0,4.0,0.5
2016,1,Ben Simmons,2019.0,3.0,8.2
2016,2,Brandon Ingram,2019.0,3.0,2.0
2016,3,Jaylen Brown,2019.0,3.0,3.0
2017,23,OG Anunoby,2019.0,2.0,2.0
2017,16,Justin Patton,2019.0,2.0,0.0
2017,17,D.J. Wilson,2019.0,2.0,1.7
2017,44,Damyean Dotson,2019.0,2.0,1.5
2017,45,Dillon Brooks,2019.0,2.0,0.0
2017,46,Sterling Brown,2019.0,2.0,2.1
2016,4,Dragan Bender,2019.0,3.0,0.5
2015,41,Pat Connaughton,2019.0,4.0,3.9
2015,44,Andrew Harrison,2019.0,4.0,-0.1
2015,46,Norman Powell,2019.0,4.0,2.4
2015,9,Frank Kaminsky,2019.0,4.0,1.8
2015,10,Justise Winslow,2019.0,4.0,2.8
2017,39,Jawun Evans,2019.0,2.0,-0.2
2017,40,Dwayne Bacon,2019.0,2.0,1.2
2017,41,Tyler Dorsey,2019.0,2.0,0.6
2017,42,Thomas Bryant,2019.0,2.0,5.6
2017,28,Tony Bradley,2019.0,2.0,0.1
2017,20,Harry Giles,2019.0,2.0,1.0
2017,21,Terrance Ferguson,2019.0,2.0,2.8
2017,22,Jarrett Allen,2019.0,2.0,7.6
2015,11,Myles Turner,2019.0,4.0,6.3
2015,35,Willy Hernangómez,2019.0,4.0,2.6
2015,37,Richaun Holmes,2019.0,4.0,4.3
2015,40,Josh Richardson,2019.0,4.0,5.6
2015,12,Trey Lyles,2019.0,4.0,1.2
2015,13,Devin Booker,2019.0,4.0,3.5
2015,14,Cameron Payne,2019.0,4.0,0.5
2015,15,Kelly Oubre Jr.,2019.0,4.0,2.2
2017,34,Frank Mason III,2019.0,2.0,0.3
2017,35,Ivan Rabb,2019.0,2.0,2.1
2017,36,Jonah Bolden,2019.0,2.0,1.4
2017,37,Semi Ojeleye,2019.0,2.0,0.7
2017,33,Wes Iwundu,2019.0,2.0,1.9
2017,24,Tyler Lydon,2019.0,2.0,0.2
2017,26,Caleb Swanigan,2019.0,2.0,-0.2
2017,27,Kyle Kuzma,2019.0,2.0,3.1
2015,30,Kevon Looney,2019.0,4.0,6.0
2015,31,Cedi Osman,2019.0,4.0,1.5
2015,32,Montrezl Harrell,2019.0,4.0,8.7
2015,16,Terry Rozier,2019.0,4.0,3.2
2015,18,Sam Dekker,2019.0,4.0,1.0
2015,19,Jerian Grant,2019.0,4.0,1.7
2015,20,Delon Wright,2019.0,4.0,4.3
2016,4,Dragan Bender,2020.0,4.0,0.3
2016,3,Jaylen Brown,2020.0,4.0,4.9
2016,2,Brandon Ingram,2020.0,4.0,5.1
2016,1,Ben Simmons,2020.0,4.0,6.9
2017,31,Frank Jackson,2020.0,3.0,0.2
2017,43,Isaiah Hartenstein,2020.0,3.0,1.1
2017,34,Frank Mason III,2020.0,3.0,0.4
2017,36,Jonah Bolden,2020.0,3.0,0.0
2017,37,Semi Ojeleye,2020.0,3.0,1.9
2017,33,Wes Iwundu,2020.0,3.0,1.7
2017,25,Anžejs Pasečņiks,2020.0,3.0,0.5
2017,26,Caleb Swanigan,2020.0,3.0,0.0
2019,17,Nickeil Alexander-Walker,2020.0,1.0,-0.2
2019,18,Goga Bitadze,2020.0,1.0,0.7
2019,27,Mfiondu Kabengele,2020.0,1.0,0.2
2019,29,Keldon Johnson,2020.0,1.0,1.1
2019,30,Kevin Porter Jr.,2020.0,1.0,0.3
2019,42,Admiral Schofield,2020.0,1.0,0.1
2019,32,KZ Okpala,2020.0,1.0,0.1
2019,20,Matisse Thybulle,2020.0,1.0,2.3
2017,27,Kyle Kuzma,2020.0,3.0,2.0
2017,48,Sindarius Thornwell,2020.0,3.0,0.1
2017,40,Dwayne Bacon,2020.0,3.0,-0.8
2017,42,Thomas Bryant,2020.0,3.0,3.9
2017,28,Tony Bradley,2020.0,3.0,3.3
2017,29,Derrick White,2020.0,3.0,4.2
2017,20,Harry Giles,2020.0,3.0,1.6
2017,21,Terrance Ferguson,2020.0,3.0,0.6
2019,13,Tyler Herro,2020.0,1.0,1.6
2019,23,Darius Bazley,2020.0,1.0,1.0
2019,15,Sekou Doumbouya,2020.0,1.0,-0.3
2019,33,Carsen Edwards,2020.0,1.0,0.1
2019,34,Bruno Fernando,2020.0,1.0,0.8
2019,46,Talen Horton-Tucker,2020.0,1.0,0.1
2019,9,Rui Hachimura,2020.0,1.0,1.8
2019,19,Luka Šamanić,2020.0,1.0,0.0
2019,38,Daniel Gafford,2020.0,1.0,1.9
2019,39,Alen Smailagić,2020.0,1.0,0.2
2019,40,Justin James,2020.0,1.0,0.1
2019,41,Eric Paschall,2020.0,1.0,2.1
2019,51,Tremont Waters,2020.0,1.0,-0.3
2019,11,Cameron Johnson,2020.0,1.0,2.7
2019,12,P.J. Washington,2020.0,1.0,2.0
2017,22,Jarrett Allen,2020.0,3.0,8.2
2017,23,OG Anunoby,2020.0,3.0,5.7
2017,16,Justin Patton,2020.0,3.0,0.0
2017,17,D.J. Wilson,2020.0,3.0,0.3
2017,18,T.J. Leaf,2020.0,3.0,0.3
2017,53,Kadeem Allen,2020.0,3.0,0.1
2017,55,Nigel Williams-Goss,2020.0,3.0,0.0
2017,44,Damyean Dotson,2020.0,3.0,0.9
2017,45,Dillon Brooks,2020.0,3.0,1.2
2017,46,Sterling Brown,2020.0,3.0,1.1
2018,3,Luka Dončić,2020.0,2.0,8.8
2017,49,Vlatko Čančar,2020.0,3.0,0.1
2017,51,Monte Morris,2020.0,3.0,3.8
2017,52,Edmond Sumner,2020.0,3.0,0.4
2017,19,John Collins,2020.0,3.0,4.9
2017,12,Luke Kennard,2020.0,3.0,1.9
2017,13,Donovan Mitchell,2020.0,3.0,5.4
2017,14,Bam Adebayo,2020.0,3.0,8.5
2019,59,Dewan Hernandez,2020.0,1.0,0.0
2019,47,Ignas Brazdeikis,2020.0,1.0,-0.1
2019,3,RJ Barrett,2020.0,1.0,-0.5
2019,4,De'Andre Hunter,2020.0,1.0,0.1
2019,5,Darius Garland,2020.0,1.0,-1.3
2019,14,Romeo Langford,2020.0,1.0,0.2
2019,7,Coby White,2020.0,1.0,0.9
2019,8,Jaxson Hayes,2020.0,1.0,3.9
2018,7,Wendell Carter Jr.,2020.0,2.0,3.3
2018,8,Collin Sexton,2020.0,2.0,2.5
2018,1,Deandre Ayton,2020.0,2.0,3.1
2018,2,Marvin Bagley III,2020.0,2.0,0.4
2017,15,Justin Jackson,2020.0,3.0,1.2
2017,8,Frank Ntilikina,2020.0,3.0,0.9
2017,9,Dennis Smith Jr.,2020.0,3.0,-0.9
2017,10,Zach Collins,2020.0,3.0,0.3
2018,11,Shai Gilgeous-Alexander,2020.0,2.0,6.1
2018,57,Kevin Hervey,2020.0,2.0,-0.1
2018,60,Kostas Antetokounmpo,2020.0,2.0,0.1
2019,1,Zion Williamson,2020.0,1.0,2.0
2019,10,Cam Reddish,2020.0,1.0,-0.4
2019,43,Jaylen Nowell,2020.0,1.0,0.2
2019,44,Bol Bol,2020.0,1.0,0.1
2019,45,Isaiah Roby,2020.0,1.0,0.0
2018,4,Jaren Jackson Jr.,2020.0,2.0,3.5
2018,5,Trae Young,2020.0,2.0,5.9
2018,6,Mo Bamba,2020.0,2.0,2.5
2018,16,Zhaire Smith,2020.0,2.0,-0.1
2018,9,Kevin Knox,2020.0,2.0,0.2
2016,8,Marquese Chriss,2020.0,4.0,3.4
2019,2,Ja Morant,2020.0,1.0,3.8
2018,49,Chimezie Metu,2020.0,2.0,0.3
2018,50,Alize Johnson,2020.0,2.0,0.3
2018,53,Devon Hall,2020.0,2.0,-0.2
2018,54,Shake Milton,2020.0,2.0,2.1
2019,6,Jarrett Culver,2020.0,1.0,-0.1
2019,48,Terance Mann,2020.0,1.0,0.8
2019,49,Quinndary Weatherspoon,2020.0,1.0,-0.1
2019,50,Jarrell Brantley,2020.0,1.0,0.0
2018,10,Mikal Bridges,2020.0,2.0,4.8
2017,11,Malik Monk,2020.0,3.0,0.7
2017,4,Josh Jackson,2020.0,3.0,0.5
2017,5,De'Aaron Fox,2020.0,3.0,4.0
2019,57,Jordan Bone,2020.0,1.0,-0.1
2019,58,Miye Oni,2020.0,1.0,0.1
2016,11,Domantas Sabonis,2020.0,4.0,7.5
2016,12,Taurean Prince,2020.0,4.0,0.6
2018,45,Hamidou Diallo,2020.0,2.0,0.4
2018,46,De'Anthony Melton,2020.0,2.0,1.7
2018,47,Svi Mykhailiuk,2020.0,2.0,1.6
2018,48,Keita Bates-Diop,2020.0,2.0,1.2
2016,5,Kris Dunn,2020.0,4.0,2.3
2016,6,Buddy Hield,2020.0,4.0,3.0
2016,7,Jamal Murray,2020.0,4.0,4.3
2018,40,Rodions Kurucs,2020.0,2.0,0.8
2018,41,Jarred Vanderbilt,2020.0,2.0,0.0
2018,42,Bruce Brown,2020.0,2.0,2.1
2016,9,Jakob Poeltl,2020.0,4.0,4.0
2016,10,Thon Maker,2020.0,4.0,1.5
2019,52,Jalen McDaniels,2020.0,1.0,0.5
2019,53,Justin Wright-Foreman,2020.0,1.0,0.0
2019,54,Marial Shayok,2020.0,1.0,-0.1
2019,55,Kyle Guy,2020.0,1.0,0.0
2017,6,Jonathan Isaac,2020.0,3.0,2.5
2018,20,Josh Okogie,2020.0,2.0,2.2
2018,12,Miles Bridges,2020.0,2.0,1.6
2018,13,Jerome Robinson,2020.0,2.0,0.2
2018,14,Michael Porter Jr.,2020.0,2.0,2.9
2018,15,Troy Brown Jr.,2020.0,2.0,2.4
2018,43,Justin Jackson,2020.0,2.0,1.2
2018,35,Melvin Frazier,2020.0,2.0,0.2
2018,36,Mitchell Robinson,2020.0,2.0,6.8
2018,37,Gary Trent Jr.,2020.0,2.0,2.5
2018,38,Khyri Thomas,2020.0,2.0,0.0
2016,18,Henry Ellenson,2020.0,4.0,-0.1
2016,19,Malik Beasley,2020.0,4.0,1.2
2016,20,Caris LeVert,2020.0,4.0,1.5
2016,21,DeAndre' Bembry,2020.0,4.0,0.2
2016,14,Denzel Valentine,2020.0,4.0,0.5
2016,15,Juancho Hernangómez,2020.0,4.0,0.9
2018,17,Donte DiVincenzo,2020.0,2.0,4.3
2018,18,Lonnie Walker IV,2020.0,2.0,0.3
2018,19,Kevin Huerter,2020.0,2.0,1.6
2017,7,Lauri Markkanen,2020.0,3.0,2.6
2016,58,Abdel Nader,2020.0,4.0,1.3
2016,60,Tyrone Wallace,2020.0,4.0,-0.2
2017,1,Markelle Fultz,2020.0,3.0,2.7
2017,2,Lonzo Ball,2020.0,3.0,2.4
2017,3,Jayson Tatum,2020.0,3.0,6.9
2016,50,Georges Niang,2020.0,4.0,1.8
2018,29,Džanan Musa,2020.0,2.0,0.2
2018,30,Omari Spellman,2020.0,2.0,1.2
2018,21,Grayson Allen,2020.0,2.0,1.2
2018,22,Chandler Hutchison,2020.0,2.0,0.7
2018,23,Aaron Holiday,2020.0,2.0,2.1
2018,24,Anfernee Simons,2020.0,2.0,0.2
2016,38,Patrick McCaw,2020.0,4.0,1.4
2016,47,Jake Layman,2020.0,4.0,0.3
2016,32,Ivica Zubac,2020.0,4.0,6.6
2018,39,Isaac Bonga,2020.0,2.0,1.8
2018,31,Elie Okobo,2020.0,2.0,1.0
2018,32,Jevon Carter,2020.0,2.0,1.8
2018,33,Jalen Brunson,2020.0,2.0,2.1
2016,23,Ante Žižić,2020.0,4.0,0.5
2016,24,Timothé Luwawu-Cabarrot,2020.0,4.0,1.7
2016,26,Furkan Korkmaz,2020.0,4.0,2.8
2016,27,Pascal Siakam,2020.0,4.0,5.4
2016,33,Cheick Diallo,2020.0,4.0,1.3
2016,36,Malcolm Brogdon,2020.0,4.0,4.0
2018,34,Devonte' Graham,2020.0,2.0,3.4
2018,25,Moritz Wagner,2020.0,2.0,1.7
2018,26,Landry Shamet,2020.0,2.0,2.6
2018,27,Robert Williams,2020.0,2.0,2.0
2018,28,Jacob Evans,2020.0,2.0,-0.5
2016,28,Skal Labissière,2020.0,4.0,1.4
2016,29,Dejounte Murray,2020.0,4.0,2.6
2016,30,Damian Jones,2020.0,4.0,2.8
2017,38,Jordan Bell,2020.0,3.0,0.4
2017,30,Josh Hart,2020.0,3.0,3.1
2019,21,Brandon Clarke,2020.0,1.0,5.0
2019,22,Grant Williams,2020.0,1.0,1.6
2019,31,Nic Claxton,2020.0,1.0,0.5
2019,24,Ty Jerome,2020.0,1.0,0.0
2019,25,Nassir Little,2020.0,1.0,0.6
2019,36,Cody Martin,2020.0,1.0,1.0
2019,28,Jordan Poole,2020.0,1.0,-1.2
2020,49,Isaiah Joe,2021.0,1.0,0.6
2019,37,Deividas Sirvydis,2021.0,2.0,0.0
2019,27,Mfiondu Kabengele,2021.0,2.0,0.2
2019,26,Dylan Windler,2021.0,2.0,0.5
2019,25,Nassir Little,2021.0,2.0,1.1
2019,24,Ty Jerome,2021.0,2.0,1.3
2019,32,KZ Okpala,2021.0,2.0,0.1
2019,22,Grant Williams,2021.0,2.0,1.1
2019,21,Brandon Clarke,2021.0,2.0,4.2
2020,45,Jordan Nwora,2021.0,1.0,0.4
2020,34,Théo Maledon,2021.0,1.0,-0.8
2020,33,Daniel Oturu,2021.0,1.0,0.3
2020,32,Vernon Carey Jr.,2021.0,1.0,0.2
2020,31,Tyrell Terry,2021.0,1.0,-0.1
2020,53,Cassius Winston,2021.0,1.0,0.1
2020,39,Elijah Hughes,2021.0,1.0,0.0
2020,38,Saben Lee,2021.0,1.0,1.5
2020,36,Tyler Bey,2021.0,1.0,0.0
2017,31,Frank Jackson,2021.0,4.0,1.2
2017,30,Josh Hart,2021.0,4.0,2.7
2017,29,Derrick White,2021.0,4.0,1.9
2017,38,Jordan Bell,2021.0,4.0,0.0
2020,50,Skylar Mays,2021.0,1.0,0.8
2020,17,Aleksej Pokusevski,2021.0,1.0,-1.9
2020,8,Obi Toppin,2021.0,1.0,1.5
2020,7,Killian Hayes,2021.0,1.0,-1.1
2020,6,Onyeka Okongwu,2021.0,1.0,1.9
2018,27,Robert Williams,2021.0,3.0,5.3
2018,26,Landry Shamet,2021.0,3.0,1.8
2020,13,Kira Lewis Jr.,2021.0,1.0,0.9
2020,4,Patrick Williams,2021.0,1.0,2.5
2020,3,LaMelo Ball,2021.0,1.0,2.8
2020,2,James Wiseman,2021.0,1.0,0.7
2018,34,Devonte' Graham,2021.0,3.0,3.4
2018,33,Jalen Brunson,2021.0,3.0,5.1
2018,32,Jevon Carter,2021.0,3.0,1.6
2018,39,Isaac Bonga,2021.0,3.0,0.0
2020,21,Tyrese Maxey,2021.0,1.0,1.9
2020,12,Tyrese Haliburton,2021.0,1.0,3.5
2020,11,Devin Vassell,2021.0,1.0,1.5
2020,10,Jalen Smith,2021.0,1.0,0.1
2018,23,Aaron Holiday,2021.0,3.0,0.2
2018,22,Chandler Hutchison,2021.0,3.0,-0.1
2017,2,Lonzo Ball,2021.0,4.0,3.2
2017,1,Markelle Fultz,2021.0,4.0,-0.1
2017,7,Lauri Markkanen,2021.0,4.0,3.0
2018,20,Josh Okogie,2021.0,3.0,1.3
2018,19,Kevin Huerter,2021.0,3.0,3.6
2018,18,Lonnie Walker IV,2021.0,3.0,0.4
2020,26,Payton Pritchard,2021.0,1.0,2.5
2018,38,Khyri Thomas,2021.0,3.0,0.5
2018,37,Gary Trent Jr.,2021.0,3.0,1.7
2018,36,Mitchell Robinson,2021.0,3.0,3.4
2018,45,Hamidou Diallo,2021.0,3.0,1.6
2018,43,Justin Jackson,2021.0,3.0,0.2
2020,25,Immanuel Quickley,2021.0,1.0,3.2
2020,16,Isaiah Stewart,2021.0,1.0,4.0
2020,15,Cole Anthony,2021.0,1.0,0.0
2020,14,Aaron Nesmith,2021.0,1.0,1.1
2018,25,Moritz Wagner,2021.0,3.0,1.2
2018,24,Anfernee Simons,2021.0,3.0,1.8
2018,15,Troy Brown Jr.,2021.0,3.0,0.5
2018,14,Michael Porter Jr.,2021.0,3.0,6.9
2018,13,Jerome Robinson,2021.0,3.0,-0.4
2018,21,Grayson Allen,2021.0,3.0,2.7
2019,57,Jordan Bone,2021.0,2.0,0.2
2019,55,Kyle Guy,2021.0,2.0,-0.1
2018,42,Bruce Brown,2021.0,3.0,4.4
2018,41,Jarred Vanderbilt,2021.0,3.0,3.1
2018,40,Rodions Kurucs,2021.0,3.0,-0.1
2018,49,Chimezie Metu,2021.0,3.0,0.6
2018,48,Keita Bates-Diop,2021.0,3.0,0.3
2018,47,Svi Mykhailiuk,2021.0,3.0,0.3
2018,46,De'Anthony Melton,2021.0,3.0,2.2
2018,56,Ray Spalding,2021.0,3.0,-0.1
2020,9,Deni Avdija,2021.0,1.0,1.2
2019,58,Miye Oni,2021.0,2.0,0.9
2020,29,Malachi Flynn,2021.0,1.0,0.8
2020,20,Precious Achiuwa,2021.0,1.0,1.3
2020,19,Saddiq Bey,2021.0,1.0,3.3
2020,18,Josh Green,2021.0,1.0,0.5
2020,24,R.J. Hampton,2021.0,1.0,0.4
2020,22,Zeke Nnaji,2021.0,1.0,0.9
2017,5,De'Aaron Fox,2021.0,4.0,4.2
2017,4,Josh Jackson,2021.0,4.0,0.1
2017,3,Jayson Tatum,2021.0,4.0,6.5
2017,11,Malik Monk,2021.0,4.0,1.0
2018,11,Shai Gilgeous-Alexander,2021.0,3.0,3.5
2018,10,Mikal Bridges,2021.0,3.0,8.0
2019,50,Jarrell Brantley,2021.0,2.0,0.5
2019,49,Quinndary Weatherspoon,2021.0,2.0,0.1
2019,48,Terance Mann,2021.0,2.0,3.7
2019,6,Jarrett Culver,2021.0,2.0,-0.1
2018,54,Shake Milton,2021.0,3.0,2.8
2018,50,Alize Johnson,2021.0,3.0,0.9
2018,9,Kevin Knox,2021.0,3.0,0.6
2018,8,Collin Sexton,2021.0,3.0,3.5
2020,30,Desmond Bane,2021.0,1.0,2.9
2020,41,Tre Jones,2021.0,1.0,0.4
2020,40,Robert Woodard II,2021.0,1.0,0.0
2020,28,Jaden McDaniels,2021.0,1.0,1.4
2020,27,Udoka Azubuike,2021.0,1.0,0.1
2018,17,Donte DiVincenzo,2021.0,3.0,3.6
2018,7,Wendell Carter Jr.,2021.0,3.0,3.4
2018,6,Mo Bamba,2021.0,3.0,1.8
2018,5,Trae Young,2021.0,3.0,7.2
2019,45,Isaiah Roby,2021.0,2.0,1.3
2019,44,Bol Bol,2021.0,2.0,0.0
2019,3,RJ Barrett,2021.0,2.0,4.1
2019,11,Cameron Johnson,2021.0,2.0,2.6
2019,10,Cam Reddish,2021.0,2.0,0.4
2019,2,Ja Morant,2021.0,2.0,3.2
2019,1,Zion Williamson,2021.0,2.0,8.7
2018,60,Kostas Antetokounmpo,2021.0,3.0,-0.2
2020,5,Isaac Okoro,2021.0,1.0,0.9
2018,12,Miles Bridges,2021.0,3.0,4.2
2017,9,Dennis Smith Jr.,2021.0,4.0,0.6
2017,8,Frank Ntilikina,2021.0,4.0,0.5
2017,15,Justin Jackson,2021.0,4.0,0.2
2018,3,Luka Dončić,2021.0,3.0,7.7
2018,2,Marvin Bagley III,2021.0,3.0,1.4
2018,1,Deandre Ayton,2021.0,3.0,8.4
2019,8,Jaxson Hayes,2021.0,2.0,3.5
2019,7,Coby White,2021.0,2.0,2.4
2019,15,Sekou Doumbouya,2021.0,2.0,-0.2
2019,14,Romeo Langford,2021.0,2.0,0.0
2019,5,Darius Garland,2021.0,2.0,1.2
2019,4,De'Andre Hunter,2021.0,2.0,1.7
2020,1,Anthony Edwards,2021.0,1.0,0.8
2019,46,Talen Horton-Tucker,2021.0,2.0,2.1
2017,14,Bam Adebayo,2021.0,4.0,8.8
2017,13,Donovan Mitchell,2021.0,4.0,6.2
2017,12,Luke Kennard,2021.0,4.0,2.7
2017,19,John Collins,2021.0,4.0,6.7
2017,52,Edmond Sumner,2021.0,4.0,1.4
2017,51,Monte Morris,2021.0,4.0,2.9
2017,49,Vlatko Čančar,2021.0,4.0,0.3
2018,4,Jaren Jackson Jr.,2021.0,3.0,0.7
2017,46,Sterling Brown,2021.0,4.0,1.8
2017,45,Dillon Brooks,2021.0,4.0,1.4
2017,18,T.J. Leaf,2021.0,4.0,0.0
2017,17,D.J. Wilson,2021.0,4.0,0.3
2017,16,Justin Patton,2021.0,4.0,0.4
2017,23,OG Anunoby,2021.0,4.0,3.1
2019,52,Jalen McDaniels,2021.0,2.0,1.2
2019,51,Tremont Waters,2021.0,2.0,0.4
2019,41,Eric Paschall,2021.0,2.0,0.9
2019,40,Justin James,2021.0,2.0,0.1
2019,39,Alen Smailagić,2021.0,2.0,0.0
2019,19,Luka Šamanić,2021.0,2.0,0.1
2019,9,Rui Hachimura,2021.0,2.0,2.1
2019,16,Chuma Okeke,2021.0,2.0,1.3
2019,38,Daniel Gafford,2021.0,2.0,3.5
2019,47,Ignas Brazdeikis,2021.0,2.0,0.1
2019,36,Cody Martin,2021.0,2.0,1.1
2019,35,Didi Louzada,2021.0,2.0,-0.1
2019,34,Bruno Fernando,2021.0,2.0,-0.1
2019,33,Carsen Edwards,2021.0,2.0,0.3
2019,23,Darius Bazley,2021.0,2.0,-0.9
2019,13,Tyler Herro,2021.0,2.0,1.7
2019,12,P.J. Washington,2021.0,2.0,2.7
2017,22,Jarrett Allen,2021.0,4.0,6.4
2017,21,Terrance Ferguson,2021.0,4.0,-0.2
2017,20,Harry Giles,2021.0,4.0,0.5
2017,42,Thomas Bryant,2021.0,4.0,1.0
2017,40,Dwayne Bacon,2021.0,4.0,0.5
2017,48,Sindarius Thornwell,2021.0,4.0,0.0
2017,28,Tony Bradley,2021.0,4.0,2.7
2017,27,Kyle Kuzma,2021.0,4.0,3.3
2019,20,Matisse Thybulle,2021.0,2.0,2.8
2019,43,Jaylen Nowell,2021.0,2.0,0.7
2019,31,Nic Claxton,2021.0,2.0,1.9
2019,30,Kevin Porter Jr.,2021.0,2.0,0.0
2019,29,Keldon Johnson,2021.0,2.0,3.3
2019,28,Jordan Poole,2021.0,2.0,1.9
2019,18,Goga Bitadze,2021.0,2.0,1.5
2019,17,Nickeil Alexander-Walker,2021.0,2.0,0.7
2017,25,Anžejs Pasečņiks,2021.0,4.0,-0.1
2017,33,Wes Iwundu,2021.0,4.0,0.0
2017,37,Semi Ojeleye,2021.0,4.0,1.2
2017,34,Frank Mason III,2021.0,4.0,0.0
2017,44,Damyean Dotson,2021.0,4.0,0.0
2017,43,Isaiah Hartenstein,2021.0,4.0,1.6
2020,35,Xavier Tillman Sr.,2021.0,1.0,2.9
2020,46,CJ Elleby,2021.0,1.0,0.1
2020,52,KJ Martin,2021.0,1.0,2.2
2020,54,Cassius Stanley,2021.0,1.0,-0.1
2020,55,Jay Scrubb,2021.0,1.0,-0.1
2020,56,Grant Riller,2021.0,1.0,0.1
2020,42,Nick Richards,2021.0,1.0,0.0
2020,43,Jahmi'us Ramsey,2021.0,1.0,0.0
2020,60,Sam Merrill,2021.0,1.0,0.5
2020,59,Jalen Harris,2021.0,1.0,0.3
2020,58,Paul Reed,2021.0,1.0,0.6
2020,57,Reggie Perry,2021.0,1.0,0.2
2020,48,Nico Mannion,2021.0,1.0,0.2
2020,57,Reggie Perry,2022.0,2.0,0.2
2020,49,Isaiah Joe,2022.0,2.0,0.4
2019,37,Deividas Sirvydis,2022.0,3.0,-0.1
2019,36,Cody Martin,2022.0,3.0,3.9
2019,26,Dylan Windler,2022.0,3.0,0.8
2019,32,KZ Okpala,2022.0,3.0,0.5
2019,24,Ty Jerome,2022.0,3.0,0.5
2019,25,Nassir Little,2022.0,3.0,1.7
2019,22,Grant Williams,2022.0,3.0,5.1
2020,46,CJ Elleby,2022.0,2.0,0.4
2018,4,Jaren Jackson Jr.,2022.0,4.0,5.4
2018,8,Collin Sexton,2022.0,4.0,-0.1
2018,1,Deandre Ayton,2022.0,4.0,7.3
2018,2,Marvin Bagley III,2022.0,4.0,2.0
2018,3,Luka Dončić,2022.0,4.0,7.6
2018,12,Miles Bridges,2022.0,4.0,7.2
2020,33,Daniel Oturu,2022.0,2.0,0.1
2020,32,Vernon Carey Jr.,2022.0,2.0,0.1
2019,21,Brandon Clarke,2022.0,3.0,6.3
2020,31,Tyrell Terry,2022.0,2.0,0.0
2020,45,Jordan Nwora,2022.0,2.0,0.6
2019,12,P.J. Washington,2022.0,3.0,3.4
2019,14,Romeo Langford,2022.0,3.0,1.3
2019,17,Nickeil Alexander-Walker,2022.0,3.0,0.1
2019,28,Jordan Poole,2022.0,3.0,6.0
2019,18,Goga Bitadze,2022.0,3.0,1.9
2019,16,Chuma Okeke,2022.0,3.0,2.2
2019,20,Matisse Thybulle,2022.0,3.0,3.7
2019,29,Keldon Johnson,2022.0,3.0,4.9
2019,30,Kevin Porter Jr.,2022.0,3.0,0.8
2019,31,Nic Claxton,2022.0,3.0,3.5
2019,42,Admiral Schofield,2022.0,3.0,0.3
2019,43,Jaylen Nowell,2022.0,3.0,2.8
2019,13,Tyler Herro,2022.0,3.0,3.8
2019,23,Darius Bazley,2022.0,3.0,1.8
2019,33,Carsen Edwards,2022.0,3.0,-0.1
2019,34,Bruno Fernando,2022.0,3.0,0.4
2019,35,Didi Louzada,2022.0,3.0,0.0
2019,46,Talen Horton-Tucker,2022.0,3.0,1.1
2019,47,Ignas Brazdeikis,2022.0,3.0,0.5
2019,2,Ja Morant,2022.0,3.0,6.7
2019,3,RJ Barrett,2022.0,3.0,2.3
2018,49,Chimezie Metu,2022.0,4.0,1.5
2020,9,Deni Avdija,2022.0,2.0,2.4
2018,55,Arnoldas Kulboka,2022.0,4.0,0.0
2018,45,Hamidou Diallo,2022.0,4.0,2.1
2018,46,De'Anthony Melton,2022.0,4.0,3.7
2018,47,Svi Mykhailiuk,2022.0,4.0,0.8
2018,36,Mitchell Robinson,2022.0,4.0,8.5
2018,41,Jarred Vanderbilt,2022.0,4.0,6.0
2019,4,De'Andre Hunter,2022.0,3.0,1.1
2019,5,Darius Garland,2022.0,3.0,6.3
2019,44,Bol Bol,2022.0,3.0,0.1
2018,59,George King,2022.0,4.0,-0.1
2019,45,Isaiah Roby,2022.0,3.0,2.9
2020,1,Anthony Edwards,2022.0,2.0,4.3
2019,6,Jarrett Culver,2022.0,3.0,0.1
2019,9,Rui Hachimura,2022.0,3.0,1.4
2019,15,Sekou Doumbouya,2022.0,3.0,0.1
2019,8,Jaxson Hayes,2022.0,3.0,5.1
2019,10,Cam Reddish,2022.0,3.0,1.0
2019,11,Cameron Johnson,2022.0,3.0,5.6
2019,38,Daniel Gafford,2022.0,3.0,6.0
2019,41,Eric Paschall,2022.0,3.0,2.0
2018,43,Justin Jackson,2022.0,4.0,0.0
2019,58,Miye Oni,2022.0,3.0,0.0
2018,48,Keita Bates-Diop,2022.0,4.0,1.6
2018,37,Gary Trent Jr.,2022.0,4.0,5.6
2020,13,Kira Lewis Jr.,2022.0,2.0,-0.1
2018,42,Bruce Brown,2022.0,4.0,4.8
2019,55,Kyle Guy,2022.0,3.0,0.1
2019,7,Coby White,2022.0,3.0,2.4
2019,48,Terance Mann,2022.0,3.0,5.5
2018,54,Shake Milton,2022.0,4.0,1.7
2018,50,Alize Johnson,2022.0,4.0,0.1
2019,49,Quinndary Weatherspoon,2022.0,3.0,0.2
2019,51,Tremont Waters,2022.0,3.0,0.0
2020,5,Isaac Okoro,2022.0,2.0,4.2
2019,52,Jalen McDaniels,2022.0,3.0,1.7
2020,44,Marko Simonovic,2022.0,2.0,0.0
2020,40,Robert Woodard II,2022.0,2.0,-0.1
2020,39,Elijah Hughes,2022.0,2.0,-0.4
2020,54,Cassius Stanley,2022.0,2.0,0.1
2020,50,Skylar Mays,2022.0,2.0,0.3
2020,60,Sam Merrill,2022.0,2.0,0.0
2020,58,Paul Reed,2022.0,2.0,1.3
2020,14,Aaron Nesmith,2022.0,2.0,0.4
2020,18,Josh Green,2022.0,2.0,2.4
2020,25,Immanuel Quickley,2022.0,2.0,4.2
2020,16,Isaiah Stewart,2022.0,2.0,3.4
2018,15,Troy Brown Jr.,2022.0,4.0,1.4
2018,25,Moritz Wagner,2022.0,4.0,2.8
2020,15,Cole Anthony,2022.0,2.0,1.6
2018,14,Michael Porter Jr.,2022.0,4.0,-0.2
2018,21,Grayson Allen,2022.0,4.0,4.2
2020,30,Desmond Bane,2022.0,2.0,7.2
2020,29,Malachi Flynn,2022.0,2.0,1.0
2020,28,Jaden McDaniels,2022.0,2.0,2.4
2018,17,Donte DiVincenzo,2022.0,4.0,0.7
2020,27,Udoka Azubuike,2022.0,2.0,0.6
2018,7,Wendell Carter Jr.,2022.0,4.0,5.0
2018,23,Aaron Holiday,2022.0,4.0,1.5
2018,5,Trae Young,2022.0,4.0,10.0
2018,6,Mo Bamba,2022.0,4.0,4.5
2018,20,Josh Okogie,2022.0,4.0,0.7
2018,19,Kevin Huerter,2022.0,4.0,2.8
2018,18,Lonnie Walker IV,2022.0,4.0,1.2
2018,22,Chandler Hutchison,2022.0,4.0,0.0
2020,12,Tyrese Haliburton,2022.0,2.0,7.0
2018,9,Kevin Knox,2022.0,4.0,0.2
2018,24,Anfernee Simons,2022.0,4.0,1.9
2020,41,Tre Jones,2022.0,2.0,2.9
2020,7,Killian Hayes,2022.0,2.0,0.5
2020,6,Onyeka Okongwu,2022.0,2.0,4.2
2018,27,Robert Williams,2022.0,4.0,9.9
2018,26,Landry Shamet,2022.0,4.0,2.6
2018,35,Melvin Frazier,2022.0,4.0,-0.4
2020,21,Tyrese Maxey,2022.0,2.0,7.3
2020,11,Devin Vassell,2022.0,2.0,3.3
2020,8,Obi Toppin,2022.0,2.0,3.9
2018,32,Jevon Carter,2022.0,4.0,1.2
2018,39,Isaac Bonga,2022.0,4.0,0.1
2020,10,Jalen Smith,2022.0,2.0,2.8
2020,17,Aleksej Pokusevski,2022.0,2.0,0.4
2020,3,LaMelo Ball,2022.0,2.0,5.8
2018,34,Devonte' Graham,2022.0,4.0,2.8
2018,33,Jalen Brunson,2022.0,4.0,7.5
2020,4,Patrick Williams,2022.0,2.0,0.9
2020,37,Vít Krejčí,2022.0,2.0,0.6
2020,38,Saben Lee,2022.0,2.0,0.9
2020,55,Jay Scrubb,2022.0,2.0,0.0
2020,42,Nick Richards,2022.0,2.0,1.0
2020,53,Cassius Winston,2022.0,2.0,0.0
2020,52,KJ Martin,2022.0,2.0,2.9
2020,23,Leandro Bolmaro,2022.0,2.0,0.0
2018,10,Mikal Bridges,2022.0,4.0,8.9
2020,24,R.J. Hampton,2022.0,2.0,-0.2
2018,11,Shai Gilgeous-Alexander,2022.0,4.0,4.6
2020,22,Zeke Nnaji,2022.0,2.0,1.8
2020,34,Théo Maledon,2022.0,2.0,0.3
2020,26,Payton Pritchard,2022.0,2.0,3.1
2020,35,Xavier Tillman Sr.,2022.0,2.0,1.8
2020,19,Saddiq Bey,2022.0,2.0,4.0
2020,20,Precious Achiuwa,2022.0,2.0,2.5
2020,43,Jahmi'us Ramsey,2022.0,2.0,-0.1
2019,6,Jarrett Culver,2023.0,4.0,0.0
2019,48,Terance Mann,2023.0,4.0,4.3
2019,7,Coby White,2023.0,4.0,3.1
2019,50,Jarrell Brantley,2023.0,4.0,0.1
2020,5,Isaac Okoro,2023.0,3.0,4.2
2019,3,RJ Barrett,2023.0,4.0,2.2
2019,5,Darius Garland,2023.0,4.0,7.6
2019,46,Talen Horton-Tucker,2023.0,4.0,0.8
2020,1,Anthony Edwards,2023.0,3.0,3.8
2019,4,De'Andre Hunter,2023.0,4.0,2.5
2019,45,Isaiah Roby,2023.0,4.0,-0.1
2019,44,Bol Bol,2023.0,4.0,2.3
2019,11,Cameron Johnson,2023.0,4.0,3.5
2019,19,Luka Šamanić,2023.0,4.0,0.2
2019,52,Jalen McDaniels,2023.0,4.0,2.7
2019,43,Jaylen Nowell,2023.0,4.0,1.2
2019,21,Brandon Clarke,2023.0,4.0,4.5
2020,34,Théo Maledon,2023.0,3.0,0.8
2019,28,Jordan Poole,2023.0,4.0,3.2
2019,30,Kevin Porter Jr.,2023.0,4.0,2.9
2019,31,Nic Claxton,2023.0,4.0,9.2
2019,29,Keldon Johnson,2023.0,4.0,1.3
2019,18,Goga Bitadze,2023.0,4.0,1.3
2020,49,Isaiah Joe,2023.0,3.0,3.8
2019,26,Dylan Windler,2023.0,4.0,0.0
2019,27,Mfiondu Kabengele,2023.0,4.0,0.1
2020,32,Vernon Carey Jr.,2023.0,3.0,0.0
2019,25,Nassir Little,2023.0,4.0,0.7
2019,32,KZ Okpala,2023.0,4.0,0.3
2019,23,Darius Bazley,2023.0,4.0,1.0
2019,22,Grant Williams,2023.0,4.0,4.4
2019,16,Chuma Okeke,2023.0,4.0,0.7
2019,8,Jaxson Hayes,2023.0,4.0,1.5
2019,10,Cam Reddish,2023.0,4.0,0.9
2019,9,Rui Hachimura,2023.0,4.0,1.8
2019,38,Daniel Gafford,2023.0,4.0,6.1
2019,42,Admiral Schofield,2023.0,4.0,0.8
2019,20,Matisse Thybulle,2023.0,4.0,2.1
2019,1,Zion Williamson,2023.0,4.0,3.6
2019,2,Ja Morant,2023.0,4.0,6.0
2019,17,Nickeil Alexander-Walker,2023.0,4.0,1.1
2019,36,Cody Martin,2023.0,4.0,0.1
2019,34,Bruno Fernando,2023.0,4.0,0.9
2019,24,Ty Jerome,2023.0,4.0,2.1
2019,14,Romeo Langford,2023.0,4.0,0.5
2019,13,Tyler Herro,2023.0,4.0,3.5
2019,12,P.J. Washington,2023.0,4.0,2.6
2020,6,Onyeka Okongwu,2023.0,3.0,7.1
2020,9,Deni Avdija,2023.0,3.0,2.3
2020,20,Precious Achiuwa,2023.0,3.0,2.2
2020,29,Malachi Flynn,2023.0,3.0,0.5
2020,16,Isaiah Stewart,2023.0,3.0,2.0
2020,26,Payton Pritchard,2023.0,3.0,0.6
2020,30,Desmond Bane,2023.0,3.0,5.8
2020,22,Zeke Nnaji,2023.0,3.0,1.6
2020,41,Tre Jones,2023.0,3.0,3.4
2020,27,Udoka Azubuike,2023.0,3.0,1.0
2020,17,Aleksej Pokusevski,2023.0,3.0,1.0
2020,14,Aaron Nesmith,2023.0,3.0,2.0
2020,21,Tyrese Maxey,2023.0,3.0,5.4
2020,12,Tyrese Haliburton,2023.0,3.0,7.6
2020,11,Devin Vassell,2023.0,3.0,1.2
2020,10,Jalen Smith,2023.0,3.0,2.3
2020,7,Killian Hayes,2023.0,3.0,-0.5
2020,8,Obi Toppin,2023.0,3.0,2.1
2020,13,Kira Lewis Jr.,2023.0,3.0,0.6
2020,2,James Wiseman,2023.0,3.0,1.4
2020,3,LaMelo Ball,2023.0,3.0,1.8
2020,4,Patrick Williams,2023.0,3.0,3.5
2020,15,Cole Anthony,2023.0,3.0,3.7
2020,28,Jaden McDaniels,2023.0,3.0,4.4
2020,24,R.J. Hampton,2023.0,3.0,0.7
2020,25,Immanuel Quickley,2023.0,3.0,6.7
2020,45,Jordan Nwora,2023.0,3.0,1.5
2020,44,Marko Simonovic,2023.0,3.0,0.0
2020,18,Josh Green,2023.0,3.0,2.6
2020,19,Saddiq Bey,2023.0,3.0,3.9
2020,23,Leandro Bolmaro,2023.0,3.0,-0.3
2020,35,Xavier Tillman Sr.,2023.0,3.0,4.2
2020,52,KJ Martin,2023.0,3.0,4.9
2020,50,Skylar Mays,2023.0,3.0,0.7
2020,42,Nick Richards,2023.0,3.0,4.2
2020,55,Jay Scrubb,2023.0,3.0,0.1
2020,37,Vít Krejčí,2023.0,3.0,0.1
2020,38,Saben Lee,2023.0,3.0,0.7
2020,60,Sam Merrill,2023.0,3.0,0.2
2020,58,Paul Reed,2023.0,3.0,2.8
2020,58,Paul Reed,2024.0,4.0,5.1
2020,37,Vít Krejčí,2024.0,4.0,0.6
2020,38,Saben Lee,2024.0,4.0,0.4
2020,50,Skylar Mays,2024.0,4.0,0.4
2020,52,KJ Martin,2024.0,4.0,1.1
2020,42,Nick Richards,2024.0,4.0,5.1
2020,43,Jahmi'us Ramsey,2024.0,4.0,0.1
2020,45,Jordan Nwora,2024.0,4.0,0.5
2020,22,Zeke Nnaji,2024.0,4.0,1.2
2020,24,R.J. Hampton,2024.0,4.0,-0.1
2020,25,Immanuel Quickley,2024.0,4.0,4.7
2020,35,Xavier Tillman Sr.,2024.0,4.0,1.4
2020,18,Josh Green,2024.0,4.0,2.2
2020,19,Saddiq Bey,2024.0,4.0,3.5
2020,20,Precious Achiuwa,2024.0,4.0,3.4
2020,14,Aaron Nesmith,2024.0,4.0,4.1
2020,15,Cole Anthony,2024.0,4.0,3.6
2020,16,Isaiah Stewart,2024.0,4.0,1.7
2020,26,Payton Pritchard,2024.0,4.0,6.1
2020,27,Udoka Azubuike,2024.0,4.0,0.2
2020,28,Jaden McDaniels,2024.0,4.0,3.4
2020,29,Malachi Flynn,2024.0,4.0,0.5
2020,10,Jalen Smith,2024.0,4.0,4.0
2020,11,Devin Vassell,2024.0,4.0,3.6
2020,12,Tyrese Haliburton,2024.0,4.0,9.0
2020,21,Tyrese Maxey,2024.0,4.0,8.1
2020,6,Onyeka Okongwu,2024.0,4.0,4.5
2020,7,Killian Hayes,2024.0,4.0,0.7
2020,8,Obi Toppin,2024.0,4.0,4.8
2020,17,Aleksej Pokusevski,2024.0,4.0,0.4
2020,2,James Wiseman,2024.0,4.0,2.1
2020,3,LaMelo Ball,2024.0,4.0,1.1
2020,4,Patrick Williams,2024.0,4.0,1.2
2020,13,Kira Lewis Jr.,2024.0,4.0,0.0
2020,9,Deni Avdija,2024.0,4.0,3.2
2020,1,Anthony Edwards,2024.0,4.0,7.5
2020,5,Isaac Okoro,2024.0,4.0,4.2
2020,41,Tre Jones,2024.0,4.0,4.9
2020,30,Desmond Bane,2024.0,4.0,3.1
2020,34,Théo Maledon,2024.0,4.0,-0.5
2020,49,Isaiah Joe,2024.0,4.0,3.5
2020,60,Sam Merrill,2024.0,4.0,2.8
