draft_year,pick,player,bbref_id,has_page,has_college_stats,college_season,school,g,mp,pts,trb,ast,fg_pct,fg3_pct,ft_pct
2000,1,Kenyon Martin,martike01,True,True,1999-00,CINCY,31.0,29.3,18.9,9.7,1.4,0.568,0.286,0.684
2000,2,Stromile Swift,swiftst01,True,True,1999-00,LSU,34.0,29.8,16.2,8.2,0.9,0.608,0.28,0.617
2000,3,Darius Miles,milesda01,True,False,,,,,,,,,,
2000,4,Marcus Fizer,fizerma01,True,True,1999-00,IOWAST,37.0,33.6,22.8,7.7,1.1,0.582,0.357,0.732
2000,5,Mike Miller,millemi01,True,True,1999-00,FLORIDA,37.0,28.6,14.1,6.6,2.5,0.476,0.338,0.729
2000,6,DerMarr Johnson,johnsde03,True,True,1999-00,CINCY,32.0,27.5,12.6,3.8,1.4,0.478,0.371,0.737
2000,7,Chris Mihm,mihmch01,True,True,1999-00,TEXAS,33.0,30.7,17.7,10.5,0.7,0.523,0.467,0.707
2000,8,Jamal Crawford,crawfja01,True,True,1999-00,MICHIGAN,17.0,33.9,16.6,2.8,4.5,0.412,0.327,0.784
2000,9,Joel Przybilla,przybjo01,True,True,1999-00,MINNESOTA,21.0,30.4,14.2,8.4,2.4,0.613,,0.495
2000,10,Keyon Dooling,doolike01,True,True,1999-00,MISSOURI,31.0,31.7,15.3,2.7,3.6,0.389,0.347,0.743
2000,11,Jérôme Moïso,moisoje01,True,True,1999-00,UCLA,33.0,29.5,13.0,7.6,1.2,0.501,0.167,0.613
2000,12,Etan Thomas,thomaet01,True,True,1999-00,SYRACUSE,29.0,32.4,13.6,9.3,0.6,0.602,,0.678
2000,13,Courtney Alexander,alexaco02,True,True,1999-00,FRESNOST,27.0,36.1,24.8,4.7,3.5,0.447,0.331,0.781
2000,14,Mateen Cleaves,cleavma01,True,True,1999-00,MICHIGANST,26.0,31.5,12.1,1.8,6.9,0.421,0.376,0.756
2000,15,Jason Collier,collija02,True,True,1999-00,GATECH,30.0,32.5,17.0,9.2,1.6,0.473,0.369,0.735
2000,16,Hedo Türkoğlu,turkohe01,True,False,,,,,,,,,,
2000,17,Desmond Mason,masonde01,True,True,1999-00,OKSTATE,34.0,35.4,18.0,6.6,1.5,0.499,0.43,0.767
2000,18,Quentin Richardson,richaqu01,True,True,1999-00,DEPAUL,33.0,34.8,17.0,9.8,2.2,0.432,0.384,0.706
2000,19,Jamaal Magloire,magloja01,True,True,1999-00,KENTUCKY,33.0,29.6,13.2,9.1,0.5,0.5,,0.685
2000,20,Speedy Claxton,claxtsp01,True,True,1999-00,HOFSTRA,31.0,35.1,22.8,5.4,6.0,0.47,0.381,0.764
2000,21,Morris Peterson,petermo01,True,True,1999-00,MICHIGANST,39.0,29.1,16.8,6.0,1.3,0.465,0.425,0.773
2000,22,Donnell Harvey,harvedo01,True,True,1999-00,FLORIDA,37.0,20.2,10.1,7.0,1.0,0.507,0.0,0.61
2000,23,DeShawn Stevenson,stevede01,True,False,,,,,,,,,,
2000,24,Dalibor Bagarić,bagarda01,True,False,,,,,,,,,,
2000,25,Jake Tsakalidis,tsakaja01,True,False,,,,,,,,,,
2000,26,Mamadou N'Diaye,ndiayma02,True,True,1999-00,AUBURN,34.0,26.6,8.9,7.9,0.5,0.535,,0.665
2000,27,Primož Brezec,brezepr01,True,False,,,,,,,,,,
2000,28,Erick Barkley,barkler01,True,True,1999-00,STJOHNS,28.0,36.9,16.0,3.0,4.5,0.398,0.313,0.664
2000,29,Mark Madsen,madsema01,True,True,1999-00,STANFORD,23.0,27.3,12.2,9.3,1.1,0.587,,0.575
2000,30,Marko Jarić,jaricma01,True,False,,,,,,,,,,
2000,31,Dan Langhi,langhda01,True,True,1999-00,VANDY,30.0,34.4,22.1,6.0,0.8,0.477,0.403,0.871
2000,32,A.J. Guyton,guytoaj01,True,True,1999-00,INDIANA,29.0,34.3,19.7,3.1,2.3,0.459,0.419,0.789
2000,33,Jake Voskuhl,voskuja01,True,True,1999-00,UCONN,34.0,22.9,8.5,6.4,1.1,0.571,,0.683
2000,34,Khalid El-Amin,elamikh01,True,True,1999-00,UCONN,35.0,31.9,16.0,3.1,5.2,0.411,0.356,0.892
2000,35,Mike Smith,smithmi03,True,True,1999-00,ULAMO,28.0,36.1,20.1,9.4,3.4,0.424,0.338,0.801
2000,36,Soumaila Samake,samakso01,True,False,,,,,,,,,,
2000,37,Eddie House,houseed01,True,True,1999-00,ARIZONAST,32.0,37.2,23.0,5.5,3.5,0.422,0.365,0.835
2000,38,Eduardo Nájera,najered01,True,True,1999-00,OKLAHOMA,34.0,34.2,18.4,9.2,2.1,0.455,0.22,0.688
2000,39,Lavor Postell,postela01,True,True,1999-00,STJOHNS,33.0,35.0,14.3,6.9,1.8,0.428,0.294,0.809
2000,40,Hanno Möttölä,mottoha01,True,True,1999-00,UTAH,21.0,27.6,17.0,4.8,1.7,0.498,0.35,0.827
2000,41,Chris Carrawell,carrach01,True,True,1999-00,DUKE,34.0,35.6,16.9,6.1,3.2,0.486,0.377,0.778
2000,42,Olumide Oyedeji,oyedeol01,True,False,,,,,,,,,,
2000,43,Michael Redd,reddmi01,True,True,1999-00,OHIOST,30.0,33.5,17.3,6.5,2.1,0.436,0.315,0.776
2000,44,Brian Cardinal,cardibr01,True,True,1999-00,PURDUE,32.0,29.5,13.9,6.3,2.2,0.411,0.339,0.769
2000,45,Jabari Smith,smithja01,True,True,1999-00,LSU,34.0,28.5,12.5,7.0,2.2,0.553,0.371,0.595
2000,46,DeeAndre Hulett,huletde01,True,False,,,,,,,,,,
2000,47,Josip Sesar,sesarjo01,True,False,,,,,,,,,,
2000,48,Mark Karcher,karchma01,True,True,1999-00,TEMPLE,32.0,31.9,15.8,4.6,2.2,0.378,0.349,0.569
2000,49,Jason Hart,hartja01,True,True,1999-00,SYRACUSE,32.0,33.8,11.9,3.0,6.5,0.411,0.33,0.734
2000,50,Kaniel Dickens,dickeka01,True,True,1999-00,IDAHO,29.0,27.4,12.1,6.6,0.9,0.486,0.382,0.638
2000,51,Igor Rakočević,rakocig01,True,False,,,,,,,,,,
2000,52,Ernest Brown,browner01,True,True,1999-00,INDIANHICC,33.0,,12.0,6.9,0.6,0.609,,0.522
2000,53,Dan McClintock,mcclida01,True,True,1999-00,NARIZONA,31.0,24.3,15.6,6.5,1.2,0.597,,0.682
2000,54,Cory Hightower,hightco01,True,False,,,,,,,,,,
2000,55,Chris Porter,portech01,True,True,1999-00,AUBURN,26.0,29.0,14.6,7.3,1.2,0.464,0.235,0.676
2000,56,Jaquay Walls,wallsja01,True,True,1999-00,COLORADO,32.0,30.8,17.0,3.2,4.5,0.441,0.388,0.754
2000,57,Scoonie Penn,pennsc01,True,True,1999-00,OHIOST,30.0,35.0,15.6,4.4,4.3,0.386,0.313,0.755
2000,58,Pete Mickeal,mickepe01,True,True,1999-00,CINCY,32.0,31.3,13.5,6.3,1.8,0.504,0.35,0.723
2001,1,Kwame Brown,brownkw01,True,False,,,,,,,,,,
2001,2,Tyson Chandler,chandty01,True,False,,,,,,,,,,
2001,3,Pau Gasol,gasolpa01,True,False,,,,,,,,,,
2001,4,Eddy Curry,curryed01,True,False,,,,,,,,,,
2001,5,Jason Richardson,richaja01,True,True,2000-01,MICHIGANST,33.0,28.5,14.7,5.9,2.2,0.503,0.402,0.689
2001,6,Shane Battier,battish01,True,True,2000-01,DUKE,39.0,34.9,19.9,7.3,1.8,0.471,0.419,0.796
2001,7,Eddie Griffin,griffed01,True,True,2000-01,SETONHALL,30.0,32.6,17.8,10.8,1.6,0.429,0.32,0.734
2001,8,DeSagana Diop,diopde01,True,False,,,,,,,,,,
2001,9,Rodney White,whitero02,True,True,2000-01,CHARLOTTE,28.0,30.9,18.7,6.5,1.5,0.487,0.347,0.713
2001,10,Joe Johnson,johnsjo02,True,True,2000-01,ARKANSAS,30.0,29.1,14.2,6.4,2.6,0.468,0.443,0.747
2001,11,Kedrick Brown,brownke01,True,True,2000-01,OKALWALTCC,32.0,,22.9,8.8,3.0,0.528,0.404,0.734
2001,12,Vladimir Radmanović,radmavl01,True,False,,,,,,,,,,
2001,13,Richard Jefferson,jefferi01,True,True,2000-01,ARIZONA,35.0,27.5,11.3,5.4,2.7,0.479,0.344,0.655
2001,14,Troy Murphy,murphtr01,True,True,2000-01,NOTREDAME,30.0,36.3,21.8,9.2,2.1,0.471,0.349,0.766
2001,15,Steven Hunter,huntest01,True,True,2000-01,DEPAUL,30.0,26.9,11.4,5.6,0.5,0.592,,0.536
2001,16,Kirk Haston,hastoki01,True,True,2000-01,INDIANA,33.0,30.8,19.0,8.7,1.2,0.44,0.377,0.687
2001,17,Michael Bradley,bradlmi01,True,True,2000-01,VILLANOVA,31.0,34.0,20.8,9.8,2.6,0.692,0.353,0.59
2001,18,Jason Collins,collija04,True,True,2000-01,STANFORD,34.0,26.3,14.5,7.8,1.5,0.62,0.462,0.784
2001,19,Zach Randolph,randoza01,True,True,2000-01,MICHIGANST,33.0,19.8,10.8,6.7,1.0,0.587,0.0,0.635
2001,20,Brendan Haywood,haywobr01,True,True,2000-01,UNC,33.0,27.3,12.3,7.3,1.3,0.592,,0.516
2001,21,Joseph Forte,fortejo01,True,True,2000-01,UNC,33.0,34.7,20.9,6.1,3.5,0.45,0.377,0.853
2001,22,Jeryl Sasser,sasseje01,True,True,2000-01,SMETHODIST,29.0,34.9,17.0,8.3,4.2,0.394,0.287,0.718
2001,23,Brandon Armstrong,armstbr01,True,True,2000-01,PEPPERDINE,31.0,33.1,22.1,3.3,1.5,0.447,0.384,0.826
2001,24,Raül López,lopezra01,True,False,,,,,,,,,,
2001,25,Gerald Wallace,wallage01,True,True,2000-01,ALABAMA,36.0,22.9,9.8,6.0,1.5,0.438,0.175,0.568
2001,26,Samuel Dalembert,dalemsa01,True,True,2000-01,SETONHALL,29.0,21.4,8.3,5.7,0.3,0.565,,0.556
2001,27,Jamaal Tinsley,tinslja01,True,True,2000-01,IOWAST,31.0,32.2,14.3,3.8,6.0,0.399,0.381,0.692
2001,28,Tony Parker,parketo01,True,False,,,,,,,,,,
2001,30,Trenton Hassell,hassetr01,True,True,2000-01,AUSTINPEAY,32.0,37.9,21.7,7.8,4.5,0.485,0.39,0.796
2001,31,Gilbert Arenas,arenagi01,True,True,2000-01,ARIZONA,36.0,29.0,16.2,3.6,2.3,0.479,0.416,0.724
2001,32,Omar Cook,cookom01,True,True,2000-01,STJOHNS,29.0,38.2,15.3,3.0,8.7,0.36,0.309,0.742
2001,33,Will Solomon,solomwi01,True,True,2000-01,CLEMSON,30.0,33.3,19.7,2.9,3.4,0.397,0.377,0.788
2001,34,Terence Morris,morrite01,True,True,2000-01,MARYLAND,36.0,27.6,12.2,7.7,1.9,0.432,0.289,0.795
2001,35,Brian Scalabrine,scalabr01,True,True,2000-01,USC,34.0,32.8,14.7,5.9,2.8,0.478,0.303,0.801
2001,36,Jeff Trepagnier,trepaje01,True,True,2000-01,USC,21.0,29.6,9.0,5.1,1.6,0.453,0.235,0.607
2001,37,Damone Brown,brownda02,True,True,2000-01,SYRACUSE,34.0,35.9,16.4,8.8,1.6,0.492,0.286,0.791
2001,38,Mehmet Okur,okurme01,True,False,,,,,,,,,,
2001,39,Michael Wright,wrighmi01,True,True,2000-01,ARIZONA,36.0,27.9,15.6,7.8,0.3,0.594,0.0,0.797
2001,40,Earl Watson,watsoea01,True,True,2000-01,UCLA,32.0,34.8,14.7,3.7,5.2,0.493,0.352,0.636
2001,41,Jamison Brewer,breweja01,True,True,2000-01,AUBURN,32.0,32.3,8.4,7.2,5.8,0.469,0.227,0.529
2001,42,Bobby Simmons,simmobo01,True,True,2000-01,DEPAUL,29.0,33.8,16.7,8.6,2.5,0.447,0.37,0.8
2001,43,Eric Chenowith,chenoer01,True,True,2000-01,KANSAS,33.0,22.6,9.5,7.6,0.8,0.457,0.0,0.684
2001,44,Kyle Hill,hillky01,True,True,2000-01,EILLINOIS,31.0,33.6,23.8,4.9,4.0,0.473,0.432,0.839
2001,45,Sean Lampley,lamplse01,True,True,2000-01,CALIFORNIA,31.0,34.6,19.5,7.2,3.3,0.502,0.212,0.738
2001,46,Loren Woods,woodslo01,True,True,2000-01,ARIZONA,29.0,30.3,13.2,6.5,2.1,0.504,0.333,0.83
2001,47,Ousmane Cisse,cisseou01,True,False,,,,,,,,,,
2001,48,Antonis Fotsis,fotsian01,True,False,,,,,,,,,,
2001,49,Ken Johnson,johnske03,True,True,2000-01,OHIOST,31.0,29.5,12.5,7.3,0.8,0.578,,0.711
2001,50,Ruben Boumtje-Boumtje,boumtru01,True,True,2000-01,GEORGETOWN,33.0,21.6,9.1,6.8,0.9,0.517,,0.718
2001,51,Alton Ford,fordal02,True,True,2000-01,HOUSTON,26.0,25.5,10.8,5.9,0.7,0.432,0.265,0.609
2001,52,Andre Hutson,hutsoan01,True,True,2000-01,MICHIGANST,32.0,29.9,13.8,7.6,1.9,0.622,,0.725
2001,53,Jarron Collins,collija03,True,True,2000-01,STANFORD,34.0,28.3,12.8,6.7,1.4,0.558,0.333,0.687
2001,54,Kenny Satterfield,satteke01,True,True,2000-01,CINCY,35.0,34.4,14.4,4.7,5.1,0.387,0.333,0.788
2001,55,Maurice Jeffers,jeffema01,True,True,2000-01,STLOUIS,31.0,32.6,16.0,6.1,2.5,0.449,0.438,0.777
2001,56,Robertas Javtokas,javtoro01,True,True,1999-00,ARIZONA,8.0,6.9,0.8,1.3,0.0,0.375,,0.0
2001,57,Alvin Jones,jonesal01,True,True,2000-01,GATECH,30.0,29.2,13.4,10.4,1.5,0.482,0.0,0.596
2001,58,Bryan Bracey,bracebr01,True,True,2000-01,OREGON,28.0,30.6,18.6,7.1,1.0,0.493,0.427,0.788
2002,1,Yao Ming,mingya01,True,False,,,,,,,,,,
2002,2,Jay Williams,willija03,True,True,2001-02,DUKE,35.0,33.6,21.3,3.5,5.3,0.457,0.383,0.676
2002,3,Mike Dunleavy,dunlemi02,True,True,2001-02,DUKE,35.0,32.4,17.3,7.2,2.1,0.483,0.378,0.681
2002,4,Drew Gooden,goodedr01,True,True,2001-02,KANSAS,37.0,30.2,19.8,11.4,2.0,0.504,0.278,0.755
2002,5,Nikoloz Tskitishvili,tskitni01,True,False,,,,,,,,,,
2002,6,Dajuan Wagner,wagneda02,True,True,2001-02,MEMPHIS,36.0,31.8,21.2,2.5,3.6,0.41,0.317,0.722
2002,7,Nenê,hilarne01,True,False,,,,,,,,,,
2002,8,Chris Wilcox,wilcoch01,True,True,2001-02,MARYLAND,36.0,24.1,12.0,7.1,1.5,0.504,0.0,0.585
2002,9,Amar'e Stoudemire,stoudam01,True,False,,,,,,,,,,
2002,10,Caron Butler,butleca01,True,True,2001-02,UCONN,34.0,36.0,20.3,7.5,3.0,0.486,0.4,0.779
2002,11,Jared Jeffries,jeffrja01,True,True,2001-02,INDIANA,36.0,32.6,15.0,7.6,2.1,0.457,0.38,0.667
2002,12,Melvin Ely,elyme01,True,True,2001-02,FRESNOST,28.0,35.7,23.3,9.1,1.8,0.563,0.0,0.735
2002,13,Marcus Haislip,haislma01,True,True,2001-02,TENNESSEE,25.0,33.6,16.7,6.7,1.0,0.518,0.326,0.721
2002,14,Fred Jones,jonesfr01,True,True,2001-02,OREGON,35.0,31.5,18.6,5.4,3.2,0.521,0.372,0.871
2002,15,Boštjan Nachbar,nachbbo01,True,False,,,,,,,,,,
2002,16,Jiří Welsch,welscji01,True,False,,,,,,,,,,
2002,17,Juan Dixon,dixonju01,True,True,2001-02,MARYLAND,36.0,33.6,20.4,4.6,2.9,0.469,0.397,0.898
2002,18,Curtis Borchardt,borchcu01,True,True,2001-02,STANFORD,29.0,30.9,16.9,11.4,2.0,0.576,0.407,0.67
2002,19,Ryan Humphrey,humphry01,True,True,2001-02,NOTREDAME,31.0,35.6,18.9,10.9,2.6,0.489,0.5,0.598
2002,20,Kareem Rush,rushka01,True,True,2001-02,MISSOURI,36.0,31.9,19.8,5.2,2.5,0.426,0.405,0.769
2002,21,Qyntel Woods,woodsqy01,True,True,2001-02,NEMISSCC,23.0,31.4,32.3,10.0,1.8,0.483,0.301,0.807
2002,22,Casey Jacobsen,jacobca01,True,True,2001-02,STANFORD,30.0,35.3,21.9,4.5,3.5,0.441,0.372,0.776
2002,23,Tayshaun Prince,princta01,True,True,2001-02,KENTUCKY,32.0,33.3,17.5,6.3,1.6,0.467,0.34,0.703
2002,24,Nenad Krstić,krstine01,True,False,,,,,,,,,,
2002,25,Frank Williams,willifr02,True,True,2001-02,ILLINOIS,35.0,32.4,16.2,4.7,4.4,0.393,0.34,0.808
2002,26,John Salmons,salmojo01,True,True,2001-02,MIAMIFL,32.0,33.7,13.1,6.0,6.1,0.461,0.31,0.842
2002,27,Chris Jefferies,jeffech01,True,True,2001-02,FRESNOST,21.0,34.6,17.3,6.3,3.0,0.418,0.347,0.634
2002,28,Dan Dickau,dickada01,True,True,2001-02,GONZAGA,32.0,34.7,21.0,3.0,4.7,0.441,0.457,0.864
2002,30,Steve Logan,loganst01,True,True,2001-02,CINCY,35.0,34.1,22.0,3.1,5.3,0.457,0.374,0.873
2002,31,Roger Mason,masonro01,True,True,2001-02,VIRGINIA,29.0,36.1,18.6,3.2,4.1,0.409,0.367,0.881
2002,32,Robert Archibald,archiro01,True,True,2001-02,ILLINOIS,34.0,22.6,10.6,5.5,1.3,0.659,0.0,0.654
2002,33,Vincent Yarbrough,yarbrvi01,True,True,2001-02,TENNESSEE,31.0,35.4,18.1,7.5,2.8,0.425,0.359,0.687
2002,34,Dan Gadzuric,gadzuda01,True,True,2001-02,UCLA,33.0,26.2,11.7,7.7,0.7,0.554,0.0,0.472
2002,35,Carlos Boozer,boozeca01,True,True,2001-02,DUKE,35.0,28.4,18.2,8.7,1.1,0.665,0.0,0.754
2002,36,Milos Vujanic,vujanmi01,True,False,,,,,,,,,,
2002,37,David Andersen,anderda03,True,False,,,,,,,,,,
2002,38,Tito Maddox,maddoti01,True,True,2000-01,FRESNOST,25.0,32.3,13.5,5.8,8.0,0.391,0.286,0.703
2002,39,Rod Grizzard,grizzro01,True,True,2001-02,ALABAMA,35.0,30.8,14.1,6.1,1.8,0.423,0.278,0.772
2002,40,Juan Carlos Navarro,navarju01,True,False,,,,,,,,,,
2002,41,Mario Kasun,kasunma01,True,False,,,,,,,,,,
2002,42,Ronald Murray,murraro01,True,True,2001-02,SHAW,33.0,36.4,23.5,6.3,6.2,0.487,0.349,0.772
2002,43,Jason Jennings,jennija01,True,True,2001-02,ARKANSASST,30.0,28.1,14.6,6.6,0.9,0.567,,0.79
2002,44,Lonny Baxter,baxtelo01,True,True,2001-02,MARYLAND,35.0,28.7,15.2,8.2,0.8,0.545,0.0,0.623
2002,45,Sam Clancy,clancsa02,True,True,2001-02,USC,32.0,37.6,19.1,9.4,1.7,0.494,0.5,0.624
2002,46,Matt Barnes,barnema02,True,True,2001-02,UCLA,31.0,30.7,13.5,6.2,3.5,0.471,0.417,0.619
2002,47,Jamal Sampson,sampsja01,True,True,2001-02,CALIFORNIA,32.0,24.9,6.4,6.5,1.2,0.426,,0.526
2002,48,Chris Owens,owensch01,True,True,2001-02,TEXAS,11.0,27.2,15.8,7.4,0.8,0.5,0.3,0.627
2002,49,Peter Fehse,fehsepe01,True,False,,,,,,,,,,
2002,50,Darius Songaila,songada01,True,True,2001-02,WAKE,34.0,30.5,17.9,8.1,2.6,0.523,0.375,0.854
2002,51,Federico Kammerichs,kammefe01,True,False,,,,,,,,,,
2002,52,Marcus Taylor,tayloma03,True,True,2001-02,MICHIGANST,29.0,34.4,16.8,2.9,5.3,0.4,0.361,0.813
2002,53,Rasual Butler,butlera01,True,True,2001-02,LASALLE,32.0,39.1,20.9,8.8,1.4,0.434,0.361,0.855
2002,54,Tamar Slay,slayta01,True,True,2001-02,MARSHALL,30.0,34.4,18.9,5.4,2.4,0.446,0.419,0.731
2002,55,Mladen Sekularac,sekulml01,True,False,,,,,,,,,,
2002,56,Luis Scola,scolalu01,True,False,,,,,,,,,,
2002,57,Randy Holcomb,holcora01,True,True,2001-02,SANDIEGOST,33.0,32.3,16.9,9.0,1.7,0.516,0.3,0.635
2002,58,Corsley Edwards,edwarco01,True,True,2001-02,CCONNST,32.0,31.0,15.4,8.7,1.0,0.504,,0.761
2003,1,LeBron James,jamesle01,True,False,,,,,,,,,,
2003,2,Darko Miličić,milicda01,True,False,,,,,,,,,,
2003,3,Carmelo Anthony,anthoca01,True,True,2002-03,SYRACUSE,35.0,36.4,22.2,10.0,2.2,0.453,0.337,0.706
2003,4,Chris Bosh,boshch01,True,True,2002-03,GATECH,31.0,31.0,15.6,9.0,1.2,0.56,0.478,0.73
2003,5,Dwyane Wade,wadedw01,True,True,2002-03,MARQUETTE,33.0,32.1,21.5,6.3,4.4,0.501,0.318,0.779
2003,6,Chris Kaman,kamanch01,True,True,2002-03,CMICHIGAN,31.0,34.0,22.4,12.0,1.2,0.622,,0.749
2003,7,Kirk Hinrich,hinriki01,True,True,2002-03,KANSAS,37.0,33.5,17.3,3.8,3.5,0.475,0.406,0.704
2003,8,T.J. Ford,fordtj01,True,True,2002-03,TEXAS,33.0,33.6,15.0,3.9,7.7,0.401,0.265,0.82
2003,9,Mike Sweetney,sweetmi01,True,True,2002-03,GEORGETOWN,34.0,32.4,22.8,10.4,1.9,0.547,0.0,0.738
2003,10,Jarvis Hayes,hayesja01,True,True,2002-03,GEORGIA,27.0,32.3,18.3,4.4,2.0,0.503,0.425,0.784
2003,11,Mickaël Piétrus,pietrmi01,True,False,,,,,,,,,,
2003,12,Nick Collison,collini01,True,True,2002-03,KANSAS,38.0,32.4,18.5,10.0,2.2,0.554,0.342,0.635
2003,13,Marcus Banks,banksma01,True,True,2002-03,UNLV,32.0,36.1,20.3,3.3,5.5,0.514,0.336,0.757
2003,14,Luke Ridnour,ridnolu01,True,True,2002-03,OREGON,33.0,35.4,19.7,3.4,6.6,0.432,0.382,0.88
2003,15,Reece Gaines,gainere01,True,True,2002-03,LOUISVILLE,32.0,32.2,17.9,2.9,5.0,0.462,0.391,0.736
2003,16,Troy Bell,belltr01,True,True,2002-03,BOSTONCOLL,31.0,38.6,25.2,4.6,3.7,0.441,0.402,0.847
2003,17,Žarko Čabarkapa,cabarza01,True,False,,,,,,,,,,
2003,18,David West,westda01,True,True,2002-03,XAVIER,32.0,36.5,20.1,11.8,3.2,0.513,0.346,0.816
2003,19,Sasha Pavlović,pavloal01,True,False,,,,,,,,,,
2003,20,Dahntay Jones,jonesda02,True,True,2002-03,DUKE,33.0,30.7,17.7,5.5,0.9,0.47,0.398,0.749
2003,21,Boris Diaw,diawbo01,True,False,,,,,,,,,,
2003,22,Zoran Planinić,planizo01,True,False,,,,,,,,,,
2003,23,Travis Outlaw,outlatr01,True,False,,,,,,,,,,
2003,24,Brian Cook,cookbr01,True,True,2002-03,ILLINOIS,30.0,31.3,20.0,7.6,2.0,0.479,0.303,0.82
2003,25,Carlos Delfino,delfica01,True,False,,,,,,,,,,
2003,26,Ndudi Ebi,ebind01,True,False,,,,,,,,,,
2003,27,Kendrick Perkins,perkike01,True,False,,,,,,,,,,
2003,28,Leandro Barbosa,barbole01,True,False,,,,,,,,,,
2003,29,Josh Howard,howarjo01,True,True,2002-03,WAKE,31.0,32.3,19.5,8.3,1.9,0.477,0.373,0.833
2003,30,Maciej Lampe,lampema01,True,False,,,,,,,,,,
2003,31,Jason Kapono,kaponja01,True,True,2002-03,UCLA,29.0,33.4,16.8,5.2,2.0,0.457,0.398,0.88
2003,32,Luke Walton,waltolu01,True,True,2002-03,ARIZONA,28.0,27.6,10.8,5.6,5.1,0.42,0.384,0.678
2003,33,Jerome Beasley,beaslje01,True,True,2002-03,NDAKOTA,29.0,31.7,26.6,8.9,0.6,0.513,0.458,0.736
2003,34,Sofoklis Schortsanitis,schorso01,True,False,,,,,,,,,,
2003,35,Szymon Szewczyk,szewcsz01,True,False,,,,,,,,,,
2003,36,Mario Austin,austima01,True,True,2002-03,MISSST,25.0,32.9,15.5,7.7,1.2,0.534,0.417,0.664
2003,37,Travis Hansen,hansetr01,True,True,2002-03,BYU,32.0,32.0,16.8,4.8,2.4,0.441,0.34,0.799
2003,38,Steve Blake,blakest01,True,True,2002-03,MARYLAND,31.0,32.5,11.6,3.7,7.1,0.415,0.416,0.819
2003,39,Slavko Vraneš,vranesl01,True,False,,,,,,,,,,
2003,40,Derrick Zimmerman,zimmede01,True,True,2002-03,MISSST,31.0,33.0,8.9,4.2,5.5,0.476,0.288,0.649
2003,41,Willie Green,greenwi01,True,True,2002-03,DETROIT,30.0,34.0,22.6,4.9,2.5,0.49,0.374,0.805
2003,42,Zaza Pachulia,pachuza01,True,False,,,,,,,,,,
2003,43,Keith Bogans,boganke01,True,True,2002-03,KENTUCKY,36.0,29.7,15.7,3.8,2.7,0.456,0.383,0.738
2003,44,Malick Badiane,badiama01,True,False,,,,,,,,,,
2003,45,Matt Bonner,bonnema01,True,True,2002-03,FLORIDA,33.0,31.4,15.2,6.1,1.5,0.51,0.474,0.733
2003,46,Sani Bečirovič,becirsa01,True,False,,,,,,,,,,
2003,47,Mo Williams,willima01,True,True,2002-03,ALABAMA,29.0,35.8,16.4,3.9,3.9,0.431,0.317,0.838
2003,48,James Lang,langja01,True,False,,,,,,,,,,
2003,49,James Jones,jonesja02,True,True,2002-03,MIAMIFL,28.0,34.2,16.9,6.0,1.8,0.447,0.4,0.831
2003,50,Paccelis Morlende,morlepa01,True,False,,,,,,,,,,
2003,51,Kyle Korver,korveky01,True,True,2002-03,CREIGHTON,34.0,31.8,17.8,6.4,3.1,0.468,0.48,0.908
2003,52,Remon van de Hare,vandera01,True,False,,,,,,,,,,
2003,53,Tommy Smith,smithto03,True,True,2002-03,ARIZONAST,32.0,29.1,11.2,6.2,2.7,0.493,0.278,0.574
2003,54,Nedžad Sinanović,sinanne01,True,False,,,,,,,,,,
2003,55,Rick Rickert,rickeri01,True,True,2002-03,MINNESOTA,32.0,30.8,15.6,6.2,1.2,0.442,0.353,0.682
2003,56,Brandon Hunter,huntebr01,True,True,2002-03,OHIO,30.0,38.2,21.5,12.6,2.6,0.523,0.297,0.594
2003,57,Xue Yuyang,yuyanxu01,True,False,,,,,,,,,,
2003,58,Andreas Glyniadakis,glynian01,True,False,,,,,,,,,,
2004,1,Dwight Howard,howardw01,True,False,,,,,,,,,,
2004,2,Emeka Okafor,okafoem01,True,True,2003-04,UCONN,36.0,32.4,17.6,11.5,1.0,0.599,,0.518
2004,3,Ben Gordon,gordobe01,True,True,2003-04,UCONN,39.0,34.5,18.5,4.7,4.5,0.434,0.433,0.829
2004,4,Shaun Livingston,livinsh01,True,False,,,,,,,,,,
2004,5,Devin Harris,harride01,True,True,2003-04,WISCONSIN,32.0,36.3,19.5,4.3,4.4,0.459,0.373,0.792
2004,6,Josh Childress,childjo01,True,True,2003-04,STANFORD,23.0,29.8,15.7,7.5,2.7,0.488,0.395,0.821
2004,7,Luol Deng,denglu01,True,True,2003-04,DUKE,37.0,31.1,15.1,6.9,1.8,0.476,0.36,0.71
2004,8,Rafael Araújo,araujra01,True,True,2003-04,BYU,30.0,29.8,18.4,10.1,1.2,0.573,0.267,0.722
2004,9,Andre Iguodala,iguodan01,True,True,2003-04,ARIZONA,30.0,32.1,12.9,8.4,4.9,0.45,0.315,0.788
2004,10,Luke Jackson,jackslu02,True,True,2003-04,OREGON,31.0,34.6,21.2,7.2,4.5,0.488,0.44,0.862
2004,11,Andris Biedriņš,biedran01,True,False,,,,,,,,,,
2004,12,Robert Swift,swiftro01,True,False,,,,,,,,,,
2004,13,Sebastian Telfair,telfase01,True,False,,,,,,,,,,
2004,14,Kris Humphries,humphkr01,True,True,2003-04,MINNESOTA,29.0,34.1,21.7,10.1,0.7,0.444,0.34,0.742
2004,15,Al Jefferson,jeffeal01,True,False,,,,,,,,,,
2004,16,Kirk Snyder,snydeki01,True,True,2003-04,NEVADA,34.0,31.7,18.8,5.7,3.4,0.431,0.348,0.731
2004,17,Josh Smith,smithjo03,True,False,,,,,,,,,,
2004,18,J.R. Smith,smithjr01,True,False,,,,,,,,,,
2004,19,Dorell Wright,wrighdo01,True,False,,,,,,,,,,
2004,20,Jameer Nelson,nelsoja01,True,True,2003-04,STJOSEPHS,32.0,33.9,20.6,4.7,5.3,0.475,0.39,0.792
2004,21,Pavel Podkolzin,podkopa01,True,False,,,,,,,,,,
2004,22,Viktor Khryapa,khryavi01,True,False,,,,,,,,,,
2004,23,Sergei Monia,moniase01,True,False,,,,,,,,,,
2004,24,Delonte West,westde01,True,True,2003-04,STJOSEPHS,32.0,33.5,18.9,5.4,4.7,0.51,0.412,0.892
2004,25,Tony Allen,allento01,True,True,2003-04,OKSTATE,35.0,31.6,16.0,5.5,3.1,0.504,0.297,0.675
2004,26,Kevin Martin,martike02,True,True,2003-04,WCAROLINA,27.0,31.2,24.9,4.8,1.7,0.474,0.336,0.817
2004,27,Sasha Vujačić,vujacsa01,True,False,,,,,,,,,,
2004,28,Beno Udrih,udrihbe01,True,False,,,,,,,,,,
2004,29,David Harrison,harrida01,True,True,2003-04,COLORADO,29.0,31.6,17.1,8.8,0.9,0.631,0.0,0.539
2004,30,Anderson Varejão,varejan01,True,False,,,,,,,,,,
2004,31,Jackson Vroman,vromaja01,True,True,2003-04,IOWAST,32.0,30.7,13.9,9.6,2.3,0.564,0.143,0.507
2004,32,Peter John Ramos,ramospe01,True,False,,,,,,,,,,
2004,33,Lionel Chalmers,chalmli01,True,True,2003-04,XAVIER,37.0,34.9,16.6,3.3,3.2,0.449,0.409,0.709
2004,34,Donta Smith,smithdo04,True,True,2003-04,SEILLINOIS,33.0,,25.8,7.2,3.4,0.54,0.388,0.813
2004,35,Andre Emmett,emmetan01,True,True,2003-04,TXTECH,34.0,37.0,20.6,6.6,1.8,0.526,0.356,0.73
2004,36,Antonio Burks,burksan01,True,True,2003-04,MEMPHIS,30.0,34.3,16.0,3.2,5.5,0.474,0.413,0.632
2004,37,Royal Ivey,iveyro01,True,True,2003-04,TEXAS,33.0,29.7,9.4,4.0,4.3,0.448,0.387,0.626
2004,38,Chris Duhon,duhonch01,True,True,2003-04,DUKE,37.0,35.4,10.0,4.1,6.1,0.448,0.302,0.722
2004,39,Albert Miralles,miralal01,True,False,,,,,,,,,,
2004,40,Justin Reed,reedju01,True,True,2003-04,OLEMISS,28.0,33.5,18.5,7.5,1.5,0.464,0.237,0.731
2004,41,David Young,youngda02,True,True,2002-03,XAVIER,10.0,15.2,5.1,2.3,0.4,0.34,0.241,0.571
2004,42,Viktor Sanikidze,sanikvi01,True,False,,,,,,,,,,
2004,43,Trevor Ariza,arizatr01,True,True,2003-04,UCLA,25.0,31.6,11.6,6.5,2.1,0.426,0.237,0.504
2004,44,Tim Pickett,picketi02,True,True,2003-04,FLORIDAST,33.0,29.8,16.5,4.5,2.1,0.434,0.407,0.759
2004,45,Bernard Robinson,robinbe01,True,True,2003-04,MICHIGAN,34.0,32.2,12.1,5.7,3.8,0.432,0.25,0.77
2004,46,Ha Seung-Jin,seungha01,True,False,,,,,,,,,,
2004,47,Pape Sow,sowpa01,True,True,2003-04,CALSTFULL,28.0,32.2,17.3,9.7,0.9,0.494,0.333,0.675
2004,48,Ricky Minard,minarri01,True,True,2003-04,MOREHEAD,29.0,34.3,21.8,7.3,5.1,0.451,0.326,0.776
2004,49,Sergei Lishouk,lishcse01,True,False,,,,,,,,,,
2004,50,Vassilis Spanoulis,spanova01,True,False,,,,,,,,,,
2004,51,Christian Drejer,drejech01,True,True,2003-04,FLORIDA,20.0,29.5,10.2,4.8,4.0,0.468,0.393,0.75
2004,52,Romain Sato,satoro01,True,True,2003-04,XAVIER,37.0,36.9,16.3,8.0,2.3,0.404,0.349,0.829
2004,53,Matt Freije,freijma01,True,True,2003-04,VANDY,33.0,29.8,18.4,5.4,0.9,0.415,0.356,0.788
2004,54,Rickey Paulding,pauldri01,True,True,2003-04,MISSOURI,30.0,35.0,15.1,4.3,2.8,0.397,0.342,0.787
2004,55,Luis Flores,florelu01,True,True,2003-04,MANHATTAN,31.0,36.2,24.0,3.9,1.6,0.442,0.374,0.863
2004,56,Marcus Douthit,douthma01,True,True,2003-04,PROVIDENCE,29.0,29.7,7.8,5.9,2.2,0.446,,0.768
2004,57,Sergei Karaulov,karause01,True,False,,,,,,,,,,
2004,58,Blake Stepp,steppbl01,True,True,2003-04,GONZAGA,31.0,34.4,14.6,4.6,6.7,0.431,0.376,0.83
2004,59,Rashad Wright,wrighra01,True,True,2003-04,GEORGIA,29.0,37.1,14.4,2.9,3.0,0.424,0.396,0.683
2005,1,Andrew Bogut,bogutan01,True,True,2004-05,UTAH,35.0,35.0,20.4,12.2,2.3,0.62,0.36,0.692
2005,2,Marvin Williams,willima02,True,True,2004-05,UNC,36.0,22.2,11.3,6.6,0.7,0.506,0.432,0.847
2005,3,Deron Williams,willide01,True,True,2004-05,ILLINOIS,39.0,33.7,12.5,3.6,6.8,0.433,0.364,0.677
2005,4,Chris Paul,paulch01,True,True,2004-05,WAKE,32.0,33.4,15.3,4.5,6.6,0.451,0.474,0.834
2005,5,Raymond Felton,feltora01,True,True,2004-05,UNC,36.0,31.7,12.9,4.3,6.9,0.455,0.44,0.701
2005,6,Martell Webster,webstma02,True,False,,,,,,,,,,
2005,7,Charlie Villanueva,villach01,True,True,2004-05,UCONN,31.0,25.7,13.6,8.3,1.3,0.521,0.5,0.688
2005,8,Channing Frye,fryech01,True,True,2004-05,ARIZONA,37.0,31.0,15.8,7.6,1.9,0.554,0.176,0.83
2005,9,Ike Diogu,dioguik01,True,True,2004-05,ARIZONAST,32.0,36.4,22.6,9.8,1.3,0.575,0.4,0.797
2005,10,Andrew Bynum,bynuman01,True,False,,,,,,,,,,
2005,11,Fran Vázquez,vazqufr01,True,False,,,,,,,,,,
2005,12,Yaroslav Korolev,korolya01,True,False,,,,,,,,,,
2005,13,Sean May,mayse01,True,True,2004-05,UNC,37.0,26.8,17.5,10.7,1.7,0.567,0.0,0.758
2005,14,Rashad McCants,mccanra01,True,True,2004-05,UNC,33.0,25.9,16.0,3.0,2.7,0.489,0.423,0.722
2005,15,Antoine Wright,wrighan01,True,True,2004-05,TEXASAM,31.0,33.9,17.8,6.0,2.2,0.501,0.447,0.691
2005,16,Joey Graham,grahajo01,True,True,2004-05,OKSTATE,33.0,30.6,17.7,6.2,2.0,0.529,0.473,0.887
2005,17,Danny Granger,grangda01,True,True,2004-05,NMEXICO,30.0,30.0,18.8,8.9,2.4,0.524,0.433,0.755
2005,18,Gerald Green,greenge01,True,False,,,,,,,,,,
2005,19,Hakim Warrick,warriha01,True,True,2004-05,SYRACUSE,34.0,37.5,21.4,8.6,1.5,0.548,0.29,0.681
2005,20,Julius Hodge,hodgeju01,True,True,2004-05,NCSTATE,34.0,34.6,17.0,6.6,4.8,0.493,0.255,0.668
2005,21,Nate Robinson,robinna01,True,True,2004-05,WASHINGTON,35.0,31.5,16.4,3.9,4.3,0.463,0.385,0.782
2005,22,Jarrett Jack,jackja01,True,True,2004-05,GATECH,32.0,34.1,15.5,4.8,4.5,0.514,0.442,0.866
2005,23,Francisco García,garcifr01,True,True,2004-05,LOUISVILLE,38.0,31.9,15.7,4.2,3.9,0.437,0.366,0.877
2005,24,Luther Head,headlu01,True,True,2004-05,ILLINOIS,39.0,33.3,15.9,4.0,3.8,0.463,0.41,0.788
2005,25,Johan Petro,petrojo01,True,False,,,,,,,,,,
2005,26,Jason Maxiell,maxieja01,True,True,2004-05,CINCY,33.0,31.4,15.3,7.7,0.8,0.543,0.4,0.645
2005,27,Linas Kleiza,kleizli01,True,True,2004-05,MISSOURI,33.0,31.5,16.1,7.6,1.6,0.403,0.274,0.732
2005,28,Ian Mahinmi,mahinia01,True,False,,,,,,,,,,
2005,29,Wayne Simien,simiewa01,True,True,2004-05,KANSAS,26.0,34.3,20.3,11.0,1.4,0.552,0.286,0.816
2005,30,David Lee,leeda02,True,True,2004-05,FLORIDA,32.0,28.0,13.6,9.0,2.2,0.525,0.0,0.714
2005,31,Salim Stoudamire,stoudsa01,True,True,2004-05,ARIZONA,36.0,31.3,18.4,2.3,2.2,0.504,0.504,0.91
2005,32,Daniel Ewing,ewingda01,True,True,2004-05,DUKE,33.0,34.5,15.3,3.2,4.0,0.427,0.347,0.692
2005,33,Brandon Bass,bassbr01,True,True,2004-05,LSU,30.0,33.6,17.3,9.1,0.8,0.567,0.462,0.777
2005,34,C.J. Miles,milescj01,True,False,,,,,,,,,,
2005,35,Ricky Sánchez,sanchri01,True,False,,,,,,,,,,
2005,36,Ersan İlyasova,ilyaser01,True,False,,,,,,,,,,
2005,37,Ronny Turiaf,turiaro01,True,True,2004-05,GONZAGA,31.0,31.2,15.9,9.5,1.5,0.508,0.286,0.683
2005,38,Travis Diener,dienetr01,True,True,2004-05,MARQUETTE,23.0,34.0,19.7,3.9,7.0,0.42,0.405,0.838
2005,39,Von Wafer,wafervo01,True,True,2004-05,FLORIDAST,29.0,26.1,12.5,2.5,1.7,0.437,0.396,0.721
2005,40,Monta Ellis,ellismo01,True,False,,,,,,,,,,
2005,41,Roko Ukić,ukicro01,True,False,,,,,,,,,,
2005,42,Chris Taft,taftch01,True,True,2004-05,PITT,29.0,26.5,13.3,7.5,0.8,0.58,,0.586
2005,43,Mile Ilić,ilicmi01,True,False,,,,,,,,,,
2005,44,Martynas Andriuškevičius,andrima01,True,False,,,,,,,,,,
2005,45,Lou Williams,willilo02,True,False,,,,,,,,,,
2005,46,Erazem Lorbek,lorbeer01,True,True,2002-03,MICHIGANST,35.0,15.5,6.4,3.3,0.6,0.534,0.462,0.649
2005,47,Bracey Wright,wrighbr02,True,True,2004-05,INDIANA,26.0,35.3,18.3,4.8,2.7,0.413,0.329,0.783
2005,48,Mickaël Gelabale,gelabmi01,True,False,,,,,,,,,,
2005,49,Andray Blatche,blatcan01,True,False,,,,,,,,,,
2005,50,Ryan Gomes,gomesry01,True,True,2004-05,PROVIDENCE,31.0,37.5,21.6,8.2,3.2,0.496,0.38,0.77
2005,51,Robert Whaley,whalero01,True,True,2004-05,WALSHOH,35.0,30.0,19.9,7.5,1.4,0.512,0.214,0.574
2005,52,Axel Hervelle,herveax01,True,False,,,,,,,,,,
2005,53,Orien Greene,greenor01,True,True,2004-05,ULALA,24.0,33.0,11.7,4.7,4.1,0.388,0.321,0.756
2005,54,Dijon Thompson,thompdi01,True,True,2004-05,UCLA,28.0,34.6,18.4,7.9,2.3,0.474,0.374,0.787
2005,55,Lawrence Roberts,roberla01,True,True,2004-05,MISSST,32.0,32.0,16.9,11.0,1.9,0.448,0.293,0.653
2005,56,Amir Johnson,johnsam01,True,False,,,,,,,,,,
2005,57,Marcin Gortat,gortama01,True,False,,,,,,,,,,
2005,58,Uroš Slokar,slokaur01,True,False,,,,,,,,,,
2005,59,Cenk Akyol,akyolce01,True,False,,,,,,,,,,
2005,60,Alex Acker,ackeral01,True,True,2004-05,PEPPERDINE,31.0,37.2,16.6,6.5,3.7,0.45,0.431,0.858
2006,1,Andrea Bargnani,bargnan01,True,False,,,,,,,,,,
2006,2,LaMarcus Aldridge,aldrila01,True,True,2005-06,TEXAS,37.0,33.7,15.0,9.2,0.5,0.569,,0.646
2006,3,Adam Morrison,morriad01,True,True,2005-06,GONZAGA,33.0,36.5,28.1,5.5,1.7,0.496,0.428,0.772
2006,4,Tyrus Thomas,thomaty01,True,True,2005-06,LSU,32.0,25.9,12.3,9.2,1.3,0.608,1.0,0.657
2006,5,Shelden Williams,willish02,True,True,2005-06,DUKE,36.0,33.3,18.8,10.7,1.1,0.578,0.333,0.744
2006,6,Brandon Roy,roybr01,True,True,2005-06,WASHINGTON,33.0,31.7,20.2,5.6,4.1,0.508,0.402,0.81
2006,7,Randy Foye,foyera01,True,True,2005-06,VILLANOVA,33.0,34.7,20.5,5.8,3.0,0.411,0.35,0.791
2006,8,Rudy Gay,gayru01,True,True,2005-06,UCONN,33.0,30.8,15.2,6.4,2.1,0.461,0.318,0.732
2006,9,Patrick O'Bryant,obryapa01,True,True,2005-06,BRADLEY,25.0,25.7,13.4,8.3,0.8,0.552,,0.676
2006,10,Mouhamed Sene,senesa01,True,False,,,,,,,,,,
2006,11,JJ Redick,redicjj01,True,True,2005-06,DUKE,36.0,37.1,26.8,2.0,2.6,0.47,0.421,0.863
2006,12,Hilton Armstrong,armsthi01,True,True,2005-06,UCONN,34.0,27.7,9.7,6.6,0.7,0.608,0.5,0.692
2006,13,Thabo Sefolosha,sefolth01,True,False,,,,,,,,,,
2006,14,Ronnie Brewer,brewero02,True,True,2005-06,ARKANSAS,32.0,34.8,18.4,4.8,3.3,0.441,0.338,0.75
2006,15,Cedric Simmons,simmoce01,True,True,2005-06,NCSTATE,32.0,27.5,11.8,6.3,1.7,0.587,1.0,0.678
2006,16,Rodney Carney,carnero01,True,True,2005-06,MEMPHIS,37.0,27.2,17.2,4.3,1.3,0.436,0.391,0.712
2006,17,Shawne Williams,willish03,True,True,2005-06,MEMPHIS,36.0,27.3,13.2,6.2,1.9,0.416,0.312,0.786
2006,18,Oleksiy Pecherov,pecheol01,True,False,,,,,,,,,,
2006,19,Quincy Douby,doubyqu01,True,True,2005-06,RUTGERS,33.0,36.7,25.4,4.3,3.1,0.462,0.401,0.847
2006,20,Renaldo Balkman,balkmre01,True,True,2005-06,SCAROLINA,38.0,25.7,9.6,6.3,1.9,0.608,0.308,0.538
2006,21,Rajon Rondo,rondora01,True,True,2005-06,KENTUCKY,34.0,31.0,11.2,6.1,4.9,0.482,0.273,0.571
2006,22,Marcus Williams,willima03,True,True,2005-06,UCONN,23.0,33.3,12.3,3.9,8.6,0.407,0.4,0.862
2006,23,Josh Boone,boonejo01,True,True,2005-06,UCONN,34.0,27.1,10.3,7.0,0.6,0.564,,0.547
2006,24,Kyle Lowry,lowryky01,True,True,2005-06,VILLANOVA,33.0,29.3,11.0,4.3,3.7,0.466,0.444,0.786
2006,25,Shannon Brown,brownsh01,True,True,2005-06,MICHIGANST,34.0,35.2,17.2,4.4,2.7,0.467,0.39,0.83
2006,26,Jordan Farmar,farmajo01,True,True,2005-06,UCLA,37.0,30.4,13.5,2.6,5.1,0.41,0.333,0.717
2006,27,Sergio Rodríguez,rodrise01,True,False,,,,,,,,,,
2006,28,Maurice Ager,agerma01,True,True,2005-06,MICHIGANST,34.0,34.4,19.3,4.1,2.5,0.457,0.376,0.761
2006,29,Mardy Collins,collima01,True,True,2005-06,TEMPLE,32.0,37.9,16.8,4.7,4.0,0.432,0.307,0.596
2006,30,Joel Freeland,freeljo01,True,False,,,,,,,,,,
2006,31,James White,whiteja02,True,True,2005-06,CINCY,33.0,33.5,16.3,5.1,2.0,0.488,0.374,0.838
2006,32,Steve Novak,novakst01,True,True,2005-06,MARQUETTE,31.0,33.8,17.5,5.9,1.3,0.477,0.467,0.974
2006,33,Solomon Jones,jonesso01,True,True,2005-06,SFLORIDA,29.0,36.4,13.2,9.8,1.3,0.484,0.0,0.778
2006,34,Paul Davis,davispa01,True,True,2005-06,MICHIGANST,33.0,30.8,17.5,9.1,1.6,0.566,0.316,0.87
2006,35,P.J. Tucker,tuckepj01,True,True,2005-06,TEXAS,37.0,34.5,16.1,9.5,2.9,0.515,0.667,0.747
2006,36,Craig Smith,smithcr01,True,True,2005-06,BOSTONCOLL,36.0,36.3,17.6,9.4,3.0,0.573,0.083,0.643
2006,37,Bobby Jones,jonesbo02,True,True,2005-06,WASHINGTON,33.0,26.5,10.4,4.9,1.3,0.473,0.33,0.746
2006,38,Kosta Perović,perovko01,True,False,,,,,,,,,,
2006,39,David Noel,noelda01,True,True,2005-06,UNC,31.0,33.7,12.9,6.8,3.5,0.532,0.424,0.625
2006,40,Denham Brown,brownde05,True,True,2005-06,UCONN,32.0,23.6,10.7,4.4,1.4,0.403,0.326,0.868
2006,41,James Augustine,augusja01,True,True,2005-06,ILLINOIS,33.0,32.7,13.6,9.1,1.8,0.624,0.5,0.651
2006,42,Daniel Gibson,gibsoda01,True,True,2005-06,TEXAS,37.0,33.2,13.4,3.6,3.1,0.405,0.38,0.726
2006,43,Marcus Vinicius,vincima01,True,False,,,,,,,,,,
2006,44,Lior Eliyahu,eliyali01,True,False,,,,,,,,,,
2006,45,Alexander Johnson,johnsal01,True,True,2005-06,FLORIDAST,29.0,24.9,13.2,7.4,0.7,0.54,0.31,0.706
2006,46,Dee Brown,brownde03,True,True,2005-06,ILLINOIS,33.0,35.8,14.2,3.1,5.8,0.359,0.321,0.757
2006,47,Paul Millsap,millspa01,True,True,2005-06,LATECH,33.0,34.1,19.6,13.3,1.1,0.571,0.357,0.623
2006,48,Vladimir Veremeenko,veremvl01,True,False,,,,,,,,,,
2006,49,Leon Powe,powele01,True,True,2005-06,CALIFORNIA,27.0,35.3,20.5,10.1,1.4,0.496,0.333,0.719
2006,50,Ryan Hollins,holliry01,True,True,2005-06,UCLA,33.0,21.5,7.0,4.8,0.3,0.619,,0.602
2006,51,Cheikh Samb,sambch01,True,False,,,,,,,,,,
2006,52,Guillermo Díaz,diazgu01,True,True,2005-06,MIAMIFL,34.0,35.2,17.2,2.9,2.9,0.415,0.364,0.789
2006,53,Yotam Halperin,halpeyo01,True,False,,,,,,,,,,
2006,54,Hassan Adams,adamsha01,True,True,2005-06,ARIZONA,31.0,33.3,17.5,5.0,2.9,0.478,0.262,0.611
2006,55,Ejike Ugboaja,ugboaej01,True,False,,,,,,,,,,
2006,56,Edin Bavčić,bavcied01,True,False,,,,,,,,,,
2006,57,Loukas Mavrokefalidis,mavrolo01,True,False,,,,,,,,,,
2006,58,J.R. Pinnock,pinnojr01,True,True,2005-06,GEORGEWASH,30.0,31.6,14.5,5.3,3.1,0.485,0.275,0.709
2006,59,Damir Markota,markoda01,True,False,,,,,,,,,,
2006,60,Will Blalock,blalowi01,True,True,2005-06,IOWAST,30.0,35.7,15.4,3.3,6.1,0.447,0.398,0.659
2007,1,Greg Oden,odengr01,True,True,2006-07,OHIOST,32.0,28.9,15.7,9.6,0.7,0.616,,0.628
2007,2,Kevin Durant,duranke01,True,True,2006-07,TEXAS,35.0,35.9,25.8,11.1,1.3,0.473,0.404,0.816
2007,3,Al Horford,horfoal01,True,True,2006-07,FLORIDA,38.0,27.8,13.2,9.5,2.2,0.608,0.0,0.644
2007,4,Mike Conley,conlemi01,True,True,2006-07,OHIOST,39.0,31.6,11.3,3.4,6.1,0.518,0.304,0.694
2007,5,Jeff Green,greenje02,True,True,2006-07,GEORGETOWN,37.0,33.3,14.3,6.4,3.2,0.513,0.375,0.775
2007,6,Yi Jianlian,jianlyi01,True,False,,,,,,,,,,
2007,7,Corey Brewer,breweco01,True,True,2006-07,FLORIDA,37.0,29.0,13.2,4.7,2.9,0.475,0.336,0.723
2007,8,Brandan Wright,wrighbr03,True,True,2006-07,UNC,37.0,27.4,14.7,6.2,1.0,0.646,,0.567
2007,9,Joakim Noah,noahjo01,True,True,2006-07,FLORIDA,40.0,25.9,12.0,8.4,2.3,0.607,1.0,0.663
2007,10,Spencer Hawes,hawessp01,True,True,2006-07,WASHINGTON,31.0,28.9,14.9,6.4,1.9,0.532,0.333,0.755
2007,11,Acie Law,lawac01,True,True,2006-07,TEXASAM,34.0,33.9,18.1,3.3,5.0,0.5,0.458,0.778
2007,12,Thaddeus Young,youngth01,True,True,2006-07,GATECH,31.0,29.6,14.4,4.9,2.0,0.478,0.419,0.743
2007,13,Julian Wright,wrighju01,True,True,2006-07,KANSAS,38.0,27.6,12.0,7.8,2.2,0.549,0.231,0.613
2007,14,Al Thornton,thornal01,True,True,2006-07,FLORIDAST,35.0,31.2,19.7,7.2,0.7,0.53,0.444,0.79
2007,15,Rodney Stuckey,stuckro01,True,True,2006-07,EWASHINGTN,29.0,33.3,24.6,4.7,5.5,0.453,0.267,0.846
2007,16,Nick Young,youngni01,True,True,2006-07,USC,37.0,33.2,17.5,4.6,1.4,0.525,0.44,0.786
2007,17,Sean Williams,willise01,True,True,2006-07,BOSTONCOLL,15.0,32.2,12.1,6.9,1.2,0.548,,0.7
2007,18,Marco Belinelli,belinma01,True,False,,,,,,,,,,
2007,19,Javaris Crittenton,crittja01,True,True,2006-07,GATECH,32.0,31.3,14.4,3.7,5.8,0.45,0.356,0.783
2007,20,Jason Smith,smithja02,True,True,2006-07,COLORADOST,30.0,30.2,16.8,10.1,1.9,0.579,0.0,0.77
2007,21,Daequan Cook,cookda02,True,True,2006-07,OHIOST,39.0,19.7,9.8,4.3,1.0,0.445,0.415,0.697
2007,22,Jared Dudley,dudleja01,True,True,2006-07,BOSTONCOLL,30.0,38.4,19.0,8.3,3.0,0.562,0.443,0.743
2007,23,Wilson Chandler,chandwi01,True,True,2006-07,DEPAUL,34.0,31.7,14.6,6.9,1.4,0.45,0.333,0.654
2007,24,Rudy Fernández,fernaru01,True,False,,,,,,,,,,
2007,25,Morris Almond,almonmo01,True,True,2006-07,RICE,32.0,33.4,26.4,6.6,1.2,0.483,0.456,0.846
2007,26,Aaron Brooks,brookaa01,True,True,2006-07,OREGON,35.0,36.8,17.7,4.3,4.3,0.46,0.404,0.846
2007,27,Arron Afflalo,afflaar01,True,True,2006-07,UCLA,36.0,32.9,16.9,2.8,1.9,0.461,0.375,0.802
2007,28,Tiago Splitter,splitti01,True,False,,,,,,,,,,
2007,29,Alando Tucker,tuckeal02,True,True,2006-07,WISCONSIN,36.0,32.8,19.9,5.4,2.0,0.47,0.325,0.659
2007,30,Petteri Koponen,koponpe01,True,False,,,,,,,,,,
2007,31,Carl Landry,landrca01,True,True,2006-07,PURDUE,34.0,30.4,18.9,7.3,1.2,0.597,0.211,0.726
2007,32,Gabe Pruitt,pruitga01,True,True,2006-07,USC,26.0,33.1,12.5,2.8,4.3,0.416,0.35,0.8
2007,33,Marcus Williams,willima04,True,True,2006-07,ARIZONA,30.0,32.9,16.6,6.7,2.2,0.494,0.288,0.695
2007,34,Nick Fazekas,fazekni01,True,True,2006-07,NEVADA,32.0,30.3,20.4,11.1,1.8,0.568,0.431,0.848
2007,35,Glen Davis,davisgl01,True,True,2006-07,LSU,29.0,35.0,17.7,10.4,2.3,0.484,0.347,0.713
2007,36,Jermareo Davidson,davidje01,True,True,2006-07,ALABAMA,30.0,32.3,14.0,8.2,1.5,0.407,0.25,0.775
2007,37,Josh McRoberts,mcrobjo01,True,True,2006-07,DUKE,33.0,35.3,13.0,7.9,3.5,0.502,0.217,0.664
2007,38,Kyrylo Fesenko,fesenky01,True,False,,,,,,,,,,
2007,39,Stanko Barać,baracst01,True,False,,,,,,,,,,
2007,40,Sun Yue,yuesu01,True,False,,,,,,,,,,
2007,41,Chris Richard,richach01,True,True,2006-07,FLORIDA,40.0,18.2,6.2,3.7,0.4,0.69,,0.627
2007,42,Derrick Byars,byarsde01,True,True,2006-07,VANDY,34.0,31.4,17.0,4.9,3.4,0.457,0.373,0.711
2007,43,Adam Haluska,halusad02,True,True,2006-07,IOWA,31.0,34.5,20.5,4.6,2.6,0.408,0.363,0.87
2007,44,Reyshawn Terry,terryre01,True,True,2006-07,UNC,38.0,21.5,9.7,5.4,1.7,0.494,0.437,0.739
2007,45,Jared Jordan,jordaja01,True,True,2006-07,MARIST,33.0,37.9,17.2,5.9,8.7,0.425,0.298,0.69
2007,46,Stéphane Lasme,lasmest01,True,True,2006-07,UMASS,33.0,30.6,13.5,9.5,0.8,0.611,,0.622
2007,47,Dominic McGuire,mcguido01,True,True,2006-07,FRESNOST,32.0,32.9,13.5,9.8,3.3,0.471,0.299,0.586
2007,48,Marc Gasol,gasolma01,True,False,,,,,,,,,,
2007,49,Aaron Gray,grayaa01,True,True,2006-07,PITT,36.0,28.2,13.9,9.5,1.7,0.565,,0.548
2007,50,Renaldas Seibutis,seibure01,True,False,,,,,,,,,,
2007,51,JamesOn Curry,curryja01,True,True,2006-07,OKSTATE,35.0,37.0,17.3,3.2,3.7,0.452,0.411,0.793
2007,52,Taurean Green,greenta01,True,True,2006-07,FLORIDA,40.0,33.2,13.3,2.4,3.7,0.444,0.406,0.849
2007,53,Demetris Nichols,nichode01,True,True,2006-07,SYRACUSE,35.0,34.8,18.9,5.4,1.5,0.447,0.417,0.85
2007,54,Brad Newley,newlebr01,True,False,,,,,,,,,,
2007,55,Herbert Hill,hillhe02,True,True,2006-07,PROVIDENCE,31.0,31.9,18.1,8.8,1.5,0.64,0.0,0.602
2007,56,Ramon Sessions,sessira01,True,True,2006-07,NEVADA,34.0,30.2,12.3,4.7,4.7,0.452,0.38,0.825
2007,57,Sammy Mejia,mejiasa01,True,True,2006-07,DEPAUL,34.0,33.5,14.1,5.9,2.6,0.481,0.353,0.602
2007,58,Georgios Printezis,printgi01,True,False,,,,,,,,,,
2007,59,D.J. Strawberry,strawdj01,True,True,2006-07,MARYLAND,34.0,31.9,14.9,4.4,3.5,0.477,0.343,0.685
2007,60,Milovan Raković,rakovmi01,True,False,,,,,,,,,,
2008,1,Derrick Rose,rosede01,True,True,2007-08,MEMPHIS,40.0,29.2,14.9,4.5,4.7,0.477,0.337,0.712
2008,2,Michael Beasley,beaslmi01,True,True,2007-08,KANSASST,33.0,31.5,26.2,12.4,1.2,0.532,0.379,0.774
2008,3,O.J. Mayo,mayooj01,True,True,2007-08,USC,33.0,36.8,20.7,4.5,3.3,0.442,0.409,0.803
2008,4,Russell Westbrook,westbru01,True,True,2007-08,UCLA,39.0,33.8,12.7,3.9,4.3,0.465,0.338,0.713
2008,5,Kevin Love,loveke01,True,True,2007-08,UCLA,39.0,29.6,17.5,10.6,1.9,0.559,0.354,0.767
2008,6,Danilo Gallinari,gallida01,True,False,,,,,,,,,,
2008,7,Eric Gordon,gordoer01,True,True,2007-08,INDIANA,32.0,34.7,20.9,3.3,2.4,0.433,0.337,0.834
2008,8,Joe Alexander,alexajo01,True,True,2007-08,WVIRGINIA,36.0,31.6,16.9,6.4,2.4,0.462,0.268,0.814
2008,9,D.J. Augustin,augusdj01,True,True,2007-08,TEXAS,38.0,37.3,19.2,2.9,5.8,0.439,0.381,0.783
2008,10,Brook Lopez,lopezbr01,True,True,2007-08,STANFORD,27.0,30.8,19.3,8.2,1.4,0.468,0.0,0.789
2008,11,Jerryd Bayless,bayleje01,True,True,2007-08,ARIZONA,30.0,35.7,19.7,2.7,4.0,0.458,0.407,0.839
2008,12,Jason Thompson,thompja02,True,True,2007-08,RIDER,34.0,34.6,20.4,12.1,2.7,0.56,0.324,0.581
2008,13,Brandon Rush,rushbr01,True,True,2007-08,KANSAS,38.0,29.7,13.3,5.1,2.1,0.435,0.419,0.779
2008,14,Anthony Randolph,randoan01,True,True,2007-08,LSU,31.0,32.8,15.6,8.5,1.2,0.464,0.105,0.693
2008,15,Robin Lopez,lopezro01,True,True,2007-08,STANFORD,36.0,24.5,10.2,5.7,0.6,0.534,1.0,0.652
2008,16,Marreese Speights,speigma01,True,True,2007-08,FLORIDA,36.0,24.3,14.5,8.1,0.9,0.624,,0.692
2008,17,Roy Hibbert,hibbero01,True,True,2007-08,GEORGETOWN,34.0,26.3,13.4,6.4,1.9,0.609,1.0,0.646
2008,18,JaVale McGee,mcgeeja01,True,True,2007-08,NEVADA,33.0,27.3,14.1,7.3,0.6,0.529,0.333,0.525
2008,19,J.J. Hickson,hicksjj01,True,True,2007-08,NCSTATE,31.0,28.7,14.8,8.5,1.0,0.591,0.0,0.677
2008,20,Alexis Ajinça,ajincal01,True,False,,,,,,,,,,
2008,21,Ryan Anderson,anderry01,True,True,2007-08,CALIFORNIA,33.0,32.8,21.1,9.9,1.4,0.49,0.41,0.869
2008,22,Courtney Lee,leeco01,True,True,2007-08,WKENTUCKY,36.0,30.0,20.4,4.9,2.1,0.477,0.397,0.822
2008,23,Kosta Koufos,koufoko01,True,True,2007-08,OHIOST,37.0,27.1,14.4,6.7,0.5,0.508,0.349,0.68
2008,24,Serge Ibaka,ibakase01,True,False,,,,,,,,,,
2008,25,Nicolas Batum,batumni01,True,False,,,,,,,,,,
2008,26,George Hill,hillge01,True,True,2007-08,IUPUI,32.0,36.8,21.5,6.8,4.3,0.545,0.45,0.812
2008,27,Darrell Arthur,arthuda01,True,True,2007-08,KANSAS,40.0,24.7,12.8,6.3,0.8,0.543,0.167,0.702
2008,28,Donté Greene,greendo01,True,True,2007-08,SYRACUSE,35.0,35.8,17.7,7.2,2.0,0.418,0.345,0.707
2008,29,D.J. White,whitedj01,True,True,2007-08,INDIANA,33.0,33.5,17.4,10.3,0.8,0.605,0.333,0.689
2008,30,J.R. Giddens,giddejr01,True,True,2007-08,NMEXICO,33.0,32.2,16.3,8.8,3.1,0.516,0.333,0.586
2008,31,Nikola Peković,pekovni01,True,False,,,,,,,,,,
2008,32,Walter Sharpe,sharpwa01,True,True,2007-08,UAB,12.0,24.9,14.2,6.8,1.7,0.523,0.0,0.523
2008,33,Joey Dorsey,dorsejo01,True,True,2007-08,MEMPHIS,38.0,25.2,6.9,9.5,0.5,0.647,,0.378
2008,34,Mario Chalmers,chalmma01,True,True,2007-08,KANSAS,39.0,30.0,12.8,3.1,4.3,0.516,0.468,0.746
2008,35,DeAndre Jordan,jordade01,True,True,2007-08,TEXASAM,35.0,20.1,7.9,6.0,0.4,0.617,,0.437
2008,36,Ömer Aşık,asikom01,True,False,,,,,,,,,,
2008,37,Luc Mbah a Moute,mbahalu01,True,True,2007-08,UCLA,33.0,29.0,8.8,6.0,1.5,0.478,0.2,0.689
2008,38,Kyle Weaver,weaveky01,True,True,2007-08,WASHST,35.0,33.1,12.2,5.3,4.3,0.463,0.364,0.733
2008,39,Sonny Weems,weemsso01,True,True,2007-08,ARKANSAS,34.0,31.4,15.0,4.5,2.6,0.464,0.37,0.803
2008,40,Chris Douglas-Roberts,douglch01,True,True,2007-08,MEMPHIS,40.0,28.7,18.1,4.1,1.8,0.541,0.413,0.712
2008,41,Nathan Jawai,jawaina01,True,True,2006-07,MIDLANDCC,13.0,23.9,11.4,5.8,0.9,0.533,0.0,0.655
2008,42,Sean Singletary,singlse01,True,True,2007-08,VIRGINIA,33.0,34.0,19.8,3.8,6.1,0.426,0.367,0.851
2008,43,Patrick Ewing,ewingpa02,True,True,2007-08,GEORGETOWN,34.0,21.7,6.1,4.2,1.8,0.529,0.283,0.658
2008,44,Ante Tomić,tomican01,True,False,,,,,,,,,,
2008,45,Goran Dragić,dragigo01,True,False,,,,,,,,,,
2008,46,Trent Plaisted,plaistr01,True,True,2007-08,BYU,35.0,27.4,15.6,7.7,1.5,0.542,,0.542
2008,47,Henry Walker,walkebi01,True,True,2007-08,KANSASST,31.0,27.3,16.1,6.3,1.9,0.465,0.307,0.737
2008,48,Malik Hairston,hairsma01,True,True,2007-08,OREGON,31.0,31.5,16.3,4.8,2.1,0.525,0.433,0.732
2008,49,Richard Hendrix,hendrri02,True,True,2007-08,ALABAMA,32.0,30.6,17.8,10.1,1.6,0.598,0.286,0.537
2008,50,DeVon Hardin,hardide01,True,True,2007-08,CALIFORNIA,30.0,23.8,9.3,7.4,0.7,0.554,,0.636
2008,51,Shan Foster,fostesh01,True,True,2007-08,VANDY,34.0,33.7,20.3,4.9,1.6,0.523,0.469,0.76
2008,52,Darnell Jackson,jacksda01,True,True,2007-08,KANSAS,40.0,24.3,11.2,6.7,1.1,0.626,0.333,0.691
2008,53,Tadija Dragićević,dragita01,True,False,,,,,,,,,,
2008,54,Maarty Leunen,leunema01,True,True,2007-08,OREGON,32.0,34.7,15.2,9.2,2.8,0.559,0.492,0.789
2008,55,Mike Taylor,taylomi01,True,True,2006-07,IOWAST,31.0,32.9,16.0,4.1,4.5,0.376,0.36,0.682
2008,56,Sasha Kaun,kaunsa01,True,True,2007-08,KANSAS,40.0,17.7,7.1,3.9,0.3,0.619,,0.541
2008,57,James Gist,gistja01,True,True,2007-08,MARYLAND,33.0,32.0,15.9,7.9,1.4,0.496,0.31,0.737
2008,58,Joe Crawford,crawfjo01,True,True,2007-08,KENTUCKY,30.0,33.6,17.9,3.6,2.1,0.469,0.364,0.762
2008,59,Deron Washington,washide02,True,True,2007-08,VATECH,35.0,33.1,13.1,6.5,2.3,0.416,0.269,0.671
2008,60,Semih Erden,erdense01,True,False,,,,,,,,,,
2009,1,Blake Griffin,griffbl01,True,True,2008-09,OKLAHOMA,35.0,33.3,22.7,14.4,2.3,0.654,0.375,0.59
2009,2,Hasheem Thabeet,thabeha01,True,True,2008-09,UCONN,36.0,31.8,13.6,10.8,0.5,0.64,,0.627
2009,3,James Harden,hardeja01,True,True,2008-09,ARIZONAST,35.0,35.8,20.1,5.6,4.2,0.489,0.356,0.756
2009,4,Tyreke Evans,evansty01,True,True,2008-09,MEMPHIS,37.0,29.0,17.1,5.4,3.9,0.455,0.274,0.711
2009,5,Ricky Rubio,rubiori01,True,False,,,,,,,,,,
2009,6,Jonny Flynn,flynnjo01,True,True,2008-09,SYRACUSE,38.0,37.3,17.4,2.7,6.7,0.46,0.317,0.786
2009,7,Stephen Curry,curryst01,True,True,2008-09,DAVIDSON,34.0,33.7,28.6,4.4,5.6,0.454,0.387,0.876
2009,8,Jordan Hill,hilljo01,True,True,2008-09,ARIZONA,34.0,35.7,18.3,11.0,1.5,0.537,,0.654
2009,9,DeMar DeRozan,derozde01,True,True,2008-09,USC,35.0,33.4,13.9,5.7,1.5,0.523,0.167,0.646
2009,10,Brandon Jennings,jennibr01,True,False,,,,,,,,,,
2009,11,Terrence Williams,willite01,True,True,2008-09,LOUISVILLE,37.0,34.2,12.5,8.6,5.0,0.431,0.385,0.581
2009,12,Gerald Henderson,hendege02,True,True,2008-09,DUKE,37.0,29.7,16.5,4.9,2.5,0.45,0.336,0.761
2009,13,Tyler Hansbrough,hansbty01,True,True,2008-09,UNC,34.0,30.3,20.7,8.1,1.0,0.514,0.391,0.841
2009,14,Earl Clark,clarkea01,True,True,2008-09,LOUISVILLE,37.0,34.3,14.2,8.7,3.2,0.457,0.326,0.647
2009,15,Austin Daye,dayeau01,True,True,2008-09,GONZAGA,34.0,26.3,12.7,6.8,1.1,0.477,0.429,0.706
2009,16,James Johnson,johnsja01,True,True,2008-09,WAKE,31.0,30.5,15.0,8.5,2.0,0.542,0.319,0.697
2009,17,Jrue Holiday,holidjr01,True,True,2008-09,UCLA,35.0,27.1,8.5,3.8,3.7,0.45,0.307,0.726
2009,18,Ty Lawson,lawsoty01,True,True,2008-09,UNC,35.0,29.9,16.6,3.0,6.6,0.532,0.472,0.798
2009,19,Jeff Teague,teaguje01,True,True,2008-09,WAKE,31.0,32.0,18.8,3.3,3.5,0.485,0.441,0.817
2009,20,Eric Maynor,maynoer01,True,True,2008-09,VCU,34.0,35.5,22.4,3.6,6.2,0.463,0.361,0.815
2009,21,Darren Collison,collida01,True,True,2008-09,UCLA,35.0,31.5,14.4,2.4,4.7,0.509,0.394,0.897
2009,22,Victor Claver,clavevi01,True,False,,,,,,,,,,
2009,23,Omri Casspi,casspom01,True,False,,,,,,,,,,
2009,24,Byron Mullens,mulleby01,True,True,2008-09,OHIOST,33.0,20.3,8.8,4.7,0.3,0.638,0.0,0.559
2009,25,Rodrigue Beaubois,beaubro01,True,False,,,,,,,,,,
2009,26,Taj Gibson,gibsota01,True,True,2008-09,USC,35.0,33.7,14.3,9.0,1.3,0.601,,0.659
2009,27,DeMarre Carroll,carrode01,True,True,2008-09,MISSOURI,38.0,28.0,16.6,7.2,2.2,0.558,0.364,0.634
2009,28,Wayne Ellington,ellinwa01,True,True,2008-09,UNC,38.0,30.4,15.8,4.9,2.7,0.483,0.417,0.777
2009,29,Toney Douglas,douglto01,True,True,2008-09,FLORIDAST,35.0,36.5,21.5,3.9,2.9,0.446,0.385,0.81
2009,30,Christian Eyenga,eyengch01,True,False,,,,,,,,,,
2009,31,Jeff Ayres,pendeje02,True,True,2008-09,ARIZONAST,35.0,32.5,14.5,8.2,0.9,0.66,0.0,0.779
2009,32,Jermaine Taylor,tayloje02,True,True,2008-09,CFLORIDA,31.0,31.9,26.2,5.2,1.9,0.48,0.376,0.812
2009,33,Dante Cunningham,cunnida01,True,True,2008-09,VILLANOVA,38.0,31.6,16.1,7.5,1.2,0.525,0.0,0.697
2009,34,Sergio Llull,llullse01,True,False,,,,,,,,,,
2009,35,DaJuan Summers,summeda01,True,True,2008-09,GEORGETOWN,31.0,29.4,13.6,4.1,1.3,0.474,0.385,0.713
2009,36,Sam Young,youngsa01,True,True,2008-09,PITT,36.0,31.8,19.2,6.3,1.1,0.502,0.372,0.74
2009,37,DeJuan Blair,blairde01,True,True,2008-09,PITT,35.0,27.3,15.7,12.3,1.2,0.593,,0.605
2009,38,Jon Brockman,brockjo01,True,True,2008-09,WASHINGTON,34.0,30.5,14.9,11.5,1.1,0.526,0.0,0.64
2009,39,Jonas Jerebko,jerebjo01,True,False,,,,,,,,,,
2009,40,Derrick Brown,brownde04,True,True,2008-09,XAVIER,35.0,29.5,13.7,6.1,1.9,0.504,0.433,0.741
2009,41,Jodie Meeks,meeksjo01,True,True,2008-09,KENTUCKY,36.0,34.4,23.7,3.4,1.8,0.463,0.406,0.902
2009,42,Patrick Beverley,beverpa01,True,True,2007-08,ARKANSAS,35.0,33.8,12.1,6.6,2.4,0.412,0.378,0.644
2009,43,Marcus Thornton,thornma01,True,True,2008-09,LSU,35.0,31.9,21.1,5.5,2.1,0.472,0.388,0.745
2009,44,Chase Budinger,budinch01,True,True,2008-09,ARIZONA,35.0,37.6,18.0,6.2,3.4,0.48,0.399,0.801
2009,45,Nick Calathes,calatni01,True,True,2008-09,FLORIDA,36.0,33.3,17.2,5.3,6.4,0.482,0.39,0.707
2009,46,Danny Green,greenda02,True,True,2008-09,UNC,38.0,27.4,13.1,4.7,2.7,0.471,0.418,0.852
2009,47,Henk Norel,norelhe01,True,False,,,,,,,,,,
2009,48,Taylor Griffin,griffta01,True,True,2008-09,OKLAHOMA,36.0,30.0,9.6,5.8,1.3,0.536,0.357,0.7
2009,49,Sergiy Gladyr,gladyse01,True,False,,,,,,,,,,
2009,50,Goran Suton,sutongo01,True,True,2008-09,MICHIGANST,32.0,26.7,10.4,8.4,1.6,0.521,0.438,0.848
2009,51,Jack McClinton,mcclija01,True,True,2008-09,MIAMIFL,32.0,32.2,19.3,3.1,2.8,0.449,0.453,0.885
2009,52,A.J. Price,priceaj01,True,True,2008-09,UCONN,35.0,31.8,14.7,3.5,4.7,0.408,0.402,0.721
2009,53,Nando De Colo,decolna01,True,False,,,,,,,,,,
2009,54,Robert Vaden,vadenro01,True,True,2008-09,UAB,34.0,36.5,17.6,4.9,2.1,0.397,0.346,0.74
2009,55,Patty Mills,millspa02,True,True,2008-09,STMARYSCA,26.0,33.3,18.4,2.4,3.9,0.402,0.338,0.859
2009,56,Ahmad Nivins,nivinah01,True,True,2008-09,STJOSEPHS,32.0,39.3,19.2,11.8,1.0,0.612,0.0,0.787
2009,57,Emir Preldžić,preldem01,True,False,,,,,,,,,,
2009,58,Lester Hudson,hudsole01,True,True,2008-09,TNMARTIN,32.0,36.0,27.5,7.9,4.2,0.449,0.355,0.881
2009,59,Chinemelu Elonu,elonuch01,True,True,2008-09,TEXASAM,34.0,23.8,9.8,7.3,0.3,0.665,,0.628
2009,60,Robert Dozier,doziero01,True,True,2008-09,MEMPHIS,37.0,30.2,12.9,7.5,1.4,0.519,0.375,0.721
2010,1,John Wall,walljo01,True,True,2009-10,KENTUCKY,37.0,34.8,16.6,4.3,6.5,0.461,0.325,0.754
2010,2,Evan Turner,turneev01,True,True,2009-10,OHIOST,31.0,35.7,20.4,9.2,6.0,0.519,0.364,0.754
2010,3,Derrick Favors,favorde01,True,True,2009-10,GATECH,36.0,27.5,12.4,8.4,1.0,0.611,0.0,0.629
2010,4,Wesley Johnson,johnswe01,True,True,2009-10,SYRACUSE,35.0,35.0,16.5,8.5,2.2,0.502,0.415,0.772
2010,5,DeMarcus Cousins,couside01,True,True,2009-10,KENTUCKY,38.0,23.5,15.1,9.8,1.0,0.558,0.167,0.604
2010,6,Ekpe Udoh,udohek01,True,True,2009-10,BAYLOR,36.0,35.1,13.9,9.8,2.7,0.49,0.269,0.685
2010,7,Greg Monroe,monrogr01,True,True,2009-10,GEORGETOWN,34.0,34.2,16.1,9.6,3.8,0.525,0.259,0.66
2010,8,Al-Farouq Aminu,aminual01,True,True,2009-10,WAKE,31.0,31.3,15.8,10.7,1.3,0.447,0.273,0.698
2010,9,Gordon Hayward,haywago01,True,True,2009-10,BUTLER,37.0,33.5,15.5,8.2,1.7,0.464,0.294,0.829
2010,10,Paul George,georgpa01,True,True,2009-10,FRESNOST,29.0,33.2,16.8,7.2,3.0,0.424,0.353,0.909
2010,11,Cole Aldrich,aldrico01,True,True,2009-10,KANSAS,36.0,26.8,11.3,9.8,0.9,0.562,,0.679
2010,12,Xavier Henry,henryxa01,True,True,2009-10,KANSAS,36.0,27.5,13.4,4.4,1.5,0.458,0.418,0.783
2010,13,Ed Davis,davised01,True,True,2009-10,UNC,23.0,27.9,13.4,9.6,1.0,0.578,,0.659
2010,14,Patrick Patterson,pattepa01,True,True,2009-10,KENTUCKY,38.0,33.0,14.3,7.4,0.9,0.575,0.348,0.692
2010,15,Larry Sanders,sandela01,True,True,2009-10,VCU,35.0,26.9,14.4,9.1,1.0,0.534,0.25,0.641
2010,16,Luke Babbitt,babbilu01,True,True,2009-10,NEVADA,34.0,37.1,21.9,8.9,2.1,0.5,0.416,0.917
2010,17,Kevin Séraphin,serapke01,True,False,,,,,,,,,,
2010,18,Eric Bledsoe,bledser01,True,True,2009-10,KENTUCKY,37.0,30.3,11.3,3.1,2.9,0.462,0.383,0.667
2010,19,Avery Bradley,bradlav01,True,True,2009-10,TEXAS,34.0,29.5,11.6,2.9,2.1,0.432,0.375,0.545
2010,20,James Anderson,anderja01,True,True,2009-10,OKSTATE,33.0,34.1,22.3,5.8,2.4,0.457,0.341,0.81
2010,21,Craig Brackins,brackcr01,True,True,2009-10,IOWAST,32.0,35.1,16.5,8.5,2.2,0.42,0.31,0.76
2010,22,Elliot Williams,williel01,True,True,2009-10,MEMPHIS,34.0,33.3,17.9,4.0,3.8,0.459,0.366,0.758
2010,23,Trevor Booker,booketr01,True,True,2009-10,CLEMSON,32.0,30.8,15.2,8.4,2.5,0.521,0.265,0.591
2010,24,Damion James,jamesda01,True,True,2009-10,TEXAS,34.0,30.3,18.0,10.3,1.0,0.501,0.383,0.674
2010,25,Dominique Jones,jonesdo02,True,True,2009-10,SFLORIDA,33.0,37.1,21.4,6.1,3.6,0.45,0.311,0.741
2010,26,Quincy Pondexter,pondequ01,True,True,2009-10,WASHINGTON,36.0,32.3,19.3,7.4,1.8,0.528,0.353,0.827
2010,27,Jordan Crawford,crawfjo02,True,True,2009-10,XAVIER,35.0,32.8,20.5,4.7,2.9,0.462,0.391,0.773
2010,28,Greivis Vásquez,vasqugr01,True,True,2009-10,MARYLAND,33.0,33.9,19.6,4.6,6.3,0.429,0.359,0.857
2010,29,Daniel Orton,ortonda01,True,True,2009-10,KENTUCKY,38.0,13.2,3.4,3.3,0.4,0.527,0.0,0.524
2010,30,Lazar Hayward,haywala01,True,True,2009-10,MARQUETTE,34.0,32.3,18.1,7.5,1.5,0.432,0.349,0.843
2010,31,Tibor Pleiß,pleisti01,True,False,,,,,,,,,,
2010,32,Dexter Pittman,pittmde01,True,True,2009-10,TEXAS,34.0,19.1,10.4,5.9,0.5,0.654,,0.556
2010,33,Hassan Whiteside,whiteha01,True,True,2009-10,MARSHALL,34.0,26.1,13.1,8.9,0.3,0.524,0.6,0.588
2010,34,Armon Johnson,johnsar02,True,True,2009-10,NEVADA,34.0,34.5,15.7,3.4,5.6,0.495,0.239,0.678
2010,35,Nemanja Bjelica,bjeline01,True,False,,,,,,,,,,
2010,36,Terrico White,whitete01,True,True,2009-10,OLEMISS,35.0,31.5,15.1,4.6,1.5,0.43,0.341,0.714
2010,37,Darington Hobson,hobsoda01,True,True,2009-10,NMEXICO,35.0,33.6,15.9,9.3,4.6,0.44,0.361,0.653
2010,38,Andy Rautins,rautian01,True,True,2009-10,SYRACUSE,35.0,32.5,12.1,3.4,4.9,0.438,0.407,0.815
2010,39,Landry Fields,fieldla01,True,True,2009-10,STANFORD,32.0,36.3,22.0,8.8,2.8,0.49,0.337,0.696
2010,40,Lance Stephenson,stephla01,True,True,2009-10,CINCY,34.0,28.2,12.3,5.4,2.5,0.44,0.219,0.664
2010,41,Jarvis Varnado,varnaja01,True,True,2009-10,MISSST,36.0,31.7,13.8,10.3,0.9,0.582,,0.61
2010,42,Da'Sean Butler,butleda03,True,True,2009-10,WVIRGINIA,38.0,35.8,17.2,6.2,3.1,0.414,0.354,0.789
2010,43,Devin Ebanks,ebankde01,True,True,2009-10,WVIRGINIA,34.0,34.1,12.0,8.1,2.4,0.457,0.1,0.77
2010,44,Jerome Jordan,jordaje01,True,True,2009-10,TULSA,35.0,29.8,15.4,9.1,1.3,0.549,,0.688
2010,45,Paulão Prestes,prestpa01,True,False,,,,,,,,,,
2010,46,Gani Lawal,lawalga01,True,True,2009-10,GATECH,36.0,25.8,13.1,8.5,0.4,0.529,0.0,0.572
2010,47,Tiny Gallon,galloti01,True,True,2009-10,OKLAHOMA,30.0,24.0,10.3,7.9,0.8,0.547,0.235,0.697
2010,48,Latavious Williams,willila01,True,False,,,,,,,,,,
2010,49,Ryan Richards,richary01,True,False,,,,,,,,,,
2010,50,Solomon Alabi,alabiso01,True,True,2009-10,FLORIDAST,32.0,25.6,11.7,6.2,0.5,0.534,,0.794
2010,51,Magnum Rolle,rollema01,True,True,2009-10,LATECH,34.0,30.1,13.9,8.4,0.8,0.514,,0.66
2010,52,Luke Harangody,haranlu01,True,True,2009-10,NOTREDAME,30.0,33.0,21.8,9.1,1.6,0.481,0.309,0.787
2010,53,Pape Sy,sypa01,True,False,,,,,,,,,,
2010,54,Willie Warren,warrewi01,True,True,2009-10,OKLAHOMA,21.0,32.3,16.3,3.3,4.1,0.438,0.309,0.795
2010,55,Jeremy Evans,evansje01,True,True,2009-10,WKENTUCKY,34.0,26.5,10.0,6.9,0.7,0.649,0.25,0.688
2010,56,Hamady N'Diaye,ndiayha01,True,True,2009-10,RUTGERS,32.0,28.3,9.4,7.1,0.4,0.579,,0.617
2010,57,Ryan Reid,reidry01,True,True,2009-10,FLORIDAST,31.0,22.7,6.8,4.0,1.1,0.491,,0.597
2010,58,Derrick Caracter,caracde01,True,True,2009-10,UTEP,27.0,26.7,14.1,8.1,1.1,0.567,0.267,0.672
2010,59,Stanley Robinson,robinst01,True,True,2009-10,UCONN,34.0,34.2,14.5,7.6,1.0,0.525,0.342,0.629
2010,60,Dwayne Collins,collidw01,True,True,2009-10,MIAMIFL,29.0,24.7,12.0,7.8,1.2,0.604,,0.569
2011,1,Kyrie Irving,irvinky01,True,True,2010-11,DUKE,11.0,27.5,17.5,3.4,4.3,0.529,0.462,0.901
2011,2,Derrick Williams,willide02,True,True,2010-11,ARIZONA,38.0,30.0,19.5,8.3,1.1,0.595,0.568,0.746
2011,3,Enes Freedom,kanteen01,True,False,,,,,,,,,,
2011,4,Tristan Thompson,thomptr01,True,True,2010-11,TEXAS,36.0,30.7,13.1,7.8,1.3,0.546,,0.487
2011,5,Jonas Valančiūnas,valanjo01,True,False,,,,,,,,,,
2011,6,Jan Veselý,veselja01,True,False,,,,,,,,,,
2011,7,Bismack Biyombo,biyombi01,True,False,,,,,,,,,,
2011,8,Brandon Knight,knighbr03,True,True,2010-11,KENTUCKY,38.0,35.9,17.3,4.0,4.2,0.423,0.377,0.795
2011,9,Kemba Walker,walkeke02,True,True,2010-11,UCONN,41.0,37.6,23.5,5.4,4.5,0.428,0.33,0.819
2011,10,Jimmer Fredette,fredeji01,True,True,2010-11,BYU,37.0,35.8,28.9,3.4,4.3,0.452,0.396,0.894
2011,11,Klay Thompson,thompkl01,True,True,2010-11,WASHST,34.0,34.7,21.6,5.2,3.7,0.436,0.398,0.838
2011,12,Alec Burks,burksal01,True,True,2010-11,COLORADO,38.0,31.4,20.5,6.5,2.9,0.469,0.292,0.825
2011,13,Markieff Morris,morrima02,True,True,2010-11,KANSAS,38.0,24.4,13.6,8.3,1.4,0.589,0.424,0.673
2011,14,Marcus Morris,morrima03,True,True,2010-11,KANSAS,38.0,28.3,17.2,7.6,1.6,0.57,0.342,0.688
2011,15,Kawhi Leonard,leonaka01,True,True,2010-11,SANDIEGOST,36.0,32.6,15.5,10.6,2.5,0.444,0.291,0.759
2011,16,Nikola Vučević,vucevni01,True,True,2010-11,USC,34.0,34.9,17.1,10.3,1.6,0.505,0.349,0.755
2011,17,Iman Shumpert,shumpim01,True,True,2010-11,GATECH,31.0,32.0,17.3,5.9,3.5,0.406,0.278,0.806
2011,18,Chris Singleton,singlch01,True,True,2010-11,FLORIDAST,28.0,29.1,13.1,6.8,1.2,0.434,0.368,0.667
2011,19,Tobias Harris,harrito02,True,True,2010-11,TENNESSEE,34.0,29.2,15.3,7.3,1.3,0.46,0.303,0.753
2011,20,Donatas Motiejūnas,motiedo01,True,False,,,,,,,,,,
2011,21,Nolan Smith,smithno01,True,True,2010-11,DUKE,37.0,34.0,20.6,4.5,5.1,0.458,0.35,0.813
2011,22,Kenneth Faried,farieke01,True,True,2010-11,MOREHEAD,35.0,34.7,17.3,14.5,1.1,0.623,,0.577
2011,23,Nikola Mirotić,mirotni01,True,False,,,,,,,,,,
2011,24,Reggie Jackson,jacksre01,True,True,2010-11,BOSTONCOLL,34.0,34.1,18.2,4.3,4.5,0.503,0.42,0.796
2011,25,MarShon Brooks,brookma01,True,True,2010-11,PROVIDENCE,32.0,36.5,24.6,7.0,2.5,0.483,0.34,0.772
2011,26,Jordan Hamilton,hamiljo02,True,True,2010-11,TEXAS,36.0,32.2,18.6,7.7,2.1,0.44,0.385,0.779
2011,27,JaJuan Johnson,johnsja02,True,True,2010-11,PURDUE,34.0,35.4,20.5,8.6,1.0,0.494,0.294,0.809
2011,28,Norris Cole,coleno01,True,True,2010-11,CLEVST,36.0,35.7,21.7,5.8,5.3,0.439,0.342,0.853
2011,29,Cory Joseph,josepco01,True,True,2010-11,TEXAS,36.0,32.4,10.4,3.6,3.0,0.422,0.413,0.699
2011,30,Jimmy Butler,butleji01,True,True,2010-11,MARQUETTE,37.0,34.6,15.7,6.1,2.3,0.49,0.345,0.783
2011,31,Bojan Bogdanović,bogdabo02,True,False,,,,,,,,,,
2011,32,Justin Harper,harpeju01,True,True,2010-11,RICHMOND,37.0,31.8,17.9,6.9,1.2,0.534,0.448,0.797
2011,33,Kyle Singler,singlky01,True,True,2010-11,DUKE,37.0,34.8,16.9,6.8,1.6,0.43,0.321,0.806
2011,34,Shelvin Mack,macksh01,True,True,2010-11,BUTLER,38.0,32.1,16.0,4.5,3.4,0.408,0.354,0.769
2011,35,Tyler Honeycutt,honeyty01,True,True,2010-11,UCLA,33.0,35.0,12.8,7.2,2.8,0.406,0.362,0.736
2011,36,Jordan Williams,willijo03,True,True,2010-11,MARYLAND,33.0,32.5,16.9,11.8,0.6,0.538,,0.575
2011,37,Trey Thompkins,thomptr02,True,True,2010-11,GEORGIA,30.0,31.2,16.4,7.6,1.4,0.481,0.311,0.689
2011,38,Chandler Parsons,parsoch01,True,True,2010-11,FLORIDA,36.0,34.1,11.3,7.8,3.8,0.48,0.368,0.557
2011,39,Jeremy Tyler,tylerje01,True,False,,,,,,,,,,
2011,40,Jon Leuer,leuerjo01,True,True,2010-11,WISCONSIN,34.0,33.5,18.3,7.2,1.6,0.47,0.37,0.843
2011,41,Darius Morris,morrida01,True,True,2010-11,MICHIGAN,35.0,34.8,15.0,4.0,6.7,0.489,0.25,0.715
2011,42,Dāvis Bertāns,bertada01,True,False,,,,,,,,,,
2011,43,Malcolm Lee,leema01,True,True,2010-11,UCLA,33.0,33.1,13.1,3.1,2.0,0.437,0.295,0.778
2011,44,Charles Jenkins,jenkich01,True,True,2010-11,HOFSTRA,33.0,37.3,22.6,3.4,4.8,0.517,0.42,0.824
2011,45,Josh Harrellson,harrejo01,True,True,2010-11,KENTUCKY,38.0,28.5,7.6,8.7,0.8,0.611,0.2,0.589
2011,46,Andrew Goudelock,goudean01,True,True,2010-11,CHARLESTON,37.0,35.2,23.7,3.9,4.2,0.455,0.407,0.821
2011,47,Travis Leslie,leslitr01,True,True,2010-11,GEORGIA,33.0,32.2,14.4,7.2,2.9,0.492,0.302,0.801
2011,48,Keith Benson,bensoke02,True,True,2010-11,OAKLAND,35.0,32.4,17.9,10.1,1.1,0.547,0.391,0.643
2011,49,Josh Selby,selbyjo01,True,True,2010-11,KANSAS,26.0,20.4,7.9,2.2,2.2,0.373,0.362,0.757
2011,50,Lavoy Allen,allenla01,True,True,2010-11,TEMPLE,33.0,33.9,11.6,8.6,2.3,0.48,0.294,0.697
2011,51,Jon Diebler,diebljo01,True,True,2010-11,OHIOST,37.0,35.7,12.6,2.6,2.4,0.507,0.502,0.81
2011,52,Vernon Macklin,macklve01,True,True,2010-11,FLORIDA,37.0,24.5,11.6,5.4,0.8,0.593,,0.451
2011,53,DeAndre Liggins,liggide01,True,True,2010-11,KENTUCKY,38.0,31.6,8.6,4.0,2.5,0.424,0.391,0.648
2011,54,Milan Mačvan,macvami01,True,False,,,,,,,,,,
2011,55,E'Twaun Moore,mooreet01,True,True,2010-11,PURDUE,34.0,33.9,18.0,5.1,3.2,0.447,0.4,0.709
2011,56,Chukwudiebere Maduabum,maduach01,True,False,,,,,,,,,,
2011,57,Tanguy Ngombo,ngombta01,True,False,,,,,,,,,,
2011,58,Ater Majok,majokat01,True,True,2009-10,UCONN,26.0,14.7,2.3,3.0,0.2,0.424,,0.409
2011,59,Ádám Hanga,hangaad01,True,False,,,,,,,,,,
2011,60,Isaiah Thomas,thomais02,True,True,2010-11,WASHINGTON,35.0,31.9,16.8,3.5,6.1,0.445,0.349,0.719
2012,1,Anthony Davis,davisan02,True,True,2011-12,KENTUCKY,40.0,32.0,14.2,10.4,1.3,0.623,0.15,0.709
2012,2,Michael Kidd-Gilchrist,kiddgmi01,True,True,2011-12,KENTUCKY,40.0,31.1,11.9,7.4,1.9,0.491,0.255,0.745
2012,3,Bradley Beal,bealbr01,True,True,2011-12,FLORIDA,37.0,34.2,14.8,6.7,2.2,0.445,0.339,0.769
2012,4,Dion Waiters,waitedi01,True,True,2011-12,SYRACUSE,37.0,24.1,12.6,2.3,2.5,0.476,0.363,0.729
2012,5,Thomas Robinson,robinth01,True,True,2011-12,KANSAS,39.0,31.8,17.7,11.9,1.8,0.505,0.5,0.682
2012,6,Damian Lillard,lillada01,True,True,2011-12,WEBERST,32.0,34.5,24.5,5.0,4.0,0.467,0.409,0.887
2012,7,Harrison Barnes,barneha02,True,True,2011-12,UNC,38.0,29.2,17.1,5.2,1.1,0.44,0.358,0.723
2012,8,Terrence Ross,rosste01,True,True,2011-12,WASHINGTON,35.0,31.1,16.4,6.4,1.4,0.457,0.371,0.766
2012,9,Andre Drummond,drumman01,True,True,2011-12,UCONN,34.0,28.4,10.0,7.6,0.4,0.538,0.0,0.295
2012,10,Austin Rivers,riverau01,True,True,2011-12,DUKE,34.0,33.2,15.5,3.4,2.1,0.433,0.365,0.658
2012,11,Meyers Leonard,leoname01,True,True,2011-12,ILLINOIS,32.0,31.8,13.6,8.2,1.3,0.584,0.091,0.732
2012,12,Jeremy Lamb,lambje01,True,True,2011-12,UCONN,34.0,37.2,17.7,4.9,1.7,0.478,0.336,0.81
2012,13,Kendall Marshall,marshke01,True,True,2011-12,UNC,36.0,33.0,8.1,2.6,9.8,0.467,0.354,0.696
2012,14,John Henson,hensojo01,True,True,2011-12,UNC,35.0,29.1,13.7,9.9,1.3,0.5,,0.511
2012,15,Maurice Harkless,harklma01,True,True,2011-12,STJOHNS,32.0,36.1,15.5,8.6,1.5,0.452,0.215,0.676
2012,16,Royce White,whitero03,True,True,2011-12,IOWAST,34.0,31.5,13.4,9.3,5.0,0.534,0.333,0.498
2012,17,Tyler Zeller,zellety01,True,True,2011-12,UNC,38.0,28.2,16.3,9.6,0.9,0.553,,0.808
2012,18,Terrence Jones,joneste01,True,True,2011-12,KENTUCKY,38.0,29.3,12.3,7.2,1.3,0.5,0.327,0.627
2012,19,Andrew Nicholson,nichoan01,True,True,2011-12,STBONNY,32.0,30.1,18.5,8.4,1.0,0.571,0.434,0.776
2012,20,Evan Fournier,fournev01,True,False,,,,,,,,,,
2012,21,Jared Sullinger,sullija01,True,True,2011-12,OHIOST,37.0,30.4,17.5,9.2,1.2,0.519,0.4,0.768
2012,22,Fab Melo,melofa01,True,True,2011-12,SYRACUSE,30.0,25.4,7.8,5.8,0.7,0.566,,0.633
2012,23,John Jenkins,jenkijo01,True,True,2011-12,VANDY,35.0,33.6,19.9,2.9,1.2,0.474,0.439,0.837
2012,24,Jared Cunningham,cunnija01,True,True,2011-12,OREGONST,36.0,34.6,17.9,3.8,2.8,0.45,0.338,0.737
2012,25,Tony Wroten,wroteto01,True,True,2011-12,WASHINGTON,35.0,30.3,16.0,5.0,3.7,0.443,0.161,0.583
2012,26,Miles Plumlee,plumlmi01,True,True,2011-12,DUKE,34.0,20.5,6.6,7.1,0.5,0.61,,0.632
2012,27,Arnett Moultrie,moultar01,True,True,2011-12,MISSST,30.0,35.8,16.4,10.5,1.2,0.549,0.444,0.78
2012,28,Perry Jones,jonespe01,True,True,2011-12,BAYLOR,33.0,30.7,13.5,7.6,1.3,0.5,0.303,0.696
2012,29,Marquis Teague,teaguma01,True,True,2011-12,KENTUCKY,40.0,32.6,10.0,2.5,4.8,0.412,0.325,0.714
2012,30,Festus Ezeli,ezelife01,True,True,2011-12,VANDY,26.0,23.2,10.1,5.9,0.3,0.539,,0.604
2012,31,Jeff Taylor,tayloje03,True,True,2011-12,VANDY,36.0,32.1,16.1,5.6,1.7,0.493,0.423,0.605
2012,32,Tomáš Satoranský,satorto01,True,False,,,,,,,,,,
2012,33,Bernard James,jamesbe01,True,True,2011-12,FLORIDAST,35.0,28.0,10.8,8.1,0.5,0.606,,0.552
2012,34,Jae Crowder,crowdja01,True,True,2011-12,MARQUETTE,35.0,32.9,17.5,8.4,2.1,0.498,0.345,0.735
2012,35,Draymond Green,greendr01,True,True,2011-12,MICHIGANST,37.0,33.2,16.2,10.6,3.8,0.449,0.388,0.723
2012,36,Orlando Johnson,johnsor01,True,True,2011-12,UCSB,31.0,34.4,19.7,5.8,2.9,0.451,0.427,0.698
2012,37,Quincy Acy,acyqu01,True,True,2011-12,BAYLOR,38.0,29.7,12.0,7.4,1.0,0.577,0.6,0.782
2012,38,Quincy Miller,millequ01,True,True,2011-12,BAYLOR,37.0,24.4,10.6,4.9,1.4,0.447,0.348,0.816
2012,39,Khris Middleton,middlkh01,True,True,2011-12,TEXASAM,20.0,28.8,13.2,5.0,2.3,0.415,0.26,0.75
2012,40,Will Barton,bartowi01,True,True,2011-12,MEMPHIS,35.0,35.3,18.0,8.0,2.9,0.509,0.346,0.749
2012,41,Tyshawn Taylor,tayloty01,True,True,2011-12,KANSAS,39.0,33.4,16.6,2.3,4.8,0.477,0.382,0.688
2012,42,Doron Lamb,lambdo01,True,True,2011-12,KENTUCKY,40.0,31.2,13.7,2.7,1.5,0.474,0.466,0.826
2012,43,Mike Scott,scottmi01,True,True,2011-12,VIRGINIA,32.0,31.2,18.0,8.3,1.2,0.563,0.3,0.808
2012,44,Kim English,engliki01,True,True,2011-12,MISSOURI,35.0,33.6,14.5,4.2,1.6,0.521,0.459,0.725
2012,45,Justin Hamilton,hamilju01,True,True,2011-12,LSU,33.0,30.0,12.9,7.2,0.9,0.494,0.25,0.781
2012,46,Darius Miller,milleda01,True,True,2011-12,KENTUCKY,40.0,26.1,9.9,2.8,2.1,0.474,0.376,0.797
2012,47,Kevin Murphy,murphke01,True,True,2011-12,TNTECH,33.0,34.5,20.6,5.2,2.3,0.444,0.416,0.721
2012,48,Kostas Papanikolaou,papanko01,True,False,,,,,,,,,,
2012,49,Kyle O'Quinn,oquinky01,True,True,2011-12,NORFOLKST,36.0,31.3,15.9,10.3,1.4,0.573,0.188,0.696
2012,50,İzzet Türkyılmaz,turkyiz01,True,False,,,,,,,,,,
2012,51,Kris Joseph,josepkr01,True,True,2011-12,SYRACUSE,37.0,32.2,13.4,4.7,1.5,0.421,0.345,0.745
2012,52,Ognjen Kuzmić,kuzmiog01,True,False,,,,,,,,,,
2012,53,Furkan Aldemir,aldemfu01,True,False,,,,,,,,,,
2012,54,Tornike Shengelia,shengto01,True,False,,,,,,,,,,
2012,55,Darius Johnson-Odom,johnsda03,True,True,2011-12,MARQUETTE,34.0,32.9,18.3,3.5,2.7,0.447,0.385,0.764
2012,56,Tomislav Zubčić,zubcito01,True,False,,,,,,,,,,
2012,57,İlkan Karaman,karamil01,True,False,,,,,,,,,,
2012,58,Robbie Hummel,hummero01,True,True,2011-12,PURDUE,35.0,32.2,16.4,7.2,1.9,0.417,0.383,0.825
2012,59,Marcus Denmon,denmoma01,True,True,2011-12,MISSOURI,35.0,34.6,17.7,5.0,2.1,0.46,0.407,0.896
2012,60,Robert Sacre,sacrero01,True,True,2011-12,GONZAGA,33.0,26.3,11.6,6.3,0.7,0.511,0.0,0.761
2013,1,Anthony Bennett,bennean01,True,True,2012-13,UNLV,35.0,27.1,16.1,8.1,1.0,0.533,0.375,0.701
2013,2,Victor Oladipo,oladivi01,True,True,2012-13,INDIANA,36.0,28.4,13.6,6.3,2.1,0.599,0.441,0.746
2013,3,Otto Porter Jr.,porteot01,True,True,2012-13,GEORGETOWN,31.0,35.4,16.2,7.5,2.7,0.48,0.422,0.777
2013,4,Cody Zeller,zelleco01,True,True,2012-13,INDIANA,36.0,29.5,16.5,8.0,1.3,0.564,0.0,0.757
2013,5,Alex Len,lenal01,True,True,2012-13,MARYLAND,38.0,26.4,11.9,7.8,1.0,0.534,0.125,0.686
2013,6,Nerlens Noel,noelne01,True,True,2012-13,KENTUCKY,24.0,31.9,10.5,9.5,1.6,0.59,,0.529
2013,7,Ben McLemore,mclembe01,True,True,2012-13,KANSAS,37.0,32.2,15.9,5.2,2.0,0.495,0.42,0.87
2013,8,Kentavious Caldwell-Pope,caldwke01,True,True,2012-13,GEORGIA,32.0,33.9,18.5,7.1,1.8,0.433,0.373,0.799
2013,9,Trey Burke,burketr01,True,True,2012-13,MICHIGAN,39.0,35.3,18.6,3.2,6.7,0.463,0.384,0.801
2013,10,CJ McCollum,mccolcj01,True,True,2012-13,LEHIGH,12.0,31.0,23.9,5.0,2.9,0.495,0.516,0.849
2013,11,Michael Carter-Williams,cartemi01,True,True,2012-13,SYRACUSE,40.0,35.2,11.9,5.0,7.3,0.393,0.294,0.694
2013,12,Steven Adams,adamsst01,True,True,2012-13,PITT,32.0,23.4,7.2,6.3,0.6,0.571,,0.443
2013,13,Kelly Olynyk,olynyke01,True,True,2012-13,GONZAGA,32.0,26.4,17.8,7.3,1.7,0.629,0.3,0.776
2013,14,Shabazz Muhammad,muhamsh01,True,True,2012-13,UCLA,32.0,30.8,17.9,5.2,0.8,0.443,0.377,0.711
2013,15,Giannis Antetokounmpo,antetgi01,True,False,,,,,,,,,,
2013,16,Lucas Nogueira,noguelu01,True,False,,,,,,,,,,
2013,17,Dennis Schröder,schrode01,True,False,,,,,,,,,,
2013,18,Shane Larkin,larkish01,True,True,2012-13,MIAMIFL,36.0,36.4,14.5,3.8,4.6,0.479,0.406,0.777
2013,19,Sergey Karasev,karasse01,True,False,,,,,,,,,,
2013,20,Tony Snell,snellto01,True,True,2012-13,NMEXICO,35.0,31.2,12.5,2.6,2.9,0.422,0.39,0.843
2013,21,Gorgui Dieng,dienggo01,True,True,2012-13,LOUISVILLE,33.0,31.1,9.8,9.4,2.0,0.534,,0.652
2013,22,Mason Plumlee,plumlma01,True,True,2012-13,DUKE,36.0,34.7,17.1,9.9,1.9,0.599,,0.681
2013,23,Solomon Hill,hillso01,True,True,2012-13,ARIZONA,35.0,33.0,13.4,5.3,2.7,0.458,0.39,0.766
2013,24,Tim Hardaway Jr.,hardati02,True,True,2012-13,MICHIGAN,38.0,34.8,14.5,4.7,2.4,0.437,0.374,0.694
2013,25,Reggie Bullock,bullore01,True,True,2012-13,UNC,35.0,31.4,13.9,6.5,2.9,0.483,0.436,0.767
2013,26,Andre Roberson,roberan03,True,True,2012-13,COLORADO,31.0,33.4,10.9,11.2,1.4,0.48,0.328,0.551
2013,27,Rudy Gobert,goberru01,True,False,,,,,,,,,,
2013,28,Livio Jean-Charles,jeancli01,True,False,,,,,,,,,,
2013,29,Archie Goodwin,goodwar01,True,True,2012-13,KENTUCKY,33.0,31.8,14.1,4.6,2.7,0.44,0.266,0.637
2013,30,Nemanja Nedović,nedovne01,True,False,,,,,,,,,,
2013,31,Allen Crabbe,crabbal01,True,True,2012-13,CALIFORNIA,33.0,36.2,18.4,6.1,2.6,0.459,0.348,0.813
2013,32,Álex Abrines,abrinal01,True,False,,,,,,,,,,
2013,33,Carrick Felix,felixca01,True,True,2012-13,ARIZONAST,35.0,35.3,14.6,8.1,1.6,0.5,0.374,0.664
2013,34,Isaiah Canaan,canaais01,True,True,2012-13,MURRAYST,31.0,36.5,21.8,3.5,4.3,0.431,0.37,0.822
2013,35,Glen Rice Jr.,ricegl02,True,True,2011-12,GATECH,21.0,29.9,13.0,6.7,2.3,0.457,0.333,0.606
2013,36,Ray McCallum,mccalra01,True,True,2012-13,DETROIT,33.0,36.6,18.7,5.1,4.5,0.491,0.323,0.717
2013,37,Tony Mitchell,mitchto02,True,True,2012-13,NTEXAS,32.0,32.4,13.0,8.5,0.8,0.44,0.3,0.675
2013,38,Nate Wolters,woltena01,True,True,2012-13,SDAKOTAST,33.0,38.1,22.3,5.6,5.8,0.485,0.379,0.813
2013,39,Jeff Withey,witheje01,True,True,2012-13,KANSAS,37.0,30.9,13.7,8.5,0.9,0.582,1.0,0.714
2013,40,Grant Jerrett,jerregr01,True,True,2012-13,ARIZONA,34.0,17.8,5.2,3.6,0.5,0.409,0.405,0.818
2013,41,Jamaal Franklin,frankja01,True,True,2012-13,SANDIEGOST,32.0,33.1,16.9,9.5,3.3,0.411,0.272,0.781
2013,42,Pierre Jackson,jackspi01,True,True,2012-13,BAYLOR,36.0,34.8,19.8,3.8,7.1,0.427,0.359,0.8
2013,43,Ricky Ledo,ledori01,True,False,,,,,,,,,,
2013,44,Mike Muscala,muscami01,True,True,2012-13,BUCKNELL,34.0,31.7,18.7,11.1,2.3,0.509,0.25,0.789
2013,45,Marko Todorović,todorma01,True,False,,,,,,,,,,
2013,46,Erick Green,greener01,True,True,2012-13,VATECH,32.0,36.4,25.0,4.0,3.8,0.475,0.389,0.816
2013,47,Raul Neto,netora01,True,False,,,,,,,,,,
2013,48,Ryan Kelly,kellyry01,True,True,2012-13,DUKE,23.0,28.9,12.9,5.3,1.7,0.453,0.422,0.812
2013,49,Erik Murphy,murpher01,True,True,2012-13,FLORIDA,36.0,26.4,12.2,5.5,1.4,0.516,0.453,0.784
2013,50,James Ennis III,ennisja01,True,True,2012-13,LONGBEACH,33.0,33.1,16.5,6.7,2.1,0.491,0.357,0.834
2013,51,Romero Osby,osbyro01,True,True,2012-13,OKLAHOMA,32.0,28.5,16.0,7.0,1.3,0.526,0.529,0.794
2013,52,Lorenzo Brown,brownlo01,True,True,2012-13,NCSTATE,33.0,34.2,12.4,4.3,7.2,0.419,0.263,0.771
2013,53,Colton Iverson,iversco01,True,True,2012-13,COLORADOST,35.0,29.5,14.2,9.8,1.3,0.596,,0.59
2013,54,Arsalan Kazemi,kazemar01,True,True,2012-13,OREGON,35.0,29.0,9.4,10.0,1.4,0.595,0.0,0.675
2013,55,Joffrey Lauvergne,lauvejo01,True,False,,,,,,,,,,
2013,56,Peyton Siva,sivape01,True,True,2012-13,LOUISVILLE,40.0,31.2,10.0,2.4,5.7,0.404,0.288,0.867
2013,57,Alex Oriakhi,oriakal01,True,True,2012-13,MISSOURI,34.0,25.8,11.2,8.4,0.4,0.639,,0.746
2013,58,Deshaun Thomas,thomade01,True,True,2012-13,OHIOST,37.0,35.4,19.8,5.9,1.3,0.444,0.344,0.834
2013,59,Bojan Dubljević,dubljbo01,True,False,,,,,,,,,,
2013,60,Jānis Timma,timmaja01,True,False,,,,,,,,,,
2014,1,Andrew Wiggins,wiggian01,True,True,2013-14,KANSAS,35.0,32.8,17.1,5.9,1.5,0.448,0.341,0.775
2014,2,Jabari Parker,parkeja01,True,True,2013-14,DUKE,35.0,30.7,19.1,8.7,1.2,0.473,0.358,0.748
2014,3,Joel Embiid,embiijo01,True,True,2013-14,KANSAS,28.0,23.1,11.2,8.1,1.4,0.626,0.2,0.685
2014,4,Aaron Gordon,gordoaa01,True,True,2013-14,ARIZONA,38.0,31.2,12.4,8.0,2.0,0.495,0.356,0.422
2014,5,Danté Exum,exumda01,True,False,,,,,,,,,,
2014,6,Marcus Smart,smartma01,True,True,2013-14,OKSTATE,31.0,32.7,18.0,5.9,4.8,0.422,0.299,0.728
2014,7,Julius Randle,randlju01,True,True,2013-14,KENTUCKY,40.0,30.8,15.0,10.4,1.4,0.501,0.167,0.706
2014,8,Nik Stauskas,stausni01,True,True,2013-14,MICHIGAN,36.0,35.6,17.5,2.9,3.3,0.47,0.442,0.824
2014,9,Noah Vonleh,vonleno01,True,True,2013-14,INDIANA,30.0,26.5,11.3,9.0,0.6,0.523,0.485,0.716
2014,10,Elfrid Payton,paytoel01,True,True,2013-14,ULALA,35.0,35.9,19.2,6.0,5.9,0.509,0.259,0.609
2014,11,Doug McDermott,mcderdo01,True,True,2013-14,CREIGHTON,35.0,33.7,26.7,7.0,1.6,0.526,0.449,0.864
2014,12,Dario Šarić,saricda01,True,False,,,,,,,,,,
2014,13,Zach LaVine,lavinza01,True,True,2013-14,UCLA,37.0,24.4,9.4,2.5,1.8,0.441,0.375,0.691
2014,14,T.J. Warren,warretj01,True,True,2013-14,NCSTATE,35.0,35.4,24.9,7.1,1.1,0.525,0.267,0.69
2014,15,Adreian Payne,paynead01,True,True,2013-14,MICHIGANST,31.0,28.1,16.4,7.3,1.3,0.503,0.423,0.79
2014,16,Jusuf Nurkić,nurkiju01,True,False,,,,,,,,,,
2014,17,James Young,youngja01,True,True,2013-14,KENTUCKY,40.0,32.4,14.3,4.3,1.7,0.407,0.349,0.706
2014,18,Tyler Ennis,ennisty01,True,True,2013-14,SYRACUSE,34.0,35.7,12.9,3.4,5.5,0.411,0.353,0.765
2014,19,Gary Harris,harriga01,True,True,2013-14,MICHIGANST,35.0,32.3,16.7,4.0,2.7,0.429,0.352,0.81
2014,20,Bruno Caboclo,cabocbr01,True,False,,,,,,,,,,
2014,21,Mitch McGary,mcgarmi01,True,True,2013-14,MICHIGAN,8.0,24.8,9.5,8.3,1.5,0.545,0.0,0.667
2014,22,Jordan Adams,adamsjo01,True,True,2013-14,UCLA,36.0,30.1,17.4,5.3,2.3,0.485,0.356,0.836
2014,23,Rodney Hood,hoodro01,True,True,2013-14,DUKE,35.0,32.9,16.1,3.9,2.1,0.464,0.42,0.807
2014,24,Shabazz Napier,napiesh01,True,True,2013-14,UCONN,40.0,35.1,18.0,5.9,4.9,0.429,0.405,0.87
2014,25,Clint Capela,capelca01,True,False,,,,,,,,,,
2014,26,P.J. Hairston,hairspj02,True,True,2012-13,UNC,34.0,23.6,14.6,4.3,1.4,0.431,0.396,0.779
2014,27,Bogdan Bogdanović,bogdabo01,True,False,,,,,,,,,,
2014,28,C.J. Wilcox,wilcocj01,True,True,2013-14,WASHINGTON,32.0,34.9,18.3,3.7,2.5,0.453,0.391,0.873
2014,29,Josh Huestis,huestjo01,True,True,2013-14,STANFORD,36.0,35.2,11.2,8.2,1.2,0.451,0.338,0.627
2014,30,Kyle Anderson,anderky01,True,True,2013-14,UCLA,36.0,33.2,14.6,8.8,6.5,0.48,0.483,0.737
2014,31,Damien Inglis,inglida01,True,False,,,,,,,,,,
2014,32,K.J. McDaniels,mcdankj01,True,True,2013-14,CLEMSON,36.0,33.7,17.1,7.1,1.6,0.459,0.304,0.842
2014,33,Joe Harris,harrijo01,True,True,2013-14,VIRGINIA,37.0,28.8,12.0,2.9,2.3,0.441,0.4,0.64
2014,34,Cleanthony Early,earlycl01,True,True,2013-14,WICHITAST,36.0,27.4,16.4,5.9,0.8,0.484,0.373,0.844
2014,35,Jarnell Stokes,stokeja01,True,True,2013-14,TENNESSEE,37.0,32.4,15.1,10.6,2.0,0.531,,0.696
2014,36,Johnny O'Bryant,obryajo01,True,True,2013-14,LSU,34.0,30.0,15.4,7.7,1.6,0.494,0.333,0.634
2014,37,DeAndre Daniels,daniede01,True,True,2013-14,UCONN,38.0,29.0,13.1,6.0,0.4,0.469,0.417,0.787
2014,38,Spencer Dinwiddie,dinwisp01,True,True,2013-14,COLORADO,17.0,31.1,14.7,3.1,3.8,0.466,0.413,0.857
2014,39,Jerami Grant,grantje01,True,True,2013-14,SYRACUSE,32.0,31.4,12.1,6.8,1.4,0.496,0.0,0.674
2014,40,Glenn Robinson III,robingl02,True,True,2013-14,MICHIGAN,37.0,32.3,13.1,4.4,1.2,0.488,0.306,0.757
2014,41,Nikola Jokić,jokicni01,True,False,,,,,,,,,,
2014,42,Nick Johnson,johnsni01,True,True,2013-14,ARIZONA,38.0,33.1,16.3,4.1,2.8,0.432,0.367,0.781
2014,43,Edy Tavares,tavarwa01,True,False,,,,,,,,,,
2014,44,Markel Brown,brownma02,True,True,2013-14,OKSTATE,34.0,35.3,17.2,5.3,2.9,0.473,0.379,0.768
2014,45,Dwight Powell,poweldw01,True,True,2013-14,STANFORD,36.0,32.4,14.0,6.9,3.1,0.462,0.256,0.687
2014,46,Jordan Clarkson,clarkjo01,True,True,2013-14,MISSOURI,35.0,35.1,17.5,3.8,3.4,0.448,0.281,0.831
2014,47,Russ Smith,smithru01,True,True,2013-14,LOUISVILLE,37.0,29.3,18.2,3.3,4.6,0.468,0.387,0.705
2014,48,Lamar Patterson,pattela01,True,True,2013-14,PITT,36.0,32.6,17.1,4.9,4.3,0.441,0.388,0.754
2014,49,Cameron Bairstow,bairsca01,True,True,2013-14,NMEXICO,34.0,32.9,20.4,7.4,1.6,0.556,0.333,0.735
2014,50,Alec Brown,brownal01,True,True,2013-14,WISCGB,30.0,30.3,15.3,5.7,1.0,0.476,0.42,0.727
2014,51,Thanasis Antetokounmpo,antetth01,True,False,,,,,,,,,,
2014,52,Vasilije Micić,micicva01,True,False,,,,,,,,,,
2014,53,Alessandro Gentile,gential01,True,False,,,,,,,,,,
2014,54,Nemanja Dangubić,dangune01,True,False,,,,,,,,,,
2014,55,Semaj Christon,chrisse01,True,True,2013-14,XAVIER,34.0,35.3,17.0,2.7,4.2,0.479,0.388,0.668
2014,56,Devyn Marble,marblde01,True,True,2013-14,IOWA,33.0,30.2,17.0,3.2,3.6,0.42,0.349,0.714
2014,57,Louis Labeyrie,labeylo01,True,False,,,,,,,,,,
2014,58,Jordan McRae,mcraejo01,True,True,2013-14,TENNESSEE,37.0,32.2,18.7,3.5,2.5,0.436,0.351,0.788
2014,59,Xavier Thames,thamexa01,True,True,2013-14,SANDIEGOST,36.0,31.3,17.6,2.9,3.2,0.411,0.374,0.834
2014,60,Cory Jefferson,jeffeco01,True,True,2013-14,BAYLOR,38.0,29.0,13.7,8.2,1.0,0.5,0.368,0.64
2015,1,Karl-Anthony Towns,townska01,True,True,2014-15,KENTUCKY,39.0,21.1,10.3,6.7,1.1,0.566,0.25,0.813
2015,2,D'Angelo Russell,russeda01,True,True,2014-15,OHIOST,35.0,33.9,19.3,5.7,5.0,0.449,0.411,0.756
2015,3,Jahlil Okafor,okafoja01,True,True,2014-15,DUKE,38.0,30.1,17.3,8.5,1.3,0.664,,0.51
2015,4,Kristaps Porziņģis,porzikr01,True,False,,,,,,,,,,
2015,5,Mario Hezonja,hezonma01,True,False,,,,,,,,,,
2015,6,Willie Cauley-Stein,caulewi01,True,True,2014-15,KENTUCKY,39.0,25.9,8.9,6.4,1.0,0.572,,0.617
2015,7,Emmanuel Mudiay,mudiaem01,True,False,,,,,,,,,,
2015,8,Stanley Johnson,johnsst04,True,True,2014-15,ARIZONA,38.0,28.4,13.8,6.5,1.7,0.446,0.371,0.742
2015,9,Frank Kaminsky,kaminfr01,True,True,2014-15,WISCONSIN,39.0,33.6,18.8,8.2,2.6,0.547,0.416,0.78
2015,10,Justise Winslow,winslju01,True,True,2014-15,DUKE,39.0,29.1,12.6,6.5,2.1,0.486,0.418,0.641
2015,11,Myles Turner,turnemy01,True,True,2014-15,TEXAS,34.0,22.2,10.1,6.5,0.6,0.455,0.274,0.839
2015,12,Trey Lyles,lylestr01,True,True,2014-15,KENTUCKY,36.0,23.0,8.7,5.2,1.1,0.488,0.138,0.735
2015,13,Devin Booker,bookede01,True,True,2014-15,KENTUCKY,38.0,21.5,10.0,2.0,1.1,0.47,0.411,0.828
2015,14,Cameron Payne,payneca01,True,True,2014-15,MURRAYST,35.0,32.2,20.2,3.7,6.0,0.456,0.377,0.787
2015,15,Kelly Oubre Jr.,oubreke01,True,True,2014-15,KANSAS,36.0,21.0,9.3,5.0,0.8,0.444,0.358,0.718
2015,16,Terry Rozier,roziete01,True,True,2014-15,LOUISVILLE,36.0,35.0,17.1,5.6,3.0,0.411,0.306,0.79
2015,17,Rashad Vaughn,vaughra01,True,True,2014-15,UNLV,23.0,32.3,17.8,4.8,1.6,0.439,0.383,0.694
2015,18,Sam Dekker,dekkesa01,True,True,2014-15,WISCONSIN,40.0,31.0,13.9,5.5,1.2,0.525,0.331,0.708
2015,19,Jerian Grant,grantje02,True,True,2014-15,NOTREDAME,38.0,37.1,16.5,3.0,6.7,0.478,0.316,0.78
2015,20,Delon Wright,wrighde01,True,True,2014-15,UTAH,35.0,33.3,14.5,4.9,5.1,0.509,0.356,0.836
2015,21,Justin Anderson,anderju01,True,True,2014-15,VIRGINIA,26.0,27.8,12.2,4.0,1.7,0.466,0.452,0.78
2015,22,Bobby Portis,portibo01,True,True,2014-15,ARKANSAS,36.0,29.9,17.5,8.9,1.2,0.536,0.467,0.737
2015,23,Rondae Hollis-Jefferson,holliro01,True,True,2014-15,ARIZONA,38.0,28.7,11.2,6.8,1.6,0.502,0.207,0.707
2015,24,Tyus Jones,jonesty01,True,True,2014-15,DUKE,39.0,33.9,11.8,3.5,5.6,0.417,0.379,0.889
2015,25,Jarell Martin,martija01,True,True,2014-15,LSU,33.0,35.1,16.9,9.2,1.8,0.509,0.269,0.69
2015,26,Nikola Milutinov,milutni01,True,False,,,,,,,,,,
2015,27,Larry Nance Jr.,nancela02,True,True,2014-15,WYOMING,31.0,34.9,16.1,7.2,2.5,0.514,0.333,0.786
2015,28,R.J. Hunter,hunterj01,True,True,2014-15,GEORGIAST,35.0,37.0,19.7,4.7,3.6,0.395,0.305,0.878
2015,29,Chris McCullough,mcculch01,True,True,2014-15,SYRACUSE,16.0,28.1,9.3,6.9,1.1,0.478,1.0,0.563
2015,30,Kevon Looney,looneke01,True,True,2014-15,UCLA,36.0,30.9,11.6,9.2,1.4,0.47,0.415,0.626
2015,31,Cedi Osman,osmande01,True,False,,,,,,,,,,
2015,32,Montrezl Harrell,harremo01,True,True,2014-15,LOUISVILLE,35.0,35.1,15.7,9.2,1.4,0.566,0.243,0.597
2015,33,Jordan Mickey,mickejo01,True,True,2014-15,LSU,31.0,34.9,15.4,9.9,1.3,0.504,0.111,0.646
2015,34,Anthony Brown,brownan02,True,True,2014-15,STANFORD,37.0,35.7,14.8,6.9,2.5,0.431,0.441,0.795
2015,35,Willy Hernangómez,hernawi01,True,False,,,,,,,,,,
2015,36,Rakeem Christmas,chrisra01,True,True,2014-15,SYRACUSE,31.0,34.3,17.5,9.1,1.5,0.552,0.0,0.712
2015,37,Richaun Holmes,holmeri01,True,True,2014-15,BOWLGREEN,31.0,28.8,14.7,8.0,0.8,0.563,0.419,0.712
2015,38,Darrun Hilliard,hillida01,True,True,2014-15,VILLANOVA,35.0,28.8,14.3,3.1,2.1,0.44,0.387,0.796
2015,39,Juan Pablo Vaulet,vauleju01,True,False,,,,,,,,,,
2015,40,Josh Richardson,richajo01,True,True,2014-15,TENNESSEE,32.0,36.3,16.0,4.5,3.6,0.461,0.359,0.798
2015,41,Pat Connaughton,connapa01,True,True,2014-15,NOTREDAME,38.0,35.6,12.5,7.4,1.5,0.466,0.423,0.781
2015,42,Olivier Hanlan,hanlaol01,True,True,2014-15,BOSTONCOLL,32.0,37.6,19.5,4.2,4.2,0.454,0.353,0.759
2015,43,Joe Young,youngjo01,True,True,2014-15,OREGON,36.0,36.7,20.7,4.4,3.8,0.448,0.357,0.925
2015,44,Andrew Harrison,harrian01,True,True,2014-15,KENTUCKY,39.0,25.5,9.3,2.2,3.6,0.378,0.383,0.792
2015,45,Marcus Thornton,thornma02,True,True,2014-15,WILLMARY,33.0,36.7,20.0,2.8,2.9,0.456,0.402,0.83
2015,46,Norman Powell,powelno01,True,True,2014-15,UCLA,36.0,34.6,16.4,4.7,2.1,0.456,0.319,0.751
2015,47,Artūras Gudaitis,gudaiar01,True,False,,,,,,,,,,
2015,48,Dakari Johnson,johnsda04,True,True,2014-15,KENTUCKY,39.0,16.3,6.4,4.6,0.7,0.506,,0.625
2015,49,Aaron White,whiteaa01,True,True,2014-15,IOWA,34.0,31.5,16.4,7.3,1.4,0.521,0.356,0.819
2015,50,Marcus Eriksson,eriksma01,True,False,,,,,,,,,,
2015,51,Tyler Harvey,harvety01,True,True,2014-15,EWASHINGTN,32.0,36.9,23.1,3.6,2.6,0.469,0.431,0.852
2015,52,Satnam Singh,singhsa01,True,False,,,,,,,,,,
2015,53,Sir'Dominic Pointer,pointsi01,True,True,2014-15,STJOHNS,33.0,34.6,13.7,7.7,3.0,0.524,0.08,0.725
2015,54,Dani Díez,diezda01,True,False,,,,,,,,,,
2015,55,Cady Lalanne,lalanca01,True,True,2014-15,UMASS,32.0,29.0,11.6,9.5,0.3,0.552,0.167,0.636
2015,56,Branden Dawson,dawsobr01,True,True,2014-15,MICHIGANST,35.0,30.1,11.9,9.1,1.7,0.535,,0.49
2015,57,Nikola Radičević,radicni01,True,False,,,,,,,,,,
2015,58,J.P. Tokoto,tokotjp01,True,True,2014-15,UNC,38.0,29.1,8.3,5.6,4.3,0.428,0.375,0.615
2015,59,Dimitrios Agravanis,agravdi01,True,False,,,,,,,,,,
2015,60,Luka Mitrović,mitrolu01,True,False,,,,,,,,,,
2016,1,Ben Simmons,simmobe01,True,True,2015-16,LSU,33.0,34.9,19.2,11.8,4.8,0.56,0.333,0.67
2016,2,Brandon Ingram,ingrabr01,True,True,2015-16,DUKE,36.0,34.6,17.3,6.8,2.0,0.442,0.41,0.682
2016,3,Jaylen Brown,brownja02,True,True,2015-16,CALIFORNIA,34.0,27.6,14.6,5.4,2.0,0.431,0.294,0.654
2016,4,Dragan Bender,bendedr01,True,False,,,,,,,,,,
2016,5,Kris Dunn,dunnkr01,True,True,2015-16,PROVIDENCE,33.0,33.0,16.4,5.3,6.2,0.448,0.372,0.695
2016,6,Buddy Hield,hieldbu01,True,True,2015-16,OKLAHOMA,37.0,35.4,25.0,5.7,2.0,0.501,0.457,0.88
2016,7,Jamal Murray,murraja01,True,True,2015-16,KENTUCKY,36.0,35.2,20.0,5.2,2.2,0.454,0.408,0.783
2016,8,Marquese Chriss,chrisma01,True,True,2015-16,WASHINGTON,34.0,24.9,13.7,5.4,0.8,0.53,0.35,0.682
2016,9,Jakob Poeltl,poeltja01,True,True,2015-16,UTAH,36.0,30.4,17.2,9.1,1.9,0.646,,0.689
2016,10,Thon Maker,makerth01,True,False,,,,,,,,,,
2016,11,Domantas Sabonis,sabondo01,True,True,2015-16,GONZAGA,36.0,31.9,17.6,11.8,1.8,0.611,0.357,0.769
2016,12,Taurean Prince,princta02,True,True,2015-16,BAYLOR,34.0,30.6,15.9,6.1,2.3,0.432,0.361,0.774
2016,13,Georgios Papagiannis,papagge01,True,False,,,,,,,,,,
2016,14,Denzel Valentine,valende01,True,True,2015-16,MICHIGANST,31.0,33.0,19.2,7.5,7.8,0.462,0.444,0.853
2016,15,Juancho Hernangómez,hernaju01,True,False,,,,,,,,,,
2016,16,Guerschon Yabusele,yabusgu01,True,False,,,,,,,,,,
2016,17,Wade Baldwin,baldwwa01,True,True,2015-16,VANDY,33.0,30.4,14.1,4.0,5.2,0.427,0.406,0.799
2016,18,Henry Ellenson,ellenhe01,True,True,2015-16,MARQUETTE,33.0,33.5,17.0,9.7,1.8,0.446,0.288,0.749
2016,19,Malik Beasley,beaslma01,True,True,2015-16,FLORIDAST,34.0,29.8,15.6,5.3,1.5,0.471,0.387,0.813
2016,20,Caris LeVert,leverca01,True,True,2015-16,MICHIGAN,15.0,30.9,16.5,5.3,4.9,0.506,0.446,0.794
2016,21,DeAndre' Bembry,bembrde01,True,True,2015-16,STJOSEPHS,36.0,37.3,17.4,7.8,4.5,0.479,0.266,0.657
2016,22,Malachi Richardson,richama01,True,True,2015-16,SYRACUSE,37.0,34.4,13.4,4.3,2.1,0.369,0.353,0.72
2016,23,Ante Žižić,zizican01,True,False,,,,,,,,,,
2016,24,Timothé Luwawu-Cabarrot,luwawti01,True,False,,,,,,,,,,
2016,25,Brice Johnson,johnsbr02,True,True,2015-16,UNC,40.0,28.0,17.0,10.4,1.5,0.614,,0.783
2016,26,Furkan Korkmaz,korkmfu01,True,False,,,,,,,,,,
2016,27,Pascal Siakam,siakapa01,True,True,2015-16,NMSTATE,34.0,34.6,20.3,11.6,1.7,0.539,0.2,0.678
2016,28,Skal Labissière,labissk01,True,True,2015-16,KENTUCKY,36.0,15.8,6.6,3.1,0.3,0.516,0.0,0.661
2016,29,Dejounte Murray,murrade01,True,True,2015-16,WASHINGTON,34.0,33.5,16.1,6.0,4.4,0.416,0.288,0.663
2016,30,Damian Jones,jonesda03,True,True,2015-16,VANDY,33.0,26.2,13.9,6.9,1.2,0.59,0.0,0.536
2016,31,Deyonta Davis,davisde01,True,True,2015-16,MICHIGANST,35.0,18.6,7.5,5.5,0.7,0.598,,0.605
2016,32,Ivica Zubac,zubaciv01,True,False,,,,,,,,,,
2016,33,Cheick Diallo,diallch01,True,True,2015-16,KANSAS,27.0,7.5,3.0,2.5,0.0,0.569,,0.556
2016,34,Tyler Ulis,ulisty01,True,True,2015-16,KENTUCKY,35.0,36.8,17.3,3.0,7.0,0.434,0.344,0.856
2016,35,Rade Zagorac,zagorra01,True,False,,,,,,,,,,
2016,36,Malcolm Brogdon,brogdma01,True,True,2015-16,VIRGINIA,37.0,34.1,18.2,4.1,3.1,0.457,0.391,0.897
2016,37,Chinanu Onuaku,onuakch01,True,True,2015-16,LOUISVILLE,31.0,24.6,9.9,8.5,1.6,0.62,0.0,0.589
2016,38,Patrick McCaw,mccawpa01,True,True,2015-16,UNLV,33.0,33.7,14.7,5.1,3.9,0.465,0.366,0.774
2016,39,David Michineau,michida01,True,False,,,,,,,,,,
2016,40,Diamond Stone,stonedi01,True,True,2015-16,MARYLAND,35.0,23.1,12.5,5.4,0.4,0.568,,0.761
2016,41,Stephen Zimmerman,zimmest01,True,True,2015-16,UNLV,26.0,26.2,10.5,8.7,0.8,0.477,0.294,0.624
2016,42,Isaiah Whitehead,whiteis01,True,True,2015-16,SETONHALL,34.0,32.3,18.2,3.6,5.1,0.379,0.365,0.76
2016,43,Zhou Qi,qizh01,True,False,,,,,,,,,,
2016,44,Isaïa Cordinier,cordiis01,True,False,,,,,,,,,,
2016,45,Demetrius Jackson,jacksde01,True,True,2015-16,NOTREDAME,35.0,36.0,15.8,3.5,4.7,0.451,0.331,0.813
2016,46,A.J. Hammons,hammoaj01,True,True,2015-16,PURDUE,33.0,24.6,15.0,8.2,1.1,0.592,0.545,0.709
2016,47,Jake Layman,laymaja01,True,True,2015-16,MARYLAND,36.0,30.9,11.6,5.3,1.1,0.5,0.396,0.832
2016,48,Paul Zipser,zipsepa01,True,False,,,,,,,,,,
2016,49,Michael Gbinije,gbinimi01,True,True,2015-16,SYRACUSE,37.0,37.9,17.5,4.1,4.3,0.461,0.391,0.663
2016,50,Georges Niang,niangge01,True,True,2015-16,IOWAST,35.0,33.2,20.5,6.2,3.3,0.546,0.392,0.807
2016,51,Ben Bentil,bentibe01,True,True,2015-16,PROVIDENCE,35.0,34.2,21.1,7.7,1.1,0.462,0.329,0.782
2016,52,Joel Bolomboy,bolomjo01,True,True,2015-16,WEBERST,33.0,31.5,17.1,12.6,1.1,0.573,0.364,0.697
2016,53,Petr Cornelie,cornepe01,True,False,,,,,,,,,,
2016,54,Kay Felder,feldeka01,True,True,2015-16,OAKLAND,35.0,36.7,24.4,4.3,9.3,0.44,0.355,0.848
2016,55,Marcus Paige,paigema01,True,True,2015-16,UNC,34.0,31.6,12.6,2.5,3.8,0.398,0.356,0.774
2016,56,Daniel Hamilton,hamilda02,True,True,2015-16,UCONN,36.0,31.9,12.5,8.9,4.7,0.387,0.331,0.86
2016,57,Wang Zhelin,sheliwa01,True,False,,,,,,,,,,
2016,58,Abdel Nader,naderab01,True,True,2015-16,IOWAST,35.0,31.1,12.9,5.0,1.5,0.478,0.371,0.736
2016,59,Isaiah Cousins,cousiis01,True,True,2015-16,OKLAHOMA,37.0,33.3,12.6,4.5,4.5,0.406,0.411,0.67
2016,60,Tyrone Wallace,wallaty01,True,True,2015-16,CALIFORNIA,28.0,32.2,15.3,5.3,4.4,0.44,0.298,0.649
2017,1,Markelle Fultz,fultzma01,True,True,2016-17,WASHINGTON,25.0,35.7,23.2,5.7,5.9,0.476,0.413,0.649
2017,2,Lonzo Ball,balllo01,True,True,2016-17,UCLA,36.0,35.1,14.6,6.0,7.6,0.551,0.412,0.673
2017,3,Jayson Tatum,tatumja01,True,True,2016-17,DUKE,29.0,33.3,16.8,7.3,2.1,0.452,0.342,0.849
2017,4,Josh Jackson,jacksjo02,True,True,2016-17,KANSAS,35.0,30.8,16.3,7.4,3.0,0.513,0.378,0.566
2017,5,De'Aaron Fox,foxde01,True,True,2016-17,KENTUCKY,36.0,29.6,16.7,4.0,4.6,0.479,0.246,0.736
2017,6,Jonathan Isaac,isaacjo01,True,True,2016-17,FLORIDAST,32.0,26.2,12.0,7.8,1.2,0.508,0.348,0.78
2017,7,Lauri Markkanen,markkla01,True,True,2016-17,ARIZONA,37.0,30.8,15.6,7.2,0.9,0.492,0.423,0.835
2017,8,Frank Ntilikina,ntilila01,True,False,,,,,,,,,,
2017,9,Dennis Smith Jr.,smithde03,True,True,2016-17,NCSTATE,32.0,34.8,18.1,4.6,6.2,0.455,0.359,0.715
2017,10,Zach Collins,colliza01,True,True,2016-17,GONZAGA,39.0,17.3,10.0,5.9,0.4,0.652,0.476,0.743
2017,11,Malik Monk,monkma01,True,True,2016-17,KENTUCKY,38.0,32.1,19.8,2.5,2.3,0.45,0.397,0.822
2017,12,Luke Kennard,kennalu01,True,True,2016-17,DUKE,37.0,35.5,19.5,5.1,2.5,0.489,0.438,0.856
2017,13,Donovan Mitchell,mitchdo01,True,True,2016-17,LOUISVILLE,34.0,32.3,15.6,4.9,2.7,0.408,0.354,0.806
2017,14,Bam Adebayo,adebaba01,True,True,2016-17,KENTUCKY,38.0,30.1,13.0,8.0,0.8,0.599,,0.653
2017,15,Justin Jackson,jacksju01,True,True,2016-17,UNC,40.0,32.0,18.3,4.7,2.8,0.443,0.37,0.748
2017,16,Justin Patton,pattoju01,True,True,2016-17,CREIGHTON,35.0,25.3,12.9,6.2,1.2,0.676,0.533,0.517
2017,17,D.J. Wilson,wilsodj01,True,True,2016-17,MICHIGAN,38.0,30.4,11.0,5.3,1.3,0.538,0.373,0.833
2017,18,T.J. Leaf,leaftj01,True,True,2016-17,UCLA,35.0,29.9,16.3,8.2,2.4,0.617,0.466,0.679
2017,19,John Collins,collijo01,True,True,2016-17,WAKE,33.0,26.6,19.2,9.8,0.5,0.622,0.0,0.745
2017,20,Harry Giles,gilesha01,True,True,2016-17,DUKE,26.0,11.5,3.9,3.8,0.3,0.577,,0.5
2017,21,Terrance Ferguson,fergute01,True,False,,,,,,,,,,
2017,22,Jarrett Allen,allenja01,True,True,2016-17,TEXAS,33.0,32.2,13.4,8.4,0.8,0.566,0.0,0.564
2017,23,OG Anunoby,anunoog01,True,True,2016-17,INDIANA,16.0,25.1,11.1,5.4,1.4,0.557,0.311,0.563
2017,24,Tyler Lydon,lydonty01,True,True,2016-17,SYRACUSE,34.0,36.1,13.2,8.6,2.1,0.473,0.395,0.836
2017,25,Anžejs Pasečņiks,pasecan01,True,False,,,,,,,,,,
2017,26,Caleb Swanigan,swanica01,True,True,2016-17,PURDUE,35.0,32.5,18.5,12.5,3.1,0.527,0.447,0.781
2017,27,Kyle Kuzma,kuzmaky01,True,True,2016-17,UTAH,29.0,30.8,16.4,9.3,2.4,0.504,0.321,0.669
2017,28,Tony Bradley,bradlto01,True,True,2016-17,UNC,38.0,14.6,7.1,5.1,0.6,0.573,,0.619
2017,29,Derrick White,whitede01,True,True,2016-17,COLORADO,34.0,32.8,18.1,4.1,4.4,0.507,0.396,0.813
2017,30,Josh Hart,hartjo01,True,True,2016-17,VILLANOVA,36.0,33.1,18.7,6.4,2.9,0.51,0.404,0.747
2017,31,Frank Jackson,jacksfr01,True,True,2016-17,DUKE,36.0,24.9,10.9,2.5,1.7,0.473,0.395,0.755
2017,32,Davon Reed,reedda01,True,True,2016-17,MIAMIFL,33.0,35.3,14.9,4.8,2.4,0.433,0.397,0.833
2017,33,Wes Iwundu,iwundwe01,True,True,2016-17,KANSASST,35.0,31.4,13.0,6.3,3.5,0.481,0.376,0.767
2017,34,Frank Mason III,masonfr01,True,True,2016-17,KANSAS,36.0,36.1,20.9,4.2,5.2,0.49,0.471,0.794
2017,35,Ivan Rabb,rabbiv01,True,True,2016-17,CALIFORNIA,31.0,32.6,14.0,10.5,1.5,0.484,0.4,0.663
2017,36,Jonah Bolden,boldejo01,True,True,2015-16,UCLA,31.0,21.7,4.6,4.8,1.1,0.415,0.25,0.733
2017,37,Semi Ojeleye,ojelese01,True,True,2016-17,SMETHODIST,35.0,34.1,19.0,6.9,1.5,0.487,0.424,0.785
2017,38,Jordan Bell,belljo01,True,True,2016-17,OREGON,39.0,28.8,10.9,8.8,1.8,0.636,0.214,0.701
2017,39,Jawun Evans,evansja01,True,True,2016-17,OKSTATE,32.0,29.3,19.2,3.4,6.4,0.438,0.379,0.812
2017,40,Dwayne Bacon,bacondw01,True,True,2016-17,FLORIDAST,35.0,28.8,17.2,4.2,1.7,0.452,0.333,0.754
2017,41,Tyler Dorsey,dorsety01,True,True,2016-17,OREGON,39.0,30.0,14.6,3.5,1.7,0.467,0.423,0.755
2017,42,Thomas Bryant,bryanth01,True,True,2016-17,INDIANA,34.0,28.1,12.6,6.6,1.5,0.519,0.383,0.73
2017,43,Isaiah Hartenstein,harteis01,True,False,,,,,,,,,,
2017,44,Damyean Dotson,dotsoda01,True,True,2016-17,HOUSTON,32.0,34.3,17.4,6.9,1.1,0.47,0.443,0.83
2017,45,Dillon Brooks,brookdi01,True,True,2016-17,OREGON,35.0,25.3,16.1,3.2,2.7,0.488,0.401,0.754
2017,46,Sterling Brown,brownst02,True,True,2016-17,SMETHODIST,35.0,32.7,13.4,6.5,3.0,0.459,0.449,0.791
2017,47,Ike Anigbogu,anigbik01,True,True,2016-17,UCLA,29.0,13.0,4.7,4.0,0.2,0.564,,0.535
2017,48,Sindarius Thornwell,thornsi01,True,True,2016-17,SCAROLINA,31.0,33.9,21.4,7.1,2.8,0.444,0.392,0.83
2017,49,Vlatko Čančar,cancavl01,True,False,,,,,,,,,,
2017,50,Mathias Lessort,lessoma01,True,False,,,,,,,,,,
2017,51,Monte Morris,morrimo01,True,True,2016-17,IOWAST,35.0,35.3,16.4,4.8,6.2,0.465,0.378,0.802
2017,52,Edmond Sumner,sumneed01,True,True,2016-17,XAVIER,21.0,33.1,15.0,4.3,5.0,0.479,0.273,0.735
2017,53,Kadeem Allen,allenka01,True,True,2016-17,ARIZONA,34.0,30.0,9.8,4.0,3.0,0.453,0.427,0.741
2017,54,Alec Peters,peteral01,True,True,2016-17,VALPO,29.0,35.1,23.0,10.1,2.2,0.466,0.363,0.887
2017,55,Nigel Williams-Goss,willini01,True,True,2016-17,GONZAGA,38.0,32.8,16.8,6.0,4.7,0.486,0.368,0.867
2017,56,Jabari Bird,birdja01,True,True,2016-17,CALIFORNIA,27.0,32.0,14.3,4.7,1.0,0.44,0.365,0.764
2017,57,Sasha Vezenkov,vezenal01,True,False,,,,,,,,,,
2017,58,Ognjen Jaramaz,jaramog01,True,False,,,,,,,,,,
2017,59,Jaron Blossomgame,blossja01,True,True,2016-17,CLEMSON,33.0,34.3,17.7,6.3,1.5,0.499,0.255,0.714
2017,60,Alpha Kaba,kabaal01,True,False,,,,,,,,,,
2018,1,Deandre Ayton,aytonde01,True,True,2017-18,ARIZONA,35.0,33.5,20.1,11.6,1.6,0.612,0.343,0.733
2018,2,Marvin Bagley III,baglema01,True,True,2017-18,DUKE,33.0,33.9,21.0,11.1,1.5,0.614,0.397,0.627
2018,3,Luka Dončić,doncilu01,True,False,,,,,,,,,,
2018,4,Jaren Jackson Jr.,jacksja02,True,True,2017-18,MICHIGANST,35.0,21.8,10.9,5.8,1.1,0.513,0.396,0.797
2018,5,Trae Young,youngtr01,True,True,2017-18,OKLAHOMA,32.0,35.4,27.4,3.9,8.7,0.422,0.36,0.861
2018,6,Mo Bamba,bambamo01,True,True,2017-18,TEXAS,30.0,30.2,12.9,10.5,0.5,0.541,0.275,0.681
2018,7,Wendell Carter Jr.,cartewe01,True,True,2017-18,DUKE,37.0,26.9,13.5,9.1,2.0,0.561,0.413,0.738
2018,8,Collin Sexton,sextoco01,True,True,2017-18,ALABAMA,33.0,29.9,19.2,3.8,3.6,0.447,0.336,0.778
2018,9,Kevin Knox,knoxke01,True,True,2017-18,KENTUCKY,37.0,32.4,15.6,5.4,1.4,0.445,0.341,0.774
2018,10,Mikal Bridges,bridgmi01,True,True,2017-18,VILLANOVA,40.0,32.1,17.7,5.3,1.9,0.514,0.435,0.851
2018,11,Shai Gilgeous-Alexander,gilgesh01,True,True,2017-18,KENTUCKY,37.0,33.7,14.4,4.1,5.1,0.485,0.404,0.817
2018,12,Miles Bridges,bridgmi02,True,True,2017-18,MICHIGANST,34.0,31.4,17.1,7.0,2.7,0.457,0.364,0.853
2018,13,Jerome Robinson,robinje01,True,True,2017-18,BOSTONCOLL,35.0,36.0,20.7,3.6,3.3,0.485,0.409,0.83
2018,14,Michael Porter Jr.,portemi01,True,True,2017-18,MISSOURI,3.0,17.7,10.0,6.7,0.3,0.333,0.3,0.778
2018,15,Troy Brown Jr.,browntr01,True,True,2017-18,OREGON,35.0,31.2,11.3,6.2,3.2,0.444,0.291,0.743
2018,16,Zhaire Smith,smithzh01,True,True,2017-18,TXTECH,37.0,28.4,11.3,5.0,1.8,0.556,0.45,0.717
2018,17,Donte DiVincenzo,divindo01,True,True,2017-18,VILLANOVA,40.0,29.3,13.4,4.8,3.5,0.481,0.401,0.71
2018,18,Lonnie Walker IV,walkelo01,True,True,2017-18,MIAMIFL,32.0,27.8,11.5,2.6,1.9,0.415,0.346,0.738
2018,19,Kevin Huerter,huertke01,True,True,2017-18,MARYLAND,32.0,34.4,14.8,5.0,3.4,0.503,0.417,0.758
2018,20,Josh Okogie,okogijo01,True,True,2017-18,GATECH,24.0,36.4,18.2,6.3,2.5,0.416,0.38,0.821
2018,21,Grayson Allen,allengr01,True,True,2017-18,DUKE,37.0,35.6,15.5,3.3,4.6,0.418,0.37,0.85
2018,22,Chandler Hutchison,hutchch01,True,True,2017-18,BOISEST,31.0,31.0,20.0,7.7,3.5,0.475,0.359,0.728
2018,23,Aaron Holiday,holidaa01,True,True,2017-18,UCLA,33.0,37.7,20.3,3.7,5.8,0.461,0.429,0.828
2018,24,Anfernee Simons,simonan01,True,False,,,,,,,,,,
2018,25,Moritz Wagner,wagnemo01,True,True,2017-18,MICHIGAN,39.0,27.6,14.6,7.1,0.8,0.528,0.394,0.694
2018,26,Landry Shamet,shamela01,True,True,2017-18,WICHITAST,32.0,31.7,14.9,3.2,5.2,0.489,0.442,0.825
2018,27,Robert Williams,williro04,True,True,2017-18,TEXASAM,30.0,25.6,10.4,9.2,1.4,0.632,0.0,0.471
2018,28,Jacob Evans,evansja02,True,True,2017-18,CINCY,36.0,30.8,13.0,4.7,3.1,0.427,0.37,0.754
2018,29,Džanan Musa,musadz01,True,False,,,,,,,,,,
2018,30,Omari Spellman,spellom01,True,True,2017-18,VILLANOVA,40.0,28.1,10.9,8.0,0.8,0.476,0.433,0.7
2018,31,Elie Okobo,okoboel01,True,False,,,,,,,,,,
2018,32,Jevon Carter,carteje01,True,True,2017-18,WVIRGINIA,37.0,35.5,17.3,4.6,6.6,0.422,0.393,0.858
2018,33,Jalen Brunson,brunsja01,True,True,2017-18,VILLANOVA,40.0,31.8,18.9,3.1,4.6,0.521,0.408,0.802
2018,34,Devonte' Graham,grahade01,True,True,2017-18,KANSAS,39.0,37.8,17.3,4.0,7.2,0.4,0.406,0.827
2018,35,Melvin Frazier,frazime01,True,True,2017-18,TULANE,30.0,34.4,15.9,5.6,2.9,0.556,0.385,0.712
2018,36,Mitchell Robinson,robinmi01,True,False,,,,,,,,,,
2018,37,Gary Trent Jr.,trentga02,True,True,2017-18,DUKE,37.0,33.9,14.5,4.2,1.4,0.415,0.402,0.876
2018,38,Khyri Thomas,thomakh01,True,True,2017-18,CREIGHTON,33.0,31.7,15.1,4.4,2.8,0.538,0.411,0.788
2018,39,Isaac Bonga,bongais01,True,False,,,,,,,,,,
2018,40,Rodions Kurucs,kurucro01,True,False,,,,,,,,,,
2018,41,Jarred Vanderbilt,vandeja01,True,True,2017-18,KENTUCKY,14.0,17.0,5.9,7.9,1.0,0.426,0.0,0.632
2018,42,Bruce Brown,brownbr01,True,True,2017-18,MIAMIFL,19.0,33.7,11.4,7.1,4.0,0.415,0.267,0.629
2018,43,Justin Jackson,jacksju02,True,True,2017-18,MARYLAND,11.0,29.2,9.8,8.1,1.9,0.366,0.25,0.828
2018,44,Issuf Sanon,sanonis01,True,False,,,,,,,,,,
2018,45,Hamidou Diallo,diallha01,True,True,2017-18,KENTUCKY,37.0,24.8,10.0,3.6,1.2,0.428,0.338,0.616
2018,46,De'Anthony Melton,meltode01,True,True,2016-17,USC,36.0,27.0,8.3,4.7,3.5,0.437,0.284,0.706
2018,47,Svi Mykhailiuk,mykhasv01,True,True,2017-18,KANSAS,39.0,34.5,14.6,3.9,2.7,0.434,0.444,0.804
2018,48,Keita Bates-Diop,bateske01,True,True,2017-18,OHIOST,34.0,33.1,19.8,8.7,1.6,0.48,0.359,0.794
2018,49,Chimezie Metu,metuch01,True,True,2017-18,USC,34.0,31.0,15.7,7.4,1.6,0.523,0.3,0.73
2018,50,Alize Johnson,johnsal02,True,False,,,,,,,,,,
2018,51,Tony Carr,carrto01,True,True,2017-18,PENNST,37.0,35.4,19.6,4.9,5.0,0.408,0.433,0.799
2018,52,Vince Edwards,edwarvi01,True,True,2017-18,PURDUE,35.0,31.6,14.6,7.4,2.9,0.476,0.398,0.833
2018,53,Devon Hall,hallde01,True,True,2017-18,VIRGINIA,34.0,32.1,11.7,4.2,3.1,0.454,0.432,0.894
2018,54,Shake Milton,miltosh01,True,True,2017-18,SMETHODIST,22.0,36.4,18.0,4.7,4.4,0.449,0.434,0.847
2018,55,Arnoldas Kulboka,kulboar01,True,False,,,,,,,,,,
2018,56,Ray Spalding,spaldra01,True,True,2017-18,LOUISVILLE,36.0,27.6,12.3,8.7,1.3,0.543,0.263,0.64
2018,57,Kevin Hervey,herveke01,True,True,2017-18,UTARL,33.0,32.2,20.5,8.5,2.2,0.446,0.339,0.807
2018,58,Thomas Welsh,welshth01,True,True,2017-18,UCLA,33.0,33.2,12.6,10.8,1.4,0.485,0.402,0.828
2018,59,George King,kingge03,True,True,2017-18,COLORADO,32.0,28.5,12.9,7.8,1.1,0.445,0.395,0.782
2018,60,Kostas Antetokounmpo,antetko01,True,True,2017-18,DAYTON,29.0,15.1,5.2,2.9,0.4,0.574,0.133,0.516
2019,1,Zion Williamson,willizi01,True,True,2018-19,DUKE,33.0,30.0,22.6,8.9,2.1,0.68,0.338,0.64
2019,2,Ja Morant,moranja01,True,True,2018-19,MURRAYST,33.0,36.6,24.5,5.7,10.0,0.499,0.363,0.813
2019,3,RJ Barrett,barrerj01,True,True,2018-19,DUKE,38.0,35.3,22.6,7.6,4.3,0.454,0.308,0.665
2019,4,De'Andre Hunter,huntede01,True,True,2018-19,VIRGINIA,38.0,32.5,15.2,5.1,2.0,0.52,0.438,0.783
2019,5,Darius Garland,garlada01,True,True,2018-19,VANDY,5.0,27.8,16.2,3.8,2.6,0.537,0.478,0.75
2019,6,Jarrett Culver,culveja01,True,True,2018-19,TXTECH,38.0,32.5,18.5,6.4,3.7,0.461,0.304,0.707
2019,7,Coby White,whiteco01,True,True,2018-19,UNC,35.0,28.5,16.1,3.5,4.1,0.423,0.353,0.8
2019,8,Jaxson Hayes,hayesja02,True,True,2018-19,TEXAS,32.0,23.3,10.0,5.0,0.3,0.728,,0.74
2019,9,Rui Hachimura,hachiru01,True,True,2018-19,GONZAGA,37.0,30.2,19.7,6.5,1.5,0.591,0.417,0.739
2019,10,Cam Reddish,reddica01,True,True,2018-19,DUKE,36.0,29.7,13.5,3.7,1.9,0.356,0.333,0.772
2019,11,Cameron Johnson,johnsca02,True,True,2018-19,UNC,36.0,29.9,16.9,5.8,2.4,0.506,0.457,0.818
2019,12,P.J. Washington,washipj01,True,True,2018-19,KENTUCKY,35.0,29.3,15.2,7.5,1.8,0.522,0.423,0.663
2019,13,Tyler Herro,herroty01,True,True,2018-19,KENTUCKY,37.0,32.6,14.0,4.5,2.5,0.462,0.355,0.935
2019,14,Romeo Langford,langfro01,True,True,2018-19,INDIANA,32.0,34.1,16.5,5.4,2.3,0.448,0.272,0.722
2019,15,Sekou Doumbouya,doumbse01,True,False,,,,,,,,,,
2019,16,Chuma Okeke,okekech01,True,True,2018-19,AUBURN,38.0,29.1,12.0,6.8,1.9,0.496,0.387,0.722
2019,17,Nickeil Alexander-Walker,alexani01,True,True,2018-19,VATECH,34.0,34.3,16.2,4.1,4.0,0.474,0.374,0.778
2019,18,Goga Bitadze,bitadgo01,True,False,,,,,,,,,,
2019,19,Luka Šamanić,samanlu01,True,False,,,,,,,,,,
2019,20,Matisse Thybulle,thybuma01,True,True,2018-19,WASHINGTON,36.0,31.1,9.1,3.1,2.1,0.415,0.305,0.851
2019,21,Brandon Clarke,clarkbr01,True,True,2018-19,GONZAGA,37.0,28.1,16.9,8.6,1.9,0.687,0.267,0.694
2019,22,Grant Williams,willigr01,True,True,2018-19,TENNESSEE,37.0,31.9,18.8,7.5,3.2,0.564,0.326,0.819
2019,23,Darius Bazley,bazleda01,True,False,,,,,,,,,,
2019,24,Ty Jerome,jeromty01,True,True,2018-19,VIRGINIA,37.0,33.9,13.6,4.2,5.5,0.435,0.399,0.736
2019,25,Nassir Little,littlna01,True,True,2018-19,UNC,36.0,18.2,9.8,4.6,0.7,0.478,0.269,0.77
2019,26,Dylan Windler,windldy01,True,True,2018-19,BELMONT,33.0,33.2,21.3,10.8,2.5,0.54,0.429,0.847
2019,27,Mfiondu Kabengele,kabenmf01,True,True,2018-19,FLORIDAST,37.0,21.6,13.2,5.9,0.3,0.502,0.369,0.761
2019,28,Jordan Poole,poolejo01,True,True,2018-19,MICHIGAN,37.0,33.1,12.8,3.0,2.2,0.436,0.369,0.833
2019,29,Keldon Johnson,johnske04,True,True,2018-19,KENTUCKY,37.0,30.7,13.5,5.9,1.6,0.461,0.381,0.703
2019,30,Kevin Porter Jr.,porteke02,True,True,2018-19,USC,21.0,22.1,9.5,4.0,1.4,0.471,0.412,0.522
2019,31,Nic Claxton,claxtni01,True,True,2018-19,GEORGIA,32.0,31.6,13.0,8.6,1.8,0.46,0.281,0.641
2019,32,KZ Okpala,okpalkz01,True,True,2018-19,STANFORD,29.0,32.7,16.8,5.7,2.0,0.463,0.368,0.671
2019,33,Carsen Edwards,edwarca01,True,True,2018-19,PURDUE,36.0,35.4,24.3,3.6,2.9,0.394,0.355,0.837
2019,34,Bruno Fernando,fernabr01,True,True,2018-19,MARYLAND,34.0,30.0,13.6,10.6,2.0,0.607,0.3,0.779
2019,35,Didi Louzada,louzama01,True,False,,,,,,,,,,
2019,36,Cody Martin,martico01,True,True,2018-19,NEVADA,34.0,34.4,12.1,4.5,4.9,0.505,0.358,0.763
2019,37,Deividas Sirvydis,sirvyde01,True,False,,,,,,,,,,
2019,38,Daniel Gafford,gaffoda01,True,True,2018-19,ARKANSAS,32.0,28.7,16.9,8.7,0.7,0.66,,0.591
2019,39,Alen Smailagić,smailal01,True,False,,,,,,,,,,
2019,40,Justin James,jamesju01,True,True,2018-19,WYOMING,32.0,38.2,22.1,8.5,4.4,0.409,0.296,0.741
2019,41,Eric Paschall,pascher01,True,True,2018-19,VILLANOVA,36.0,36.1,16.5,6.1,2.1,0.447,0.348,0.746
2019,42,Admiral Schofield,schofad01,True,True,2018-19,TENNESSEE,37.0,31.8,16.5,6.1,2.0,0.474,0.418,0.698
2019,43,Jaylen Nowell,nowelja01,True,True,2018-19,WASHINGTON,36.0,34.4,16.2,5.3,3.1,0.502,0.44,0.779
2019,44,Bol Bol,bolbo01,True,True,2018-19,OREGON,9.0,29.8,21.0,9.6,1.0,0.561,0.52,0.757
2019,45,Isaiah Roby,robyis01,True,True,2018-19,NEBRASKA,35.0,31.2,11.8,6.9,1.9,0.454,0.333,0.677
2019,46,Talen Horton-Tucker,hortota01,True,True,2018-19,IOWAST,35.0,27.2,11.8,4.9,2.3,0.406,0.308,0.625
2019,47,Ignas Brazdeikis,brazdig01,True,True,2018-19,MICHIGAN,37.0,29.6,14.8,5.4,0.8,0.462,0.392,0.773
2019,48,Terance Mann,mannte01,True,True,2018-19,FLORIDAST,37.0,31.7,11.4,6.5,2.5,0.505,0.39,0.79
2019,49,Quinndary Weatherspoon,weathqu01,True,True,2018-19,MISSST,34.0,34.0,18.5,4.7,2.8,0.508,0.396,0.809
2019,50,Jarrell Brantley,brantja01,True,True,2018-19,CHARLESTON,33.0,34.0,19.4,8.4,2.4,0.517,0.328,0.785
2019,51,Tremont Waters,watertr01,True,True,2018-19,LSU,33.0,32.4,15.3,2.8,5.8,0.43,0.327,0.813
2019,52,Jalen McDaniels,mcdanja01,True,True,2018-19,SANDIEGOST,34.0,31.0,15.9,8.3,2.1,0.466,0.32,0.732
2019,53,Justin Wright-Foreman,wrighju02,True,True,2018-19,HOFSTRA,35.0,37.7,27.1,4.0,2.9,0.511,0.425,0.864
2019,54,Marial Shayok,shayoma01,True,True,2018-19,IOWAST,34.0,32.9,18.7,4.9,2.0,0.496,0.386,0.878
2019,55,Kyle Guy,guyky01,True,True,2018-19,VIRGINIA,38.0,35.4,15.4,4.5,2.1,0.449,0.426,0.833
2019,56,Jaylen Hands,handsja01,True,True,2018-19,UCLA,33.0,31.2,14.2,3.7,6.1,0.413,0.373,0.78
2019,57,Jordan Bone,bonejo01,True,True,2018-19,TENNESSEE,37.0,32.9,13.5,3.2,5.8,0.465,0.355,0.835
2019,58,Miye Oni,onimi01,True,True,2018-19,YALE,29.0,31.0,17.1,6.3,3.6,0.441,0.371,0.793
2019,59,Dewan Hernandez,hernade01,True,True,2017-18,MIAMIFL,32.0,25.8,11.4,6.7,0.4,0.576,0.0,0.689
2019,60,Vanja Marinković,marinva01,True,False,,,,,,,,,,
2020,1,Anthony Edwards,edwaran01,True,True,2019-20,GEORGIA,32.0,33.0,19.1,5.2,2.8,0.402,0.294,0.772
2020,2,James Wiseman,wisemja01,True,True,2019-20,MEMPHIS,3.0,23.0,19.7,10.7,0.3,0.769,0.0,0.704
2020,3,LaMelo Ball,ballla01,True,False,,,,,,,,,,
2020,4,Patrick Williams,willipa01,True,True,2019-20,FLORIDAST,29.0,22.5,9.2,4.0,1.0,0.459,0.32,0.838
2020,5,Isaac Okoro,okorois01,True,True,2019-20,AUBURN,28.0,31.5,12.9,4.4,2.0,0.514,0.286,0.672
2020,6,Onyeka Okongwu,okongon01,True,True,2019-20,USC,28.0,30.6,16.2,8.6,1.1,0.616,0.25,0.72
2020,7,Killian Hayes,hayeski01,True,False,,,,,,,,,,
2020,8,Obi Toppin,toppiob01,True,True,2019-20,DAYTON,31.0,31.6,20.0,7.5,2.2,0.633,0.39,0.702
2020,9,Deni Avdija,avdijde01,True,False,,,,,,,,,,
2020,10,Jalen Smith,smithja04,True,True,2019-20,MARYLAND,31.0,31.3,15.5,10.5,0.8,0.538,0.368,0.75
2020,11,Devin Vassell,vassede01,True,True,2019-20,FLORIDAST,30.0,28.8,12.7,5.1,1.6,0.49,0.415,0.738
2020,12,Tyrese Haliburton,halibty01,True,True,2019-20,IOWAST,22.0,36.7,15.2,5.9,6.5,0.504,0.419,0.822
2020,13,Kira Lewis Jr.,lewiski01,True,True,2019-20,ALABAMA,31.0,37.6,18.5,4.8,5.2,0.459,0.366,0.802
2020,14,Aaron Nesmith,nesmiaa01,True,True,2019-20,VANDY,14.0,35.7,23.0,4.9,0.9,0.512,0.522,0.825
2020,15,Cole Anthony,anthoco01,True,True,2019-20,UNC,22.0,34.9,18.5,5.7,4.0,0.38,0.348,0.75
2020,16,Isaiah Stewart,stewais01,True,True,2019-20,WASHINGTON,32.0,32.2,17.0,8.8,0.8,0.57,0.25,0.774
2020,17,Aleksej Pokusevski,pokusal01,True,False,,,,,,,,,,
2020,18,Josh Green,greenjo02,True,True,2019-20,ARIZONA,30.0,30.9,12.0,4.6,2.6,0.424,0.361,0.78
2020,19,Saddiq Bey,beysa01,True,True,2019-20,VILLANOVA,31.0,33.9,16.1,4.7,2.4,0.477,0.451,0.769
2020,20,Precious Achiuwa,achiupr01,True,True,2019-20,MEMPHIS,31.0,30.4,15.8,10.8,1.0,0.493,0.325,0.599
2020,21,Tyrese Maxey,maxeyty01,True,True,2019-20,KENTUCKY,31.0,34.5,14.0,4.3,3.2,0.427,0.292,0.833
2020,22,Zeke Nnaji,nnajize01,True,True,2019-20,ARIZONA,32.0,30.7,16.1,8.6,0.8,0.57,0.294,0.76
2020,23,Leandro Bolmaro,bolmale01,True,False,,,,,,,,,,
2020,24,R.J. Hampton,hamptrj01,True,False,,,,,,,,,,
2020,25,Immanuel Quickley,quickim01,True,True,2019-20,KENTUCKY,30.0,33.0,16.1,4.2,1.9,0.417,0.428,0.923
2020,26,Payton Pritchard,pritcpa01,True,True,2019-20,OREGON,31.0,36.6,20.5,4.3,5.5,0.468,0.415,0.821
2020,27,Udoka Azubuike,azubuud01,True,True,2019-20,KANSAS,31.0,27.7,13.7,10.5,0.9,0.748,,0.441
2020,28,Jaden McDaniels,mcdanja02,True,True,2019-20,WASHINGTON,31.0,31.1,13.0,5.8,2.1,0.405,0.339,0.763
2020,29,Malachi Flynn,flynnma01,True,True,2019-20,SANDIEGOST,32.0,33.4,17.6,4.5,5.1,0.441,0.373,0.857
2020,30,Desmond Bane,banede01,True,True,2019-20,TXCHRIST,32.0,36.0,16.6,6.3,3.9,0.452,0.442,0.789
2020,31,Tyrell Terry,terryty01,True,True,2019-20,STANFORD,31.0,32.6,14.6,4.5,3.2,0.441,0.408,0.891
2020,32,Vernon Carey Jr.,careyve01,True,True,2019-20,DUKE,31.0,24.9,17.8,8.8,1.0,0.577,0.381,0.67
2020,33,Daniel Oturu,oturuda01,True,True,2019-20,MINNESOTA,31.0,33.9,20.1,11.3,1.1,0.563,0.365,0.707
2020,34,Théo Maledon,maledth01,True,False,,,,,,,,,,
2020,35,Xavier Tillman Sr.,tillmxa01,True,True,2019-20,MICHIGANST,31.0,32.1,13.7,10.3,3.0,0.55,0.26,0.667
2020,36,Tyler Bey,beyty01,True,True,2019-20,COLORADO,31.0,29.0,13.8,9.0,1.5,0.53,0.419,0.743
2020,37,Vít Krejčí,krejcvi01,True,False,,,,,,,,,,
2020,38,Saben Lee,leesa01,True,True,2019-20,VANDY,32.0,32.9,18.6,3.5,4.2,0.483,0.322,0.752
2020,39,Elijah Hughes,hugheel01,True,True,2019-20,SYRACUSE,32.0,36.7,19.0,4.9,3.4,0.427,0.342,0.813
2020,40,Robert Woodard II,woodaro01,True,True,2019-20,MISSST,31.0,33.1,11.4,6.5,1.3,0.495,0.429,0.641
2020,41,Tre Jones,jonestr01,True,True,2019-20,DUKE,29.0,35.4,16.2,4.2,6.4,0.423,0.361,0.771
2020,42,Nick Richards,richani01,True,True,2019-20,KENTUCKY,31.0,29.6,14.0,7.8,0.2,0.642,,0.752
2020,43,Jahmi'us Ramsey,ramseja01,True,True,2019-20,TXTECH,27.0,31.2,15.0,4.0,2.2,0.442,0.426,0.641
2020,44,Marko Simonovic,simonma01,True,False,,,,,,,,,,
2020,45,Jordan Nwora,nworajo01,True,True,2019-20,LOUISVILLE,31.0,33.1,18.0,7.7,1.3,0.44,0.402,0.813
2020,46,CJ Elleby,ellebcj01,True,True,2019-20,WASHST,32.0,33.4,18.4,7.8,1.9,0.396,0.339,0.823
2020,47,Yam Madar,madarya01,True,False,,,,,,,,,,
2020,48,Nico Mannion,mannini01,True,True,2019-20,ARIZONA,32.0,32.3,14.0,2.5,5.3,0.392,0.327,0.797
2020,49,Isaiah Joe,joeis01,True,True,2019-20,ARKANSAS,26.0,36.1,16.9,4.1,1.7,0.367,0.342,0.89
2020,50,Skylar Mays,mayssk01,True,True,2019-20,LSU,31.0,34.4,16.7,5.0,3.2,0.491,0.394,0.854
2020,51,Justinian Jessup,jessuju01,True,True,2019-20,BOISEST,32.0,36.0,16.0,4.4,2.1,0.426,0.397,0.959
2020,52,KJ Martin,martike04,True,False,,,,,,,,,,
2020,53,Cassius Winston,winstca01,True,True,2019-20,MICHIGANST,30.0,32.7,18.6,2.5,5.9,0.448,0.432,0.852
2020,54,Cassius Stanley,stanlca01,True,True,2019-20,DUKE,29.0,27.4,12.6,4.9,1.0,0.474,0.36,0.733
2020,55,Jay Scrubb,scrubja01,True,False,,,,,,,,,,
2020,56,Grant Riller,rillegr01,True,True,2019-20,CHARLESTON,31.0,33.5,21.9,5.1,3.9,0.499,0.362,0.827
2020,57,Reggie Perry,perryre01,True,True,2019-20,MISSST,31.0,31.1,17.4,10.1,2.3,0.5,0.324,0.768
2020,58,Paul Reed,reedpa01,True,True,2019-20,DEPAUL,29.0,31.7,15.1,10.7,1.6,0.516,0.308,0.738
2020,59,Jalen Harris,harrija01,True,True,2019-20,NEVADA,30.0,33.0,21.7,6.5,3.9,0.446,0.362,0.823
2020,60,Sam Merrill,merrisa01,True,True,2019-20,UTAHST,32.0,35.0,19.7,4.1,3.9,0.461,0.41,0.893
